comment_id,post_id,comment_text,published_at,like_count,reply_count,author_id,author_name,title_youtube,source_query,crawled_at
UgyMTESX9O4dZitcaTx4AaABAg,XjdpRqIay6E,This was such a mess omg... I LOVE IT!,2025-10-12T19:31:05Z,413,0,UCIYHthZg_WzrPLzKJwuZhfg,@T.o.m.m.y.G,"Charli XCX & Billie Eilish - ""Guess"" (Remix) Live at Coachella 2025",Billie Eilish live performance,2026-05-02 05:30:36
Ugy9_-jwdpXl4jcR0Ol4AaABAg,XjdpRqIay6E,Billie eilish  sounds  like when  she was a kid,2025-12-04T05:19:26Z,209,0,UCsyDTly2l5J55D1KtqlQcYw,@ÌsabelleNieves-w4t,"Charli XCX & Billie Eilish - ""Guess"" (Remix) Live at Coachella 2025",Billie Eilish live performance,2026-05-02 05:30:36
Ugzvc2oEZ34lZLh6U_t4AaABAg,XjdpRqIay6E,They needed to turn Billie’s mic up more,2026-04-12T19:54:15Z,33,0,UC8H4rYLBnuwEb2SMcojaE4Q,@Lil_Avocado-Be01,"Charli XCX & Billie Eilish - ""Guess"" (Remix) Live at Coachella 2025",Billie Eilish live performance,2026-05-02 05:30:36
UgyhgAjxRgw-xZYz8zB4AaABAg,XjdpRqIay6E,Im so glad the USA got to live the British 00s house party,2025-11-18T20:15:46Z,193,7,UCevMIsjoQQyLxzNi_ledabA,@edendixon5645,"Charli XCX & Billie Eilish - ""Guess"" (Remix) Live at Coachella 2025",Billie Eilish live performance,2026-05-02 05:30:36
UgxDNxTHPyXY1QbslKZ4AaABAg,XjdpRqIay6E,Why does billie not sound like billie😭,2025-12-29T10:13:43Z,140,5,UCOJ05bkEhe3oGO_bZWQgN0A,@Mxkrantss,"Charli XCX & Billie Eilish - ""Guess"" (Remix) Live at Coachella 2025",Billie Eilish live performance,2026-05-02 05:30:36
Ugwk0xv-imk_xViaFkZ4AaABAg,XjdpRqIay6E,WATCHING IT LIVE WAS SUCH A VIBE,2026-04-21T21:37:26Z,2,0,UCZzf-6WSVvE7gCR4MMboT1Q,@sarahtrojan,"Charli XCX & Billie Eilish - ""Guess"" (Remix) Live at Coachella 2025",Billie Eilish live performance,2026-05-02 05:30:36
UgxCCb6tned_ClhPLUJ4AaABAg,XjdpRqIay6E,Still so made I didn’t stay for this 😭,2025-11-04T18:27:05Z,73,0,UCOjV4TCFdEiTWyPvyC0PxQA,@Adriana.8527,"Charli XCX & Billie Eilish - ""Guess"" (Remix) Live at Coachella 2025",Billie Eilish live performance,2026-05-02 05:30:36
UgwSiaRGCarkglnruDl4AaABAg,XjdpRqIay6E,The voice Billie chose for this she knew what she was doing ahaha,2026-04-19T18:54:29Z,6,0,UC2rj2WSwGxFlNZOcq1qHNGA,@kaylastokes618,"Charli XCX & Billie Eilish - ""Guess"" (Remix) Live at Coachella 2025",Billie Eilish live performance,2026-05-02 05:30:36
Ugwl694IBNMMPK_b7sJ4AaABAg,XjdpRqIay6E,Darn Billie and Charli should collab more,2026-03-06T00:58:04Z,22,0,UCO_RkXs_ZUKuhk1aN7GNa1Q,@Natalia-h1i5m,"Charli XCX & Billie Eilish - ""Guess"" (Remix) Live at Coachella 2025",Billie Eilish live performance,2026-05-02 05:30:36
Ugw3szjasgy2lcSH1PJ4AaABAg,XjdpRqIay6E,Billie omggg,2026-01-20T07:37:17Z,16,0,UCB5UBPLdYjJyMn2TzdKf18Q,@sturniologirl_4ever,"Charli XCX & Billie Eilish - ""Guess"" (Remix) Live at Coachella 2025",Billie Eilish live performance,2026-05-02 05:30:36
UgwkAU2vVjwoqAtnKgV4AaABAg,XjdpRqIay6E,I love it this is my favorite song period,2025-12-30T15:46:01Z,10,0,UCEtMHNNw2pzdwet3ZPnyB7A,@JordanGarcia-j1h,"Charli XCX & Billie Eilish - ""Guess"" (Remix) Live at Coachella 2025",Billie Eilish live performance,2026-05-02 05:30:36
UgxkohLe5a9b7Qrlkvp4AaABAg,XjdpRqIay6E,bad guy billie would&#39;ve blown away by this,2026-04-12T14:50:18Z,4,0,UCGF0JqwDgVSWdL4JjeoMvVQ,@Anassadiq-k7m,"Charli XCX & Billie Eilish - ""Guess"" (Remix) Live at Coachella 2025",Billie Eilish live performance,2026-05-02 05:30:36
Ugw2Q8lOkcwiHbgmyQN4AaABAg,XjdpRqIay6E,"<a href=""https://www.youtube.com/watch?v=XjdpRqIay6E&amp;t=109"">1:49</a> I CANT AHAHAHAHAHAHAA",2026-04-10T06:40:35Z,1,0,UCR9kr1Kl47zGfpAer-l3DNg,@AbdulRashid-k6l,"Charli XCX & Billie Eilish - ""Guess"" (Remix) Live at Coachella 2025",Billie Eilish live performance,2026-05-02 05:30:36
UgxMak6hGo3gx9rGMYN4AaABAg,XjdpRqIay6E,C est les filles qui ont les pouvoirs ❤❤❤❤,2025-10-27T12:21:47Z,19,0,UCC1COtRyQvcGaYUke_wU5fQ,@nicolatseric,"Charli XCX & Billie Eilish - ""Guess"" (Remix) Live at Coachella 2025",Billie Eilish live performance,2026-05-02 05:30:36
UgwKF8Mh7-EKvFR3T2t4AaABAg,XjdpRqIay6E,i remember screaming so loud w my friend that my parents were worried sick😭,2026-01-26T03:14:11Z,20,1,UCFlhuE9S9idoYjC_B5o6peA,@rozplwush,"Charli XCX & Billie Eilish - ""Guess"" (Remix) Live at Coachella 2025",Billie Eilish live performance,2026-05-02 05:30:36
Ugzmhbs6napwy3v7UBJ4AaABAg,XjdpRqIay6E,yes billie,2025-05-07T06:23:49Z,41,0,UCofJiEV7OZfPUmb9Miaj_4A,@cindyliu5778,"Charli XCX & Billie Eilish - ""Guess"" (Remix) Live at Coachella 2025",Billie Eilish live performance,2026-05-02 05:30:36
UgzdeLhHMR0nFn7uLPh4AaABAg,XjdpRqIay6E,LEGENDS!!!,2025-12-03T17:06:36Z,11,0,UCxyu375QHzqHZzBAzs8emug,@Alex-pk5ze,"Charli XCX & Billie Eilish - ""Guess"" (Remix) Live at Coachella 2025",Billie Eilish live performance,2026-05-02 05:30:36
Ugx8oMreXk-LCtjvMS14AaABAg,XjdpRqIay6E,Hollyyyyy shitttttt that&#39;s hotttttttt,2026-04-16T12:14:06Z,1,0,UC104Tr72gDyNCIr5V78yMfw,@petrahalawi,"Charli XCX & Billie Eilish - ""Guess"" (Remix) Live at Coachella 2025",Billie Eilish live performance,2026-05-02 05:30:36
UgzxDYWOdzP_ccqrOaR4AaABAg,XjdpRqIay6E,OH. MY. GOD.🥵,2026-02-13T00:23:33Z,6,0,UCgaZI94-AtMfsE-5H3twa3A,@Billiefan1812,"Charli XCX & Billie Eilish - ""Guess"" (Remix) Live at Coachella 2025",Billie Eilish live performance,2026-05-02 05:30:36
UgyDA1LDucikJJih6sN4AaABAg,XjdpRqIay6E,YEAHHH SUMMON THE PRETTY DEMON &lt;3,2025-10-01T04:16:00Z,18,0,UC6jSYRV_iterAeFr3B3gSlQ,@weldplaylist,"Charli XCX & Billie Eilish - ""Guess"" (Remix) Live at Coachella 2025",Billie Eilish live performance,2026-05-02 05:30:36
Ugx_tpVnGEEixiw8z3B4AaABAg,XjdpRqIay6E,This is sooo great ❤,2026-03-05T02:13:50Z,2,0,UCfwdI2Gc8YAjQzrYALhPqBw,@PatrykSobczak,"Charli XCX & Billie Eilish - ""Guess"" (Remix) Live at Coachella 2025",Billie Eilish live performance,2026-05-02 05:30:36
UgyTk0gQWRiqEI4-11N4AaABAg,XjdpRqIay6E,Best duo😂,2026-04-10T06:29:50Z,2,0,UC3CKvbr4OxnLSMkG1eXuPrQ,@Tortillaexplore,"Charli XCX & Billie Eilish - ""Guess"" (Remix) Live at Coachella 2025",Billie Eilish live performance,2026-05-02 05:30:36
UgweKmf6lm6swD2m83Z4AaABAg,XjdpRqIay6E,Ayyy its like a party,2026-03-03T10:40:38Z,2,0,UCVlvwpnrwjcCW-d8sk1QFGA,@SeharM19,"Charli XCX & Billie Eilish - ""Guess"" (Remix) Live at Coachella 2025",Billie Eilish live performance,2026-05-02 05:30:36
UgzjuI9kudecp3bEKXt4AaABAg,XjdpRqIay6E,좋네요 ㅎ,2026-02-18T02:10:13Z,2,0,UC4Ioc2qA6-kHJriGKNToKLw,@코스모스-u4l6c,"Charli XCX & Billie Eilish - ""Guess"" (Remix) Live at Coachella 2025",Billie Eilish live performance,2026-05-02 05:30:36
Ugxvd7qawDyuAZjps8h4AaABAg,XjdpRqIay6E,Why are these singers so rich when they can&#39;t even handle do one live performance?,2026-04-01T02:58:12Z,5,0,UCyYDG4Rgzo0GcIVfNijfvFQ,@LuizOctáviodeSanctis,"Charli XCX & Billie Eilish - ""Guess"" (Remix) Live at Coachella 2025",Billie Eilish live performance,2026-05-02 05:30:36
UgzNeKyTzQlEDTHkvvh4AaABAg,XjdpRqIay6E,🥰🥰🥰🥰😍,2026-01-20T14:44:23Z,4,0,UCLikqs4pMBvEAhcfA0W9zVg,@idely894,"Charli XCX & Billie Eilish - ""Guess"" (Remix) Live at Coachella 2025",Billie Eilish live performance,2026-05-02 05:30:36
UgzyBS3BjwZpMur-Crd4AaABAg,XjdpRqIay6E,J&#39;adore ❤❤❤🎉🎉🎉,2025-10-27T12:20:05Z,7,0,UCC1COtRyQvcGaYUke_wU5fQ,@nicolatseric,"Charli XCX & Billie Eilish - ""Guess"" (Remix) Live at Coachella 2025",Billie Eilish live performance,2026-05-02 05:30:36
Ugww33mxa7WMVOfDe3V4AaABAg,XjdpRqIay6E,Yes,2026-01-25T15:10:55Z,2,0,UCTMux02RoTSgTAfY5Ioe0Mw,@Youssefblink4,"Charli XCX & Billie Eilish - ""Guess"" (Remix) Live at Coachella 2025",Billie Eilish live performance,2026-05-02 05:30:36
UgxoqZWbVhs4H4agqZN4AaABAg,XjdpRqIay6E,님 행복 하세요 ㅎ,2026-02-17T02:55:32Z,2,0,UC4Ioc2qA6-kHJriGKNToKLw,@코스모스-u4l6c,"Charli XCX & Billie Eilish - ""Guess"" (Remix) Live at Coachella 2025",Billie Eilish live performance,2026-05-02 05:30:36
UgyPlRIvfr2kO2m1bD54AaABAg,XjdpRqIay6E,Yassssss 😍,2025-10-17T04:15:36Z,3,0,UCKWipIB--Z5bApdxs9t7ftQ,@Diegosresendez,"Charli XCX & Billie Eilish - ""Guess"" (Remix) Live at Coachella 2025",Billie Eilish live performance,2026-05-02 05:30:36
Ugxz8wG0yithvcngVW94AaABAg,XjdpRqIay6E,Hey KIT are you there?,2026-03-20T18:00:23Z,2,0,UCvZxImo66kkib58frGQ8-Fg,@Orlando407100,"Charli XCX & Billie Eilish - ""Guess"" (Remix) Live at Coachella 2025",Billie Eilish live performance,2026-05-02 05:30:36
UgzwbNN1_YC7JSXj4Zl4AaABAg,XjdpRqIay6E,😢,2025-12-04T05:19:34Z,2,0,UCsyDTly2l5J55D1KtqlQcYw,@ÌsabelleNieves-w4t,"Charli XCX & Billie Eilish - ""Guess"" (Remix) Live at Coachella 2025",Billie Eilish live performance,2026-05-02 05:30:36
Ugz_9JEMtfFq0I02Vmp4AaABAg,XjdpRqIay6E,님 성공하세요 ㅎ,2025-12-22T11:50:51Z,3,0,UC4Ioc2qA6-kHJriGKNToKLw,@코스모스-u4l6c,"Charli XCX & Billie Eilish - ""Guess"" (Remix) Live at Coachella 2025",Billie Eilish live performance,2026-05-02 05:30:36
UgzlovV6hWBRznpS7rR4AaABAg,XjdpRqIay6E,I think Billie was like having allergies bc she sounds a lil sick,2026-04-12T19:55:21Z,2,1,UC8H4rYLBnuwEb2SMcojaE4Q,@Lil_Avocado-Be01,"Charli XCX & Billie Eilish - ""Guess"" (Remix) Live at Coachella 2025",Billie Eilish live performance,2026-05-02 05:30:36
Ugx55g5Iwfp-H0m0jld4AaABAg,XjdpRqIay6E,No cause fr… bi panic,2025-12-11T21:06:48Z,3,0,UCfkc3Xt0gD-O3KkbmBCUESw,@niahunt19,"Charli XCX & Billie Eilish - ""Guess"" (Remix) Live at Coachella 2025",Billie Eilish live performance,2026-05-02 05:30:36
UgylQ9kMXIAek-VrogZ4AaABAg,XjdpRqIay6E,where is the full show?? 😭😭,2026-01-08T18:44:48Z,6,2,UCXfWSQ4YbAE79ynvlIL3U9Q,@da_avi,"Charli XCX & Billie Eilish - ""Guess"" (Remix) Live at Coachella 2025",Billie Eilish live performance,2026-05-02 05:30:36
UgzAlma_QRT5ruE6Y_14AaABAg,XjdpRqIay6E,Pero porque no cantan,2025-06-22T22:33:58Z,24,0,UC0guDfHvPwZNbSQEDlT7-BQ,@MarcoVeraS-q6g,"Charli XCX & Billie Eilish - ""Guess"" (Remix) Live at Coachella 2025",Billie Eilish live performance,2026-05-02 05:30:36
Ugw9sVRMQUPBmTGIGc54AaABAg,XjdpRqIay6E,Damn Billie ate and charli🥹🥹,2025-12-12T04:17:49Z,4,2,UC-TtwTZsygvZKMgliR0Y-Dw,@kweenie101,"Charli XCX & Billie Eilish - ""Guess"" (Remix) Live at Coachella 2025",Billie Eilish live performance,2026-05-02 05:30:36
UgzMXHwfRSKXXQF0gpl4AaABAg,XjdpRqIay6E,"Some idiot is gonna go and say, &quot;Wow! This has to be one of the GREATEST performances EVER!!!!&quot;",2026-02-14T18:05:42Z,6,4,UCNAV06ix5guA63aDcKDKIlw,@sphinx855,"Charli XCX & Billie Eilish - ""Guess"" (Remix) Live at Coachella 2025",Billie Eilish live performance,2026-05-02 05:30:36
UgzAfiDU5_-ed8RfPKZ4AaABAg,XjdpRqIay6E,No Really,2026-03-08T20:51:29Z,1,0,UCLQAtdZsHqUTXoSaT-udT4Q,@CHUDW269,"Charli XCX & Billie Eilish - ""Guess"" (Remix) Live at Coachella 2025",Billie Eilish live performance,2026-05-02 05:30:36
UgzEfKQR_6XKT79yQlp4AaABAg,XjdpRqIay6E,Charlie can’t even sing it loud and my god you can’t hear Billie cause she is whispering it. That’s why these songs don’t work live,2025-05-01T21:04:41Z,99,4,UClhG1Siw04iTyK_MtunBtrw,@francisbroadmeadows6575,"Charli XCX & Billie Eilish - ""Guess"" (Remix) Live at Coachella 2025",Billie Eilish live performance,2026-05-02 05:30:36
UgyF1A7dyOGfOgh-UmF4AaABAg,XjdpRqIay6E,a mess,2026-05-02T03:52:36Z,0,0,UC6plECsy8TUBK7JfwVxagaA,@MrLatthawat,"Charli XCX & Billie Eilish - ""Guess"" (Remix) Live at Coachella 2025",Billie Eilish live performance,2026-05-02 05:30:36
UgwipRY9PQdo0HkbkrB4AaABAg,XjdpRqIay6E,oh billie the flop you are❤❤,2026-01-15T03:09:53Z,3,0,UCwjHSegFRfF9qeAXwt1KaJg,@fetaa69,"Charli XCX & Billie Eilish - ""Guess"" (Remix) Live at Coachella 2025",Billie Eilish live performance,2026-05-02 05:30:36
Ugx8AbaefPdS5Wk7NI14AaABAg,XjdpRqIay6E,So basically Charli makes people pay to go listen to the CD?,2026-02-23T20:26:27Z,1,0,UCjhPe-LUpZqIx8DS4ZmP7sg,@joefersanhaddad,"Charli XCX & Billie Eilish - ""Guess"" (Remix) Live at Coachella 2025",Billie Eilish live performance,2026-05-02 05:30:36
UgzmiPBf5nlXXOdPBLV4AaABAg,XjdpRqIay6E,I bet Billy is wearing XL male boxer shorts lmfao,2026-02-01T23:42:35Z,5,0,UCZwPgVpKAyYOYOQojwxZX8Q,@danielharrington5690,"Charli XCX & Billie Eilish - ""Guess"" (Remix) Live at Coachella 2025",Billie Eilish live performance,2026-05-02 05:30:36
UgxynVZtO3MpRitdxBN4AaABAg,XjdpRqIay6E,"That was wack, one for the sack.",2025-05-02T20:20:00Z,15,0,UCAEiqIHc4hFjRFbDNxKEjaw,@KrisNolanotts,"Charli XCX & Billie Eilish - ""Guess"" (Remix) Live at Coachella 2025",Billie Eilish live performance,2026-05-02 05:30:36
Ugz9I14YOhdzodDDxQ54AaABAg,XjdpRqIay6E,Doesnt make any sense 😂 Is this artistry? Music? my gosh... All you can hear are loud beats haha😂,2025-12-13T12:45:06Z,7,1,UCuWytLiHENhMJWlpcisA7pg,@hrronel,"Charli XCX & Billie Eilish - ""Guess"" (Remix) Live at Coachella 2025",Billie Eilish live performance,2026-05-02 05:30:36
Ugx_ja7hW9wDgCh10vp4AaABAg,XjdpRqIay6E,Wow they really cant sing live,2025-12-27T08:41:37Z,5,7,UCmbGpeAf5vY3FDR5jKaGiTQ,@immiky,"Charli XCX & Billie Eilish - ""Guess"" (Remix) Live at Coachella 2025",Billie Eilish live performance,2026-05-02 05:30:36
UgxZ-s00d7kaM4dDc-94AaABAg,XjdpRqIay6E,Terrible performance but song  🔥,2026-02-23T15:43:51Z,1,0,UCkpFUXyTVSBAjCSCk4iMlYw,@berry6467,"Charli XCX & Billie Eilish - ""Guess"" (Remix) Live at Coachella 2025",Billie Eilish live performance,2026-05-02 05:30:36
UgySmgNdEEjw7l7Wn1N4AaABAg,XjdpRqIay6E,Pathetic,2026-03-11T14:55:28Z,1,0,UCHU0d6L92tOQIhJrQmqMX-w,@WadaDada2025,"Charli XCX & Billie Eilish - ""Guess"" (Remix) Live at Coachella 2025",Billie Eilish live performance,2026-05-02 05:30:36
UgxuJY_FZGXveKj1mdl4AaABAg,XjdpRqIay6E,님 행복 하세요 ㅎ,2026-03-22T06:40:15Z,1,0,UC4Ioc2qA6-kHJriGKNToKLw,@코스모스-u4l6c,"Charli XCX & Billie Eilish - ""Guess"" (Remix) Live at Coachella 2025",Billie Eilish live performance,2026-05-02 05:30:36
UgyhzVLq_PUj-DT8CjZ4AaABAg,XjdpRqIay6E,님 성공하세요 ㅎ,2025-12-28T03:16:01Z,1,0,UC4Ioc2qA6-kHJriGKNToKLw,@코스모스-u4l6c,"Charli XCX & Billie Eilish - ""Guess"" (Remix) Live at Coachella 2025",Billie Eilish live performance,2026-05-02 05:30:36
UgyRzD9CMMf3PGsEjWJ4AaABAg,XjdpRqIay6E,님 성공하세요 ㅎ,2026-01-09T06:42:35Z,1,0,UC4Ioc2qA6-kHJriGKNToKLw,@코스모스-u4l6c,"Charli XCX & Billie Eilish - ""Guess"" (Remix) Live at Coachella 2025",Billie Eilish live performance,2026-05-02 05:30:36
UgxVHyJKsGd0k85W1u54AaABAg,XjdpRqIay6E,님 성공하세요 ㅎ,2026-03-08T10:00:49Z,1,0,UC4Ioc2qA6-kHJriGKNToKLw,@코스모스-u4l6c,"Charli XCX & Billie Eilish - ""Guess"" (Remix) Live at Coachella 2025",Billie Eilish live performance,2026-05-02 05:30:36
UgxDuyrWIHUnq87lPG54AaABAg,XjdpRqIay6E,님 성공하세요 ㅎ,2026-04-04T05:55:16Z,1,0,UC4Ioc2qA6-kHJriGKNToKLw,@코스모스-u4l6c,"Charli XCX & Billie Eilish - ""Guess"" (Remix) Live at Coachella 2025",Billie Eilish live performance,2026-05-02 05:30:36
UgzBzk4PphygkWNED154AaABAg,XjdpRqIay6E,님 성공하세요 ㅎ,2026-04-04T11:24:37Z,1,0,UC4Ioc2qA6-kHJriGKNToKLw,@코스모스-u4l6c,"Charli XCX & Billie Eilish - ""Guess"" (Remix) Live at Coachella 2025",Billie Eilish live performance,2026-05-02 05:30:36
UgzBQKXg2YXAjY3uRQt4AaABAg,UPeEeGHydWs,"Jeez they&#39;re good. 4 years ago when my son told me I must check her out - I blew him off for months... and then I finally broke down. And I&#39;ve been a stan every since. I&#39;m old - almost 60, and right now she&#39;s my favorite artist (or should I say duo?). She blows my mind every time I hear her live. Rock on Billie &amp; Finneas!",2024-12-18T04:05:45Z,1284,16,UCkMBmxp29W109-oMxlzmMqg,@gregroyse,"Billie Eilish — ""L'AMOUR DE MA VIE"" (Live Performance) | Apple Music 2024 Artist of the Year",Billie Eilish live performance,2026-05-02 05:30:38
Ugz3bNLoLhH_RKpcded4AaABAg,UPeEeGHydWs,"Even sick, she sounds phenomenal. Vocal lessons was the best thing she could&#39;ve done. She unlocked so much range and potential with her voice. The growth is beautiful and I love how finneas watches her sing. Be just looks like the proudest big brother. I can feel that energy even more after listening to his song family feud",2024-12-18T05:24:09Z,1185,3,UC0RENsKNfy-4nlO62-_2QWg,@itsjustus.itsjustlove,"Billie Eilish — ""L'AMOUR DE MA VIE"" (Live Performance) | Apple Music 2024 Artist of the Year",Billie Eilish live performance,2026-05-02 05:30:38
UgxsC0ddb641Nfm7mc54AaABAg,UPeEeGHydWs,"something about her forgetting lyrics/messing up is like refreshing, to see that even with all these talents, she&#39;s only human just like the rest of us. she&#39;s so cute and always handles that kinda situation well on the rare occasion that it happens",2024-12-20T03:32:01Z,283,0,UCXPccsKmfhAapk0VtWWipBg,@dani_rose4,"Billie Eilish — ""L'AMOUR DE MA VIE"" (Live Performance) | Apple Music 2024 Artist of the Year",Billie Eilish live performance,2026-05-02 05:30:38
UgzzJjvgiWNN7FxKnBx4AaABAg,UPeEeGHydWs,Finneas his falsetto blending with billie is so so so soothing,2024-12-19T06:46:22Z,228,1,UCXIekcS9GChVNUgZGNQ4RoA,@LeonnPont,"Billie Eilish — ""L'AMOUR DE MA VIE"" (Live Performance) | Apple Music 2024 Artist of the Year",Billie Eilish live performance,2026-05-02 05:30:38
UgysHIxxrK_c5DUK7J94AaABAg,UPeEeGHydWs,the way finneas looks at her with so much brotherly love is so heartwarming. my two fave people ever,2024-12-18T10:58:51Z,683,4,UC3L-jBdHZ3SvMpW3ZgdqHBA,@flic003,"Billie Eilish — ""L'AMOUR DE MA VIE"" (Live Performance) | Apple Music 2024 Artist of the Year",Billie Eilish live performance,2026-05-02 05:30:38
Ugy1mvLy64Q-yI7ktpN4AaABAg,UPeEeGHydWs,Incredible artist this girl! And props to her brother too. They’ve been pretty consistent these years and she’s not even 25 years old.,2024-12-18T03:06:12Z,491,1,UC0Lkn7xY3iQvaFpcC9ZDBKA,@carluyabut1461,"Billie Eilish — ""L'AMOUR DE MA VIE"" (Live Performance) | Apple Music 2024 Artist of the Year",Billie Eilish live performance,2026-05-02 05:30:38
UgwFqGgv4cnjWGLZyzd4AaABAg,UPeEeGHydWs,"but… <b>FINNEAS continues to play the acoustic guitar</b> i need to confess 😅 <br>Billie doesn’t usually forget her lyrics, but when she does, she always recovers from it quickly.",2024-12-18T03:19:03Z,227,4,UCwJwWS8ATsurwl4g0cDJp4w,@thejoevisuals,"Billie Eilish — ""L'AMOUR DE MA VIE"" (Live Performance) | Apple Music 2024 Artist of the Year",Billie Eilish live performance,2026-05-02 05:30:38
UgzMecQ4CUmTPPoQf9d4AaABAg,UPeEeGHydWs,“I need to confess. I told you a lieeeeeeee. I said- youuuuuu. Were the love of my life”💚,2024-12-18T03:16:38Z,137,0,UCq9rnFBKuTOxsH9AyHgEKSw,@CharlieBowers-d2i,"Billie Eilish — ""L'AMOUR DE MA VIE"" (Live Performance) | Apple Music 2024 Artist of the Year",Billie Eilish live performance,2026-05-02 05:30:38
UgyKFJ8ObLZ38gg5ubx4AaABAg,UPeEeGHydWs,“ but….i need to confess 😂”,2024-12-18T03:37:50Z,257,1,UCuK9vHtxd1j-lXmf6lrgGNw,@Naya-wk5po,"Billie Eilish — ""L'AMOUR DE MA VIE"" (Live Performance) | Apple Music 2024 Artist of the Year",Billie Eilish live performance,2026-05-02 05:30:38
UgxWewBu8hV9qlMPsMV4AaABAg,UPeEeGHydWs,Happy birrthday Billieeeee❤,2024-12-18T03:22:43Z,556,9,UC6xF68ABB8XxZeVoszz1aZg,@moonlytdelirik,"Billie Eilish — ""L'AMOUR DE MA VIE"" (Live Performance) | Apple Music 2024 Artist of the Year",Billie Eilish live performance,2026-05-02 05:30:38
UgzbsfmgOW-AVEk5A2p4AaABAg,UPeEeGHydWs,her voice sounds like HEAVEN,2024-12-18T03:49:29Z,210,1,UCMBOV4HLjBHQA22db35yeFw,@noseholekibi,"Billie Eilish — ""L'AMOUR DE MA VIE"" (Live Performance) | Apple Music 2024 Artist of the Year",Billie Eilish live performance,2026-05-02 05:30:38
UgyM3fJARb6AaM_v0-t4AaABAg,UPeEeGHydWs,Her voice is always angelic and surprising,2026-05-02T03:42:15Z,0,0,UCdFHh3gef-QhrmSdxmpG1mA,@lianenoella4112,"Billie Eilish — ""L'AMOUR DE MA VIE"" (Live Performance) | Apple Music 2024 Artist of the Year",Billie Eilish live performance,2026-05-02 05:30:38
UgwgU8F4WpZqpjmlhyB4AaABAg,UPeEeGHydWs,The fact that her voice is tired but still hits those notes is mind-blowing. Congrats 👏 👏 👏,2024-12-18T03:43:04Z,113,0,UCCuXjh2QAwEGX9wUbhWd80Q,@kristogaudin4056,"Billie Eilish — ""L'AMOUR DE MA VIE"" (Live Performance) | Apple Music 2024 Artist of the Year",Billie Eilish live performance,2026-05-02 05:30:38
UgwYJYHXaEUDFIXrSZt4AaABAg,UPeEeGHydWs,"<a href=""https://www.youtube.com/watch?v=UPeEeGHydWs&amp;t=103"">1:43</a> how is she so adorable forgetting the lyrics😭😭😭😭",2024-12-18T09:08:41Z,276,3,UC3Nmbro4cqnhk5EeKTEGc9w,@elusivelation,"Billie Eilish — ""L'AMOUR DE MA VIE"" (Live Performance) | Apple Music 2024 Artist of the Year",Billie Eilish live performance,2026-05-02 05:30:38
UgyTmnVkczOG5SWPKqZ4AaABAg,UPeEeGHydWs,"i will never get over how perfectly suited her voice is for the style of singing she does in l&#39;amour, it&#39;s so satisfying. this girl was 100% born to sing, and i get excited to hear her sing every time&lt;3",2024-12-20T03:29:53Z,127,1,UCXPccsKmfhAapk0VtWWipBg,@dani_rose4,"Billie Eilish — ""L'AMOUR DE MA VIE"" (Live Performance) | Apple Music 2024 Artist of the Year",Billie Eilish live performance,2026-05-02 05:30:38
UgyjL6OeGXxwyDx5l7F4AaABAg,UPeEeGHydWs,"<a href=""https://www.youtube.com/watch?v=UPeEeGHydWs&amp;t=91"">1:31</a> Okay But nobody talks about the bom bom bom 😮‍💨😮‍💨,But what beauty my eyes hear",2024-12-18T04:04:59Z,245,5,UCuzUQd5HlhBw7EVlDpsS7qA,@Twins_robloxx,"Billie Eilish — ""L'AMOUR DE MA VIE"" (Live Performance) | Apple Music 2024 Artist of the Year",Billie Eilish live performance,2026-05-02 05:30:38
UgzNDnz2wPWbgDikqOB4AaABAg,UPeEeGHydWs,THEIR VOICES OMG🙏🏻,2024-12-18T03:05:14Z,130,1,UCjmMYw8fYhA-YKqqozLgfBw,@jademax777,"Billie Eilish — ""L'AMOUR DE MA VIE"" (Live Performance) | Apple Music 2024 Artist of the Year",Billie Eilish live performance,2026-05-02 05:30:38
UgycD9_X0WSWREl2Xfd4AaABAg,UPeEeGHydWs,"<a href=""https://www.youtube.com/watch?v=UPeEeGHydWs&amp;t=139"">2:19</a> Finneas vocals🔥",2024-12-18T22:06:10Z,56,0,UCAsfmq0mmuWl5Bmnv1Y41Bw,@Okwhateverloll,"Billie Eilish — ""L'AMOUR DE MA VIE"" (Live Performance) | Apple Music 2024 Artist of the Year",Billie Eilish live performance,2026-05-02 05:30:38
Ugzm_0BEJjBc8cp553x4AaABAg,UPeEeGHydWs,"paroles<br>I wish you the best for the rest of your life<br>Felt sorry for you when I looked in your eyes<br>But I need to confess, I told you a lie<br>I said you<br>You were the love of my life<br>The love of my life<br>Did I break your heart?<br>Did I waste your time?<br>I tried to be there for you<br>Then you tried to break mine<br>It isn&#39;t asking for a lot for an apology<br>For making me feel like it&#39;d kill you if I tried to leave<br>You said you&#39;d never fall in love again because of me<br>Then you moved on immediately (bum, bum, bum)<br>But I wish you the best for the rest of your life<br>Felt sorry for you when I looked in your eyes<br>But I need to confess, I told you a lie (told you a lie)<br>When I said you (I said you)<br>You were the love of my life<br>The love of my life<br>So you found her, now go fall in love (go fall in love)<br>Just like we were if I ever was (if I ever was)<br>It&#39;s not my fault, I did what I could (did what I could)<br>You made it so hard like I knew you would<br>Thought I was depressed or losing my mind<br>My stomach upset almost all of the time<br>But after I left, it was obvious why (oh), mm<br>Because for you, you<br>I was the love of your life, mm<br>But you were not mine (but you were not mine)",2024-12-18T04:36:02Z,28,0,UCtBHpz5oesvTxLdoy-MVvWA,@lola24567,"Billie Eilish — ""L'AMOUR DE MA VIE"" (Live Performance) | Apple Music 2024 Artist of the Year",Billie Eilish live performance,2026-05-02 05:30:38
UgyyMVMIlkhHAKFx-yV4AaABAg,UPeEeGHydWs,"<a href=""https://www.youtube.com/watch?v=UPeEeGHydWs&amp;t=35"">0:35</a> is Finny actually playing this high melody line while strumming at the same time? That&#39;s  some top notch stuff..",2024-12-20T08:14:53Z,85,2,UCJtq4xDjqZJFS7WobKZ2zdA,@David.Ephraim,"Billie Eilish — ""L'AMOUR DE MA VIE"" (Live Performance) | Apple Music 2024 Artist of the Year",Billie Eilish live performance,2026-05-02 05:30:38
Ugz4wKTflnV0-rUScMt4AaABAg,UPeEeGHydWs,"Happy Birthday, each like of this comment represents the love we FANS feel for you, we love you forever…",2024-12-18T04:21:32Z,8,0,UC5OvQD9tG0YuCaX2YkGEqzw,@FELCHIOR,"Billie Eilish — ""L'AMOUR DE MA VIE"" (Live Performance) | Apple Music 2024 Artist of the Year",Billie Eilish live performance,2026-05-02 05:30:38
Ugye5xlA90_oAGwWetV4AaABAg,UPeEeGHydWs,"<a href=""https://www.youtube.com/watch?v=UPeEeGHydWs&amp;t=64"">1:04</a> her eyes are sooooo blue OMG ✨🔥",2024-12-18T11:24:25Z,64,2,UC_yZC0s2G8geI-BkNo-fdZw,@Mojjourney,"Billie Eilish — ""L'AMOUR DE MA VIE"" (Live Performance) | Apple Music 2024 Artist of the Year",Billie Eilish live performance,2026-05-02 05:30:38
UgytFeTcSgm2mrss3lZ4AaABAg,UPeEeGHydWs,Beautiful voice billie...,2026-05-02T02:11:44Z,0,0,UCvvTjHTcxbLIRa_cEjhT0gA,@linnasepti,"Billie Eilish — ""L'AMOUR DE MA VIE"" (Live Performance) | Apple Music 2024 Artist of the Year",Billie Eilish live performance,2026-05-02 05:30:38
UgydYxp_qg6-OE7mhw54AaABAg,UPeEeGHydWs,"I love that l’amour de ma vie always makes the cut for the live performances even tho it’s not technically a single, it’s my fav from this album ☺️☺️💙",2024-12-18T22:33:03Z,37,0,UCAmtyhy8BXh2tZobsD_v8vA,@oliviaarose1234,"Billie Eilish — ""L'AMOUR DE MA VIE"" (Live Performance) | Apple Music 2024 Artist of the Year",Billie Eilish live performance,2026-05-02 05:30:38
Ugwe2ogAwJ0MHhbgCtN4AaABAg,UPeEeGHydWs,"Her voice is really something else, it&#39;s so clear and she seems like she has complete control over it at all times. Absolutely amazing",2024-12-18T08:42:10Z,32,0,UCSYlcfCMGvyNTbM5uQPsOvA,@pixelated8482,"Billie Eilish — ""L'AMOUR DE MA VIE"" (Live Performance) | Apple Music 2024 Artist of the Year",Billie Eilish live performance,2026-05-02 05:30:38
UgwoasxNQ-9nhgk-r_94AaABAg,UPeEeGHydWs,INCREDIBLE! billie you are so talented!! HAPPY BIRTHDAY!!! ❤❤,2024-12-18T03:28:09Z,42,0,UCIMYt4JTygpSEb0IjTjxTcw,@Geegee899,"Billie Eilish — ""L'AMOUR DE MA VIE"" (Live Performance) | Apple Music 2024 Artist of the Year",Billie Eilish live performance,2026-05-02 05:30:38
UgxXEOnejuX26_zSgpl4AaABAg,UPeEeGHydWs,The singer people will talk about for generations to come.,2025-09-14T22:46:21Z,2,0,UCOoK1CubF4ZhDYAlsf3-rCw,@violetvanillz,"Billie Eilish — ""L'AMOUR DE MA VIE"" (Live Performance) | Apple Music 2024 Artist of the Year",Billie Eilish live performance,2026-05-02 05:30:38
UgygHxXY1tqdWxXrGHR4AaABAg,UPeEeGHydWs,"I’ll never get tired of her VOICEEE!! So beautiful!! <br>Finneas and Billie , yall are amazing ❤️‍🔥!!",2024-12-18T03:08:55Z,30,0,UCT4zTFRCHhk69g7580xQdhQ,@jasminmontesss,"Billie Eilish — ""L'AMOUR DE MA VIE"" (Live Performance) | Apple Music 2024 Artist of the Year",Billie Eilish live performance,2026-05-02 05:30:38
UgzCjQvaWxsMgRm7tVV4AaABAg,UPeEeGHydWs,vocalist of this generation,2024-12-20T01:01:37Z,4,0,UCzAa2dAfpl4NX3YPkqNSOgg,@lelunesait,"Billie Eilish — ""L'AMOUR DE MA VIE"" (Live Performance) | Apple Music 2024 Artist of the Year",Billie Eilish live performance,2026-05-02 05:30:38
UgxVV06NYBQPT7ltI8Z4AaABAg,UPeEeGHydWs,"<a href=""https://www.youtube.com/watch?v=UPeEeGHydWs&amp;t=199"">3:19</a> &quot;but you were no mine&quot;GIRLLLLLLLL",2024-12-18T16:31:54Z,48,0,UCqnA5R6LXAkemK0b1oUhnAw,@LOL-zu3rf,"Billie Eilish — ""L'AMOUR DE MA VIE"" (Live Performance) | Apple Music 2024 Artist of the Year",Billie Eilish live performance,2026-05-02 05:30:38
Ugxf-NF7baqAXrzRTJ54AaABAg,UPeEeGHydWs,HAPPY BIRTHDAY BILLIEEEEE,2024-12-18T06:12:25Z,4,0,UCLGdMM2Ivaoaf6gbuX7hOBw,@Naelle504,"Billie Eilish — ""L'AMOUR DE MA VIE"" (Live Performance) | Apple Music 2024 Artist of the Year",Billie Eilish live performance,2026-05-02 05:30:38
Ugw6yjLxNini5rX0Kph4AaABAg,UPeEeGHydWs,I just adore Finneas adlibs....UGHHHH LOVE THESE TWOOOO,2025-04-01T01:54:11Z,13,0,UClCcEC-Sf5W4IRHE3TlV1Hg,@navysblue,"Billie Eilish — ""L'AMOUR DE MA VIE"" (Live Performance) | Apple Music 2024 Artist of the Year",Billie Eilish live performance,2026-05-02 05:30:38
Ugxz84BxE8axobQSjn94AaABAg,UPeEeGHydWs,HAPPY BIRTHDAY BILLIE!!,2024-12-18T04:07:08Z,24,0,UCKqQeNmDuQLVF0W-BJv2w9g,@Yen_Drawss,"Billie Eilish — ""L'AMOUR DE MA VIE"" (Live Performance) | Apple Music 2024 Artist of the Year",Billie Eilish live performance,2026-05-02 05:30:38
UgwV4Dgp7zSj2Y2D2PV4AaABAg,UPeEeGHydWs,HAPPY BIRTHDAY BILLIE,2024-12-18T12:52:56Z,3,0,UC0BEOfupzVHSSCkpYqcax4Q,@p3rfectpair,"Billie Eilish — ""L'AMOUR DE MA VIE"" (Live Performance) | Apple Music 2024 Artist of the Year",Billie Eilish live performance,2026-05-02 05:30:38
UgzBHXz0EyiC6RluxWR4AaABAg,UPeEeGHydWs,Best thing Apple has done in years,2025-04-15T01:41:06Z,5,0,UCF0bgUzrMiXa9bxALlvPQLw,@filipmarkovic369,"Billie Eilish — ""L'AMOUR DE MA VIE"" (Live Performance) | Apple Music 2024 Artist of the Year",Billie Eilish live performance,2026-05-02 05:30:38
UgxlAUmKtWXG5a6Jpkd4AaABAg,UPeEeGHydWs,HAPPY 23 BIRTHDAY BILLIE!!!!,2024-12-18T04:43:47Z,21,0,UCYV1phluALBpkIa7Tsy2GeA,@yuveill_,"Billie Eilish — ""L'AMOUR DE MA VIE"" (Live Performance) | Apple Music 2024 Artist of the Year",Billie Eilish live performance,2026-05-02 05:30:38
UgwpiZkHgwtL8QqwglB4AaABAg,UPeEeGHydWs,"L&#39;AMOUR DE MA VIE<br>Billie Eilish<br><br>I wish you the best for the rest of your life<br>Felt sorry for you when I looked in your eyes<br>But I need to confess, I told you a lie<br>I said you, you were the love of my life<br>The love of my life<br><br>Did I break your heart?<br>Did I waste your time?<br>I tried to be there for you<br>Then you tried to break mine<br><br>It isn&#39;t asking for a lot for an apology<br>For making me feel like it&#39;d kill you if I tried to leave<br>You said you&#39;d never fall in love again because of me<br>Then you moved on immediately<br>(Bum-bum-bum)<br>But I wish you the best for the rest of your life<br>Felt sorry for you when I looked in your eyes<br>But I need to confess (confess), I told you a lie (I told you a lie)<br>When I said you (when I said you, ooh), you (ooh) were the love of my life<br>The love of my life<br><br>So you found her, now go fall in love (now go fall in love)<br>Just like we were if I ever was (if I ever was)<br>It&#39;s not my fault (no), I did what I could (I did what I could)<br>You made it so hard, like I knew you would<br><br>Thought I was depressed or losing my mind<br>My stomach upset, almost all of the time<br>But after I left, it was obvious why (why, oh), mm<br>Because for you, you, I was the love of your life, mm<br>But you were not mine<br><br>It isn&#39;t asking for a lot for an apology<br>For making me feel like it&#39;d kill you if I tried to leave<br>You said you&#39;d never fall in love again because of me<br>Then you moved on, then you moved on<br>Then you moved on, then you moved on<br>Then you moved on, then you moved on<br><br>Ooh, you wanted to keep it<br>Like something you found<br>Till you didn&#39;t need it<br>But you should&#39;ve seen it<br>The way it went down<br>You wouldn&#39;t believe it<br>Wanna know what I told her<br>With her hand on my shoulder?<br>You were so mediocre<br>And we&#39;re so glad it&#39;s over now<br>It&#39;s over now<br>It&#39;s over now<br>It&#39;s over now<br><br>Camera, caught on camera<br>The girls on camera<br>Your girl&#39;s a fan of<br>Miss me<br>Say you miss me<br>It&#39;s such a pity<br>We&#39;re both so pretty",2025-06-23T17:58:23Z,5,0,UCqnhxA3-VM1CnOYUns3dX3w,@luanaxavier3496,"Billie Eilish — ""L'AMOUR DE MA VIE"" (Live Performance) | Apple Music 2024 Artist of the Year",Billie Eilish live performance,2026-05-02 05:30:38
UgyBQ_gqMtWSLGQ0ygZ4AaABAg,UPeEeGHydWs,"<a href=""https://www.youtube.com/watch?v=UPeEeGHydWs&amp;t=102"">1:42</a> LOL she almost forgot. What an unbelievable recovery !",2025-01-31T15:37:15Z,13,0,UCKSz2e__ifB10tOTnlmQuuQ,@corybourrier9722,"Billie Eilish — ""L'AMOUR DE MA VIE"" (Live Performance) | Apple Music 2024 Artist of the Year",Billie Eilish live performance,2026-05-02 05:30:38
UgwniH68TfYAKjqerrF4AaABAg,UPeEeGHydWs,Her voice and face is so angelic. I can listen to her ALL DAY.,2024-12-20T19:47:15Z,14,0,UCKLKk-fnEedIQV7M444XsHQ,@vanillaespresso8055,"Billie Eilish — ""L'AMOUR DE MA VIE"" (Live Performance) | Apple Music 2024 Artist of the Year",Billie Eilish live performance,2026-05-02 05:30:38
UgzUkWkOU3LjfOHH_Ap4AaABAg,UPeEeGHydWs,Finneas really hitting those high harmonies!!,2025-03-15T03:21:12Z,6,0,UCt5e-x2cZyspyNZKwx_kUIw,@mrwassef,"Billie Eilish — ""L'AMOUR DE MA VIE"" (Live Performance) | Apple Music 2024 Artist of the Year",Billie Eilish live performance,2026-05-02 05:30:38
UgycmovQH3IdsdfHQvB4AaABAg,UPeEeGHydWs,"Thought I was depressed or losing my mind<br>My stomach upset almost all of the time<br>But after I left, it was obvious why<br><br>This hit so hard",2025-03-10T03:55:48Z,10,0,UCXkjQryr7yKdxmQByqXkwVQ,@tashareign6879,"Billie Eilish — ""L'AMOUR DE MA VIE"" (Live Performance) | Apple Music 2024 Artist of the Year",Billie Eilish live performance,2026-05-02 05:30:38
UgwNuba_QFoCC5aopsV4AaABAg,UPeEeGHydWs,AH BILLIE I&#39;M OBSESSED,2025-11-09T12:29:31Z,2,0,UCh--n187lH3Mp16HvYRkIpg,@reginagitaprimadani9539,"Billie Eilish — ""L'AMOUR DE MA VIE"" (Live Performance) | Apple Music 2024 Artist of the Year",Billie Eilish live performance,2026-05-02 05:30:38
UgxZbTbmfw3pHJvOPep4AaABAg,UPeEeGHydWs,"‏‪<a href=""https://www.youtube.com/watch?v=UPeEeGHydWs&amp;t=177"">2:57</a>‬‏ My favorite part ✨💙",2024-12-18T21:03:14Z,14,0,UCZumPpmmAEn4uFnQPO6QDmQ,@zh_tk,"Billie Eilish — ""L'AMOUR DE MA VIE"" (Live Performance) | Apple Music 2024 Artist of the Year",Billie Eilish live performance,2026-05-02 05:30:38
UgyEwK7_SEVXjKU-IW54AaABAg,UPeEeGHydWs,literal goosebumps.,2025-12-13T16:17:04Z,2,0,UC9JLQMRzjS8SDphEJY4d1rw,@loup2548,"Billie Eilish — ""L'AMOUR DE MA VIE"" (Live Performance) | Apple Music 2024 Artist of the Year",Billie Eilish live performance,2026-05-02 05:30:38
UgyVwIuJwxdes8pN2dl4AaABAg,UPeEeGHydWs,Finneas 🧡🧡🧡,2025-02-10T00:35:00Z,2,0,UCRaCpoPXR2zEUjmNn1Aublg,@florenciazarinarodriguez6684,"Billie Eilish — ""L'AMOUR DE MA VIE"" (Live Performance) | Apple Music 2024 Artist of the Year",Billie Eilish live performance,2026-05-02 05:30:38
UgzaL4Y9wfNmPnY0Eil4AaABAg,UPeEeGHydWs,"When those first harmonies came in I couldn&#39;t believe there wasn&#39;t some girls standing in a corner singing with them. The fact they can do all this with just two voices, they are so amazing together",2025-03-15T10:11:35Z,8,0,UCbxmOPdo6pAN3vzolxBOP9w,@Mozzarella-and-Tomato,"Billie Eilish — ""L'AMOUR DE MA VIE"" (Live Performance) | Apple Music 2024 Artist of the Year",Billie Eilish live performance,2026-05-02 05:30:38
Ugw_A3oIb109DaVHtux4AaABAg,UPeEeGHydWs,"One of my favorites off the album, so incredible!! The vocals on her and Finneas as well as together is so intense!",2024-12-30T06:57:27Z,16,0,UCMFzlk6bJEz8pqhhMOrW_WA,@insufferablepoet,"Billie Eilish — ""L'AMOUR DE MA VIE"" (Live Performance) | Apple Music 2024 Artist of the Year",Billie Eilish live performance,2026-05-02 05:30:38
Ugy_2WOMPcOQRwJJa0x4AaABAg,UPeEeGHydWs,she sounds so good,2024-12-18T03:11:53Z,13,0,UCMCilVKw1VAiHvVqnYeIDIg,@jhennaaaaa,"Billie Eilish — ""L'AMOUR DE MA VIE"" (Live Performance) | Apple Music 2024 Artist of the Year",Billie Eilish live performance,2026-05-02 05:30:38
Ugxjq6Vtt9iqiEG-FwZ4AaABAg,UPeEeGHydWs,"<a href=""https://www.youtube.com/watch?v=UPeEeGHydWs&amp;t=139"">2:19</a> Finneas vocals",2026-04-05T16:02:09Z,2,0,UC89nMyERSRpvcT2t4Z4VqGg,@Haydendunlap-i5u,"Billie Eilish — ""L'AMOUR DE MA VIE"" (Live Performance) | Apple Music 2024 Artist of the Year",Billie Eilish live performance,2026-05-02 05:30:38
UgwSO07WLTsqjOzFcxx4AaABAg,UPeEeGHydWs,Happy birthday my warrior 🥹🫶🎂,2024-12-18T19:12:50Z,3,0,UC2ByY6vn38gF4WinsHLkLjA,@brancad5,"Billie Eilish — ""L'AMOUR DE MA VIE"" (Live Performance) | Apple Music 2024 Artist of the Year",Billie Eilish live performance,2026-05-02 05:30:38
UgypGRNtJHy6lewULVp4AaABAg,UPeEeGHydWs,her voice is so great in different music stylers OSHWIEH,2024-12-18T14:12:48Z,5,0,UCANHuzBU1cKEOMKT7O6jzuQ,@EllieWillamsGirl,"Billie Eilish — ""L'AMOUR DE MA VIE"" (Live Performance) | Apple Music 2024 Artist of the Year",Billie Eilish live performance,2026-05-02 05:30:38
Ugxc6ewq8MXbGR6vvIJ4AaABAg,UPeEeGHydWs,"<a href=""https://www.youtube.com/watch?v=UPeEeGHydWs&amp;t=151"">2:31</a> 🥴🥴🥴😍",2025-01-12T21:03:09Z,4,0,UC8PxkNRtPSrVW7l4W39vO3w,@danielrojasvasquez4486,"Billie Eilish — ""L'AMOUR DE MA VIE"" (Live Performance) | Apple Music 2024 Artist of the Year",Billie Eilish live performance,2026-05-02 05:30:38
UgwZuI8fIvdO6tH8ka54AaABAg,UPeEeGHydWs,Talent better win at the Grammy’s,2025-02-02T06:07:12Z,2,0,UCa1Y2MH-XAz2zcWIl9APX1A,@ShannonKMilkyWay,"Billie Eilish — ""L'AMOUR DE MA VIE"" (Live Performance) | Apple Music 2024 Artist of the Year",Billie Eilish live performance,2026-05-02 05:30:38
Ugzp0m8eI8pHDPTfFVZ4AaABAg,UPeEeGHydWs,I will watch every live performance of this album everytime I see one appear...so good,2024-12-18T18:46:44Z,12,0,UC8lx72yOyY2YiBEdbF64Rbg,@ErikaErdely,"Billie Eilish — ""L'AMOUR DE MA VIE"" (Live Performance) | Apple Music 2024 Artist of the Year",Billie Eilish live performance,2026-05-02 05:30:38
Ugy1ea20iolw1DQIi7V4AaABAg,UPeEeGHydWs,23 took a lifetime,2024-12-18T04:31:51Z,1,0,UCwN3Aa5a9C0t9xFL0w1Tk-A,@gerbacias,"Billie Eilish — ""L'AMOUR DE MA VIE"" (Live Performance) | Apple Music 2024 Artist of the Year",Billie Eilish live performance,2026-05-02 05:30:38
UgxBLYl8-ckqbKBHocd4AaABAg,UPeEeGHydWs,THE Bom bom bom ❤❤❤ is heaven🥰,2024-12-18T16:43:18Z,13,0,UCltIRKDpRt08tu4VNtp0M_Q,@talamascafilms,"Billie Eilish — ""L'AMOUR DE MA VIE"" (Live Performance) | Apple Music 2024 Artist of the Year",Billie Eilish live performance,2026-05-02 05:30:38
Ugx3bCb7meQZ_di1U254AaABAg,UPeEeGHydWs,The lowkey versions of her songs are insane. I love the fact that we can get time to appreciate her vocals. Man her vocals ! Every note is gorgeous !,2025-03-15T16:53:48Z,6,0,UCIaRN3oBzuqCcCmecLpyo1g,@VirginieVMouth,"Billie Eilish — ""L'AMOUR DE MA VIE"" (Live Performance) | Apple Music 2024 Artist of the Year",Billie Eilish live performance,2026-05-02 05:30:38
UgzwVF5D2tVl6OCHgaJ4AaABAg,UPeEeGHydWs,they are full of pure talent jesus christ 😭,2024-12-18T03:09:25Z,8,0,UCjmMYw8fYhA-YKqqozLgfBw,@jademax777,"Billie Eilish — ""L'AMOUR DE MA VIE"" (Live Performance) | Apple Music 2024 Artist of the Year",Billie Eilish live performance,2026-05-02 05:30:38
UgwfAmZfLUbXeasbn_14AaABAg,UPeEeGHydWs,comment of appreciation for finneas too because he is an absolute legend&lt;3,2024-12-20T03:33:30Z,5,0,UCXPccsKmfhAapk0VtWWipBg,@dani_rose4,"Billie Eilish — ""L'AMOUR DE MA VIE"" (Live Performance) | Apple Music 2024 Artist of the Year",Billie Eilish live performance,2026-05-02 05:30:38
UgyXGNF8U9RrnpVQkMB4AaABAg,UPeEeGHydWs,L’amour de ma vie ❤️,2024-12-18T03:06:55Z,10,0,UCzCIuEblmqSxIIkcxuycqhw,@maylinepelletier,"Billie Eilish — ""L'AMOUR DE MA VIE"" (Live Performance) | Apple Music 2024 Artist of the Year",Billie Eilish live performance,2026-05-02 05:30:38
UgyP-QNHM7Pk2KfNcml4AaABAg,UPeEeGHydWs,🖤,2025-02-28T11:21:52Z,1,0,UCJwEzkpi-W6YRCKZ81dKoRg,@pjlapiningroamer,"Billie Eilish — ""L'AMOUR DE MA VIE"" (Live Performance) | Apple Music 2024 Artist of the Year",Billie Eilish live performance,2026-05-02 05:30:38
UgymPu7cVBmPggNv4v54AaABAg,UPeEeGHydWs,THEIR VOICES BLEND TOGETHER SO WELL BTW HBD BILLIE,2024-12-18T12:14:32Z,11,0,UCqdmaZNdn8XhA4R6yXJ-1dg,@yabadabadoo81011,"Billie Eilish — ""L'AMOUR DE MA VIE"" (Live Performance) | Apple Music 2024 Artist of the Year",Billie Eilish live performance,2026-05-02 05:30:38
UgzwcFepkKnf8OJW0fh4AaABAg,UPeEeGHydWs,The way how Finneas watches billie..❤,2024-12-24T14:32:28Z,1,0,UCWA7FRONh_mw5jf4kUqo0sQ,@UlianaGolshtein,"Billie Eilish — ""L'AMOUR DE MA VIE"" (Live Performance) | Apple Music 2024 Artist of the Year",Billie Eilish live performance,2026-05-02 05:30:38
UgxCINXhczGj8Td0xVl4AaABAg,UPeEeGHydWs,"❤️‍🔥❤️‍🔥SHE&#39;S NOT ONLY THE ARTIST OF THE YEAR, BUT ALSO THE ARTIST AND VOICE OF THIS GENERATION❤️‍🔥❤️‍🔥",2024-12-18T03:18:52Z,4,0,UCvYrKDwaYsKgZ3hrdP728ng,@lininha_cajaiba,"Billie Eilish — ""L'AMOUR DE MA VIE"" (Live Performance) | Apple Music 2024 Artist of the Year",Billie Eilish live performance,2026-05-02 05:30:38
UgyKW7Bu5svgT3FQ5XB4AaABAg,UPeEeGHydWs,真好聽😊,2024-12-20T00:18:42Z,3,0,UCduczT7uTItOgY-gfrhBYaQ,@50hu,"Billie Eilish — ""L'AMOUR DE MA VIE"" (Live Performance) | Apple Music 2024 Artist of the Year",Billie Eilish live performance,2026-05-02 05:30:38
UgwbHyMMzaSPPZhAzTh4AaABAg,UPeEeGHydWs,"Like 2 hours of this video Youtube hid it from me, I love that when he makes a mistake he laughs and continues ❤️❤️",2024-12-18T05:13:01Z,7,0,UClI82ht2P3R2jOc5tt6QnQQ,@Sasukeuchiha-ur6bn,"Billie Eilish — ""L'AMOUR DE MA VIE"" (Live Performance) | Apple Music 2024 Artist of the Year",Billie Eilish live performance,2026-05-02 05:30:38
UgwRNouJ3VHbAV8hVap4AaABAg,UPeEeGHydWs,Love her voice,2026-02-13T05:56:42Z,1,0,UCHtAefoVvOcaqLteNVz1aFg,@sharifahnoor331,"Billie Eilish — ""L'AMOUR DE MA VIE"" (Live Performance) | Apple Music 2024 Artist of the Year",Billie Eilish live performance,2026-05-02 05:30:38
UgziklfXSLTSSRa4uFd4AaABAg,UPeEeGHydWs,💙💙💙💙💙💙🎶,2024-12-18T17:38:11Z,2,0,UCsPVhm6Eyb7Ne48XclEhxfw,@Nat-nose,"Billie Eilish — ""L'AMOUR DE MA VIE"" (Live Performance) | Apple Music 2024 Artist of the Year",Billie Eilish live performance,2026-05-02 05:30:38
UgwxgDT_XjoCha_rsG54AaABAg,UPeEeGHydWs,"I thought I was the love of your life, I even said forever everytime, now I walked away from your life, I&#39;m sorry I said I will be there for you forever but then u tried to break my heart and I couldn&#39;t stay. I wish you the best for the rest of your life. Take care.",2025-01-23T11:59:06Z,2,0,UCcxXLrOfg_0_rXnqW3WDgmg,@MariaMartinez-xy8zd,"Billie Eilish — ""L'AMOUR DE MA VIE"" (Live Performance) | Apple Music 2024 Artist of the Year",Billie Eilish live performance,2026-05-02 05:30:38
Ugx43rLZXPr_rm6fAW14AaABAg,UPeEeGHydWs,"I heard this song 1000 times it is on repeat, that is the best song ever!",2025-08-13T22:59:58Z,2,0,UCStbCyVH1xOc_EImTPDtyOw,@nietzschesmuse,"Billie Eilish — ""L'AMOUR DE MA VIE"" (Live Performance) | Apple Music 2024 Artist of the Year",Billie Eilish live performance,2026-05-02 05:30:38
UgyVmeh_lBqYnDRtB6t4AaABAg,UPeEeGHydWs,"I love Finn&#39;s backup vocals sooo muchh. Its so angeliccc. The way he sings it sound like he&#39;s singing LFILFTN + Claudia + another song of his, i cant pinpoint",2024-12-19T06:28:02Z,6,0,UCzNQpkR8kTA6n1JfkNmnZKA,@i3xotiiczt,"Billie Eilish — ""L'AMOUR DE MA VIE"" (Live Performance) | Apple Music 2024 Artist of the Year",Billie Eilish live performance,2026-05-02 05:30:38
Ugx19lHa1dlmKjD7AzN4AaABAg,UPeEeGHydWs,"best artists of our generation!!! <br>billie&#39;s voice get better along the year. so special living as the same time of them.<br><br>btw, happy birthday, billie!!! look how far u came at just 23 years old.<br>soooo proud. ❤❤❤❤",2024-12-18T15:43:18Z,14,1,UCp29UmYgHHhlgbK8C-Hp0Sg,@MarinaStuartMarques,"Billie Eilish — ""L'AMOUR DE MA VIE"" (Live Performance) | Apple Music 2024 Artist of the Year",Billie Eilish live performance,2026-05-02 05:30:38
Ugz5mRclrxVLbOFK2ml4AaABAg,UPeEeGHydWs,Iconic,2026-01-07T20:54:31Z,1,0,UCLKrer-EbO9nT7h2kko9Cjw,@ye2e,"Billie Eilish — ""L'AMOUR DE MA VIE"" (Live Performance) | Apple Music 2024 Artist of the Year",Billie Eilish live performance,2026-05-02 05:30:38
UgwnyKdhQpfMGSH9yvN4AaABAg,UPeEeGHydWs,Couple minutes and she’s 23❤,2024-12-18T04:52:54Z,1,0,UCnFd2HBqG11huI7OWtk-bkQ,@CRYST4L._MOONZ,"Billie Eilish — ""L'AMOUR DE MA VIE"" (Live Performance) | Apple Music 2024 Artist of the Year",Billie Eilish live performance,2026-05-02 05:30:38
UgxRjxKXFGWkNBPs7Dp4AaABAg,UPeEeGHydWs,That voice ... what a woman ! So beautiful and full of talent !,2025-08-22T09:10:15Z,1,0,UC0C-WOvno44TyRjX0_a1ykw,@sandrinepauleau371,"Billie Eilish — ""L'AMOUR DE MA VIE"" (Live Performance) | Apple Music 2024 Artist of the Year",Billie Eilish live performance,2026-05-02 05:30:38
Ugyb-791s2pUME_0E9V4AaABAg,UPeEeGHydWs,HAPPY BIRTHDAY BIBI❤,2024-12-18T13:19:09Z,4,0,UCKabg_E0ieq47P2KaLkhMOQ,@LucasEilish,"Billie Eilish — ""L'AMOUR DE MA VIE"" (Live Performance) | Apple Music 2024 Artist of the Year",Billie Eilish live performance,2026-05-02 05:30:38
UgxTF63RUXQNUM8-qm94AaABAg,UPeEeGHydWs,❤❤❤❤❤ HER ❤❤❤❤❤,2025-11-10T05:21:12Z,1,0,UCE8G21IrGLbR_-H5308yUpA,@sandyo.6034,"Billie Eilish — ""L'AMOUR DE MA VIE"" (Live Performance) | Apple Music 2024 Artist of the Year",Billie Eilish live performance,2026-05-02 05:30:38
Ugxaui_tS7oiYVptkIV4AaABAg,UPeEeGHydWs,This is the Best Finneas has Ever sound on stage woth Billie... Wow. Im actually impressed by his improvements! 👏🏾,2024-12-18T03:51:04Z,13,0,UC03MXj8d0mce8HVg0S55Lzg,@ree3197,"Billie Eilish — ""L'AMOUR DE MA VIE"" (Live Performance) | Apple Music 2024 Artist of the Year",Billie Eilish live performance,2026-05-02 05:30:38
UgxaFesaq0yi6sFj1i54AaABAg,UPeEeGHydWs,"Pam, pam, pam 🎹 🎹 🎹",2025-05-29T01:57:08Z,1,0,UCBuskOZoEN3YfTQ8ywNzWuA,@SaoryRamos-u3w,"Billie Eilish — ""L'AMOUR DE MA VIE"" (Live Performance) | Apple Music 2024 Artist of the Year",Billie Eilish live performance,2026-05-02 05:30:38
UgyCRTd7KyK2tOpbMJJ4AaABAg,UPeEeGHydWs,this after my finals hits,2024-12-18T15:21:22Z,1,0,UCF23nNrG43eq_iUxyX9udKg,@omarhout838,"Billie Eilish — ""L'AMOUR DE MA VIE"" (Live Performance) | Apple Music 2024 Artist of the Year",Billie Eilish live performance,2026-05-02 05:30:38
UgymlfGvRiN8s5A8opB4AaABAg,UPeEeGHydWs,"This girl is the artist of the century by far. Grateful to be a temporary to you, Billie",2024-12-18T15:34:00Z,3,0,UC4xUJ1U5zMsCKox47UaKZtw,@fefeeee1790,"Billie Eilish — ""L'AMOUR DE MA VIE"" (Live Performance) | Apple Music 2024 Artist of the Year",Billie Eilish live performance,2026-05-02 05:30:38
UgxeGic7BXOiZXnF5_R4AaABAg,UPeEeGHydWs,The song sounds even better live😍🫶🤩,2024-12-19T18:25:56Z,3,0,UCwRdkCD3GqUgMc5pvKo3rUQ,@Mel-d7m1h,"Billie Eilish — ""L'AMOUR DE MA VIE"" (Live Performance) | Apple Music 2024 Artist of the Year",Billie Eilish live performance,2026-05-02 05:30:38
UgzwlMBdeoYtnIrLdwp4AaABAg,UPeEeGHydWs,Her outfit was giving in this performance and her voice is phenomenal!,2025-02-16T04:55:51Z,4,0,UCDklBMDKzlU_0zlA-k7p_xA,@cyberblazefire,"Billie Eilish — ""L'AMOUR DE MA VIE"" (Live Performance) | Apple Music 2024 Artist of the Year",Billie Eilish live performance,2026-05-02 05:30:38
UgwSm8J6a16hzJm9TX54AaABAg,UPeEeGHydWs,"&quot;Just Like we were, If I ever was&quot; MAN",2025-05-23T21:41:43Z,0,0,UCjMf8ce00CQmIMaQwibzdZA,@samirkalil.odonto,"Billie Eilish — ""L'AMOUR DE MA VIE"" (Live Performance) | Apple Music 2024 Artist of the Year",Billie Eilish live performance,2026-05-02 05:30:38
UgzBF7L1OLKtBh1c1uB4AaABAg,UPeEeGHydWs,girl was story telling while singing! Love it!!,2025-01-08T07:23:29Z,1,0,UCK3DU8hnGohwyphvc76Uyyg,@muhammadshamsul468,"Billie Eilish — ""L'AMOUR DE MA VIE"" (Live Performance) | Apple Music 2024 Artist of the Year",Billie Eilish live performance,2026-05-02 05:30:38
UgwqKzRpRYm7-OI6gMR4AaABAg,UPeEeGHydWs,🔥🔥🔥,2024-12-21T06:14:51Z,1,0,UC84WcRYPx1u-LQDMCOPUWwQ,@seanelliot22,"Billie Eilish — ""L'AMOUR DE MA VIE"" (Live Performance) | Apple Music 2024 Artist of the Year",Billie Eilish live performance,2026-05-02 05:30:38
UgxJ2JSCDFJ5Qp8FZLh4AaABAg,UPeEeGHydWs,What a heck of a voice!! 😊,2024-12-18T03:23:58Z,6,0,UCf11lLIs7jbCsaw_YQEYKmA,@LZee-g4k,"Billie Eilish — ""L'AMOUR DE MA VIE"" (Live Performance) | Apple Music 2024 Artist of the Year",Billie Eilish live performance,2026-05-02 05:30:38
UgwqWPanKr91zKEqH8p4AaABAg,UPeEeGHydWs,they should do a jazz album %100,2024-12-18T04:59:40Z,1,0,UCUAm1P3w3xq0pnyfFXTp99g,@edanuruky28,"Billie Eilish — ""L'AMOUR DE MA VIE"" (Live Performance) | Apple Music 2024 Artist of the Year",Billie Eilish live performance,2026-05-02 05:30:38
UgyaHGs6dtMYJ1JUfGB4AaABAg,UPeEeGHydWs,Es magnétuca!! Su forma de cantar es única!!,2025-03-29T04:57:24Z,1,0,UC04aioPZIXr4TYmVmlvnf0Q,@AdrianaGotlib,"Billie Eilish — ""L'AMOUR DE MA VIE"" (Live Performance) | Apple Music 2024 Artist of the Year",Billie Eilish live performance,2026-05-02 05:30:38
Ugx6FxvJZ0ELICf10IB4AaABAg,UPeEeGHydWs,I LOVE YOU BILLIE,2024-12-18T03:05:56Z,3,0,UCnXVgriIHwKsEbe5dGxH8rQ,@FlorenciaTello-s8o,"Billie Eilish — ""L'AMOUR DE MA VIE"" (Live Performance) | Apple Music 2024 Artist of the Year",Billie Eilish live performance,2026-05-02 05:30:38
Ugx2dPSrBQT1OsYPoMl4AaABAg,UPeEeGHydWs,"She&#39;s a Genius and Best Artist of Our Time, the Queen Pop Industry",2025-01-06T01:50:31Z,7,1,UCCkczgktMWnugUNPVOsVCRw,@cesarmerodio8436,"Billie Eilish — ""L'AMOUR DE MA VIE"" (Live Performance) | Apple Music 2024 Artist of the Year",Billie Eilish live performance,2026-05-02 05:30:38
UgytQbnM-o337TDnGBh4AaABAg,UPeEeGHydWs,"As always, Billie and Finneas shine like supernova in this stripped back live performance. Such artistry.",2024-12-18T12:52:45Z,4,0,UCIZ0NLA-qP34vPkTa4H9Olw,@59markr,"Billie Eilish — ""L'AMOUR DE MA VIE"" (Live Performance) | Apple Music 2024 Artist of the Year",Billie Eilish live performance,2026-05-02 05:30:38
Ugw-nqnaLYdHFfbJSKJ4AaABAg,UPeEeGHydWs,"If I can sing, it’s with you. You challenge my emotions and my vocal range. Never met you. But I know I can. Know the times we are in too and recognize the language spoken. Keep up the greatness.",2024-12-20T09:22:09Z,4,0,UC1s7mHa4VuDuQT4OJSvHNvw,@faithself3741,"Billie Eilish — ""L'AMOUR DE MA VIE"" (Live Performance) | Apple Music 2024 Artist of the Year",Billie Eilish live performance,2026-05-02 05:30:38
UgzEwWM6ft9CqgJ47GV4AaABAg,UPeEeGHydWs,La amoooooo,2025-08-14T10:57:12Z,0,0,UC08Sw5dSsR7czZw8JHX7_IA,@anamariarosalescovarrubias1341,"Billie Eilish — ""L'AMOUR DE MA VIE"" (Live Performance) | Apple Music 2024 Artist of the Year",Billie Eilish live performance,2026-05-02 05:30:38
Ugxm1VkstEqcx306Zbd4AaABAg,UPeEeGHydWs,HAPPY BIRTHDAY BILLIE 🥳🎉,2024-12-18T14:24:43Z,5,0,UCbueJ03AGfL7p_iBrQ28bRQ,@islammohamed5602,"Billie Eilish — ""L'AMOUR DE MA VIE"" (Live Performance) | Apple Music 2024 Artist of the Year",Billie Eilish live performance,2026-05-02 05:30:38
UgwIGFL2zHowPBHFfDh4AaABAg,UPeEeGHydWs,감정 그 자체가 되어 부르는 빌리.,2025-08-08T04:16:25Z,0,0,UC2SVtKvHAmTtj_wmrC4GDLw,@knowbrightly,"Billie Eilish — ""L'AMOUR DE MA VIE"" (Live Performance) | Apple Music 2024 Artist of the Year",Billie Eilish live performance,2026-05-02 05:30:38
UgwbG1QuYct7CwZYQn14AaABAg,UPeEeGHydWs,Just love this a lottttt,2026-02-16T22:23:37Z,0,0,UCHtAefoVvOcaqLteNVz1aFg,@sharifahnoor331,"Billie Eilish — ""L'AMOUR DE MA VIE"" (Live Performance) | Apple Music 2024 Artist of the Year",Billie Eilish live performance,2026-05-02 05:30:38
UgzObk21KJcDwG02zAp4AaABAg,UPeEeGHydWs,My favorite song in the album🤌🏼 thank you billie for singing this one😭🥲,2025-01-31T16:08:43Z,3,0,UCm9zR0b46AQ0QaDShJVVxcw,@Mobina14abi,"Billie Eilish — ""L'AMOUR DE MA VIE"" (Live Performance) | Apple Music 2024 Artist of the Year",Billie Eilish live performance,2026-05-02 05:30:38
Ugy9hum3C05MtBXqxd94AaABAg,UPeEeGHydWs,Finneas is just amazing ❤,2025-07-01T17:31:11Z,0,0,UCrDV_Xmu4whq_aJRZvQHPEg,@mpamthauerr,"Billie Eilish — ""L'AMOUR DE MA VIE"" (Live Performance) | Apple Music 2024 Artist of the Year",Billie Eilish live performance,2026-05-02 05:30:38
Ugw_UWZiQI3TfqhXc5d4AaABAg,UPeEeGHydWs,just incredible,2025-07-15T15:26:14Z,0,0,UC8IB7q4FbGX2fH6GdzN2mlg,@dinavalton,"Billie Eilish — ""L'AMOUR DE MA VIE"" (Live Performance) | Apple Music 2024 Artist of the Year",Billie Eilish live performance,2026-05-02 05:30:38
Ugz46veFRZqnqmSNF_p4AaABAg,UPeEeGHydWs,This is amazing! Love the jazzy tone of this song!,2024-12-18T06:42:27Z,6,0,UC2sk4g_t2cX2_ZSZp6vTnbQ,@PresleyMelanson,"Billie Eilish — ""L'AMOUR DE MA VIE"" (Live Performance) | Apple Music 2024 Artist of the Year",Billie Eilish live performance,2026-05-02 05:30:38
UgwsV9h5_gy_pW9dIZR4AaABAg,UPeEeGHydWs,"Happy Birthday Billie, i grew up alongside you and its great to see you thrive and rise to insane fame. You and your songs are such an inspiration for me",2024-12-18T04:43:32Z,6,0,UC7VfhplPPayjdJMfBJozDlg,@dudeeeeeeeee,"Billie Eilish — ""L'AMOUR DE MA VIE"" (Live Performance) | Apple Music 2024 Artist of the Year",Billie Eilish live performance,2026-05-02 05:30:38
UgykceCmNmo2hxJMnm54AaABAg,UPeEeGHydWs,Thanks God or the Mother Nature for this miracle called Billie Eilish,2025-07-26T12:44:15Z,0,0,UC_hxKgEZ8V5yapdQmfJCgKQ,@Слава-ъ1ж6е,"Billie Eilish — ""L'AMOUR DE MA VIE"" (Live Performance) | Apple Music 2024 Artist of the Year",Billie Eilish live performance,2026-05-02 05:30:38
UgyoKF_PIJJYPGXZBQB4AaABAg,UPeEeGHydWs,"<a href=""https://www.youtube.com/watch?v=UPeEeGHydWs&amp;t=104"">1:44</a> ❤❤❤",2026-01-21T20:46:01Z,0,0,UCHo-Zlo9TIQ2lUO8zpJtM0g,@pixiedust_forever,"Billie Eilish — ""L'AMOUR DE MA VIE"" (Live Performance) | Apple Music 2024 Artist of the Year",Billie Eilish live performance,2026-05-02 05:30:38
UgwXqif6JqrP-VuOGQV4AaABAg,UPeEeGHydWs,"Happy birthdaaay, billiee❤",2024-12-18T04:31:17Z,5,0,UC53vYCyLycfUkYGmcMONGhw,@im.annyyyy,"Billie Eilish — ""L'AMOUR DE MA VIE"" (Live Performance) | Apple Music 2024 Artist of the Year",Billie Eilish live performance,2026-05-02 05:30:38
Ugz7viMhPVtYw_YCmUB4AaABAg,UPeEeGHydWs,❤ fav track of the album,2024-12-30T01:44:32Z,4,0,UCvzTT0EZl4KbwZPnuYU2JvQ,@PJuls,"Billie Eilish — ""L'AMOUR DE MA VIE"" (Live Performance) | Apple Music 2024 Artist of the Year",Billie Eilish live performance,2026-05-02 05:30:38
UgzB5P0d91B-QGLano94AaABAg,UPeEeGHydWs,Ella es tan única,2025-06-03T23:37:08Z,0,0,UCTIB0XUGeHLgzwixLFZVocQ,@kingleon10,"Billie Eilish — ""L'AMOUR DE MA VIE"" (Live Performance) | Apple Music 2024 Artist of the Year",Billie Eilish live performance,2026-05-02 05:30:38
UgxRmDiiMwj1T4d3r8J4AaABAg,UPeEeGHydWs,😍👑✨,2024-12-18T09:51:10Z,1,0,UCKW7pZmQYX6f4eXZlUcb44Q,@Sandru1208,"Billie Eilish — ""L'AMOUR DE MA VIE"" (Live Performance) | Apple Music 2024 Artist of the Year",Billie Eilish live performance,2026-05-02 05:30:38
UgyZRv4L5FMa-0OMzd54AaABAg,UPeEeGHydWs,one of her best songs ❤,2024-12-18T17:25:38Z,2,0,UCAmL_MC2Ib32FW-aT_B3ppQ,@farhahxoxo,"Billie Eilish — ""L'AMOUR DE MA VIE"" (Live Performance) | Apple Music 2024 Artist of the Year",Billie Eilish live performance,2026-05-02 05:30:38
Ugy4n-NcF5dgchTYOgt4AaABAg,UPeEeGHydWs,Happy birrthday Billieeeee 💙✨🙇🏻‍♀,2024-12-18T15:01:51Z,3,0,UCaWEwvHMVKnTOcIS4yXXlLw,@fopi_0208,"Billie Eilish — ""L'AMOUR DE MA VIE"" (Live Performance) | Apple Music 2024 Artist of the Year",Billie Eilish live performance,2026-05-02 05:30:38
UgzX28T9Jk-VE_AxLfl4AaABAg,UPeEeGHydWs,Finn clapping after she sings every time gets me every time 🥹,2025-12-24T23:02:10Z,0,0,UCKmCE3shv3EmP6_esIf9Qvg,@docdarlin5491,"Billie Eilish — ""L'AMOUR DE MA VIE"" (Live Performance) | Apple Music 2024 Artist of the Year",Billie Eilish live performance,2026-05-02 05:30:38
UgxoE3UNq8j_biWIhN14AaABAg,UPeEeGHydWs,💙💙💙,2024-12-18T06:42:34Z,1,0,UCB51jdBtzIFlO0P7QtuhkGQ,@vian5223,"Billie Eilish — ""L'AMOUR DE MA VIE"" (Live Performance) | Apple Music 2024 Artist of the Year",Billie Eilish live performance,2026-05-02 05:30:38
Ugx7obAXm1y9yYog26N4AaABAg,UPeEeGHydWs,Happy Birthday 💙💙💙😭😭,2024-12-18T17:42:05Z,1,0,UCsPVhm6Eyb7Ne48XclEhxfw,@Nat-nose,"Billie Eilish — ""L'AMOUR DE MA VIE"" (Live Performance) | Apple Music 2024 Artist of the Year",Billie Eilish live performance,2026-05-02 05:30:38
UgxTt8E3nHHGgubLa794AaABAg,UPeEeGHydWs,It is pure art.,2025-07-27T18:12:59Z,0,0,UC1hKbApcWGBuSzD-33aZIEg,@TheJunkiemakeup,"Billie Eilish — ""L'AMOUR DE MA VIE"" (Live Performance) | Apple Music 2024 Artist of the Year",Billie Eilish live performance,2026-05-02 05:30:38
Ugzupd0ryolVTo7MazF4AaABAg,UPeEeGHydWs,Happy Birthday Billie!,2024-12-18T03:26:56Z,4,0,UCDLRnw_sQwiKIbFuKW1NCmQ,@bambol5592,"Billie Eilish — ""L'AMOUR DE MA VIE"" (Live Performance) | Apple Music 2024 Artist of the Year",Billie Eilish live performance,2026-05-02 05:30:38
UgzwZ1ognW5UzDcCx8t4AaABAg,UPeEeGHydWs,Wooooo,2026-04-07T20:50:50Z,0,0,UCy6EQ7nb_HRZmv6F99aguNw,@karinegrenier9696,"Billie Eilish — ""L'AMOUR DE MA VIE"" (Live Performance) | Apple Music 2024 Artist of the Year",Billie Eilish live performance,2026-05-02 05:30:38
Ugy3n_k3Afnq6GqWjP14AaABAg,UPeEeGHydWs,Happy billie day❤❤,2024-12-18T06:29:30Z,3,0,UCULL8SXR81eA495A6UsHQEw,@Pris_cilaOliver,"Billie Eilish — ""L'AMOUR DE MA VIE"" (Live Performance) | Apple Music 2024 Artist of the Year",Billie Eilish live performance,2026-05-02 05:30:38
UgxLwEQ5K5qPAftbzeB4AaABAg,UPeEeGHydWs,love her voice.,2025-06-28T01:59:50Z,0,0,UCG0mzEARvugxt3oknlGQAfw,@No-Nevernew,"Billie Eilish — ""L'AMOUR DE MA VIE"" (Live Performance) | Apple Music 2024 Artist of the Year",Billie Eilish live performance,2026-05-02 05:30:38
UgzNgdDPcjlFEdgsNIB4AaABAg,UPeEeGHydWs,I LOVE THIS VIDEO😭,2025-05-18T01:32:14Z,1,0,UCCv3GJbSVcJ2ZF3TSSkpBAw,@lorrnars,"Billie Eilish — ""L'AMOUR DE MA VIE"" (Live Performance) | Apple Music 2024 Artist of the Year",Billie Eilish live performance,2026-05-02 05:30:38
UgzqTUBUfaR4bV_wG4p4AaABAg,UPeEeGHydWs,어떻게 이런 목소리가 있냐 세상에.,2025-08-08T04:16:04Z,0,0,UC2SVtKvHAmTtj_wmrC4GDLw,@knowbrightly,"Billie Eilish — ""L'AMOUR DE MA VIE"" (Live Performance) | Apple Music 2024 Artist of the Year",Billie Eilish live performance,2026-05-02 05:30:38
Ugxvn4hs-dam9bTz3lF4AaABAg,UPeEeGHydWs,Happy birthday billie❤,2024-12-18T13:09:40Z,0,0,UCNRAd4nCCPZX78W11NqkVBA,@n-xz7vn,"Billie Eilish — ""L'AMOUR DE MA VIE"" (Live Performance) | Apple Music 2024 Artist of the Year",Billie Eilish live performance,2026-05-02 05:30:38
UgzOW4yJAgKsTi4VQGZ4AaABAg,UPeEeGHydWs,Perfekt singing. ❤,2026-03-31T16:48:32Z,0,0,UCV_dckKSrvMIT7fJfkcGehw,@VeliborĐukičin,"Billie Eilish — ""L'AMOUR DE MA VIE"" (Live Performance) | Apple Music 2024 Artist of the Year",Billie Eilish live performance,2026-05-02 05:30:38
UgwojRWXAS7mSMugyuJ4AaABAg,UPeEeGHydWs,❤,2024-12-18T05:25:34Z,0,0,UCERtYP1MSz81g1_fxitRzcw,@GiovannyRománLira,"Billie Eilish — ""L'AMOUR DE MA VIE"" (Live Performance) | Apple Music 2024 Artist of the Year",Billie Eilish live performance,2026-05-02 05:30:38
UgynzJlQI17srmGeRm94AaABAg,UPeEeGHydWs,I ❤ Billie Eilish Hi Fineas,2026-04-26T02:13:16Z,0,0,UCebKyLS89dOxlrk-85EsSgw,@user-yh3lr1gw4y,"Billie Eilish — ""L'AMOUR DE MA VIE"" (Live Performance) | Apple Music 2024 Artist of the Year",Billie Eilish live performance,2026-05-02 05:30:38
UgwM3f6X1nnErlLM6nd4AaABAg,UPeEeGHydWs,1 of 1,2025-07-20T22:34:05Z,0,0,UCL5Hx4IutvwYn2RwXojJeVA,@Nizzle333,"Billie Eilish — ""L'AMOUR DE MA VIE"" (Live Performance) | Apple Music 2024 Artist of the Year",Billie Eilish live performance,2026-05-02 05:30:38
UgxZRkSbNrfLyLj_bEN4AaABAg,UPeEeGHydWs,Happy Birthday Billie Eilish! I love so much! 🎉🎉,2024-12-18T04:57:17Z,4,0,UCu_PeaPfJ5qS5HpZ8p0GCLw,@juanz._007,"Billie Eilish — ""L'AMOUR DE MA VIE"" (Live Performance) | Apple Music 2024 Artist of the Year",Billie Eilish live performance,2026-05-02 05:30:38
UgzL2fLLqoGPfdfUtgR4AaABAg,UPeEeGHydWs,真的好好聽 無限循環中,2025-06-16T15:31:41Z,0,0,UCJv4QY8qyi01HuAosnj0-Kg,@haikemandarin,"Billie Eilish — ""L'AMOUR DE MA VIE"" (Live Performance) | Apple Music 2024 Artist of the Year",Billie Eilish live performance,2026-05-02 05:30:38
UgyBoLcqn_HmLZH3irt4AaABAg,UPeEeGHydWs,thank u Billie ♡,2024-12-18T11:25:17Z,3,0,UCxRsKqo7mCkp77zW65bPY0g,@naaarrrraaa,"Billie Eilish — ""L'AMOUR DE MA VIE"" (Live Performance) | Apple Music 2024 Artist of the Year",Billie Eilish live performance,2026-05-02 05:30:38
UgyiZ-ADPy_vAy5sIZZ4AaABAg,UPeEeGHydWs,Me enamoré😭,2025-02-16T22:38:02Z,1,0,UC73nkKP-1mxr7WT8sT5ezCg,@castelllx,"Billie Eilish — ""L'AMOUR DE MA VIE"" (Live Performance) | Apple Music 2024 Artist of the Year",Billie Eilish live performance,2026-05-02 05:30:38
Ugy3QOH-NHxkr81yzrF4AaABAg,UPeEeGHydWs,ベリーカワイイ❤❤❤❤❤❤❤❤❤❤❤❤❤❤❤❤❤❤❤❤❤❤❤❤,2025-09-20T11:11:18Z,1,0,UCE36sFHp0_X-fJs547JirWw,@yasuhonchan1821,"Billie Eilish — ""L'AMOUR DE MA VIE"" (Live Performance) | Apple Music 2024 Artist of the Year",Billie Eilish live performance,2026-05-02 05:30:38
UgwKVD-l76Zf6s_KZcZ4AaABAg,UPeEeGHydWs,"was <a href=""https://www.youtube.com/watch?v=UPeEeGHydWs&amp;t=127"">2:07</a> a mistake or on purpose i&#39;m not a guitar person xd ?",2026-01-24T15:20:19Z,4,0,UC-7UpEhbeowWo5ZMK11_0mA,@molkasghaier8770,"Billie Eilish — ""L'AMOUR DE MA VIE"" (Live Performance) | Apple Music 2024 Artist of the Year",Billie Eilish live performance,2026-05-02 05:30:38
UgwV528Eedcz17fw47N4AaABAg,UPeEeGHydWs,perfeita e perfeitos ❤,2024-12-19T14:43:22Z,2,0,UCbezNlqjC1GBZL04stJEL4g,@iasminbrielle,"Billie Eilish — ""L'AMOUR DE MA VIE"" (Live Performance) | Apple Music 2024 Artist of the Year",Billie Eilish live performance,2026-05-02 05:30:38
UgxQ2HVtBcYmosQLObt4AaABAg,UPeEeGHydWs,😍😍😍😍,2025-01-18T11:43:08Z,1,0,UC_nym-db-F2KcJW3KuhpKGA,@WaifuMusician,"Billie Eilish — ""L'AMOUR DE MA VIE"" (Live Performance) | Apple Music 2024 Artist of the Year",Billie Eilish live performance,2026-05-02 05:30:38
UgwZetCGMXFOi2BBirx4AaABAg,UPeEeGHydWs,the greatest amour de ma vie. Billie you are just great. So is your frère,2025-04-10T22:19:48Z,2,0,UC-2liym0m8s9gxoJKNIV4Sw,@claudinenguyen,"Billie Eilish — ""L'AMOUR DE MA VIE"" (Live Performance) | Apple Music 2024 Artist of the Year",Billie Eilish live performance,2026-05-02 05:30:38
UgxqZKvKLBf4nZ8zBRF4AaABAg,UPeEeGHydWs,💙💙💙💙🎶,2024-12-18T17:43:29Z,1,0,UCsPVhm6Eyb7Ne48XclEhxfw,@Nat-nose,"Billie Eilish — ""L'AMOUR DE MA VIE"" (Live Performance) | Apple Music 2024 Artist of the Year",Billie Eilish live performance,2026-05-02 05:30:38
UgxeEqbc8uxQ-9ZZVCp4AaABAg,UPeEeGHydWs,That’s perfect,2026-02-08T19:40:25Z,0,0,UCcuHK4l3yomCym42Y4h7uCg,@arabenilutfenn,"Billie Eilish — ""L'AMOUR DE MA VIE"" (Live Performance) | Apple Music 2024 Artist of the Year",Billie Eilish live performance,2026-05-02 05:30:38
Ugy2jWVRtA8HEG4Psj14AaABAg,UPeEeGHydWs,she&#39;s insane,2025-01-08T13:45:35Z,0,0,UCNdEbKaFADDBuZYa4VixxHg,@NuunMoon,"Billie Eilish — ""L'AMOUR DE MA VIE"" (Live Performance) | Apple Music 2024 Artist of the Year",Billie Eilish live performance,2026-05-02 05:30:38
UgxoynJefEu-VE5myQF4AaABAg,UPeEeGHydWs,SI,2025-07-20T17:26:07Z,1,0,UCzpYF_q9qeR_Q4BzwuG9dsg,@laurapina8213,"Billie Eilish — ""L'AMOUR DE MA VIE"" (Live Performance) | Apple Music 2024 Artist of the Year",Billie Eilish live performance,2026-05-02 05:30:38
Ugw5tsf6iLmjWZOjyVR4AaABAg,UPeEeGHydWs,"Her voice is so Amazing I could listen to it forever, Happy Birthday Billieeeee ❤",2024-12-18T06:03:19Z,3,0,UCAGhfMdK3jsUspYVY9XEBcw,@sxissorluv,"Billie Eilish — ""L'AMOUR DE MA VIE"" (Live Performance) | Apple Music 2024 Artist of the Year",Billie Eilish live performance,2026-05-02 05:30:38
Ugx8ns5fzuG1g6DLA1J4AaABAg,UPeEeGHydWs,HAPPY BIRTHDAY BILLIEEEE AHH &lt;33,2024-12-18T03:10:46Z,2,0,UCixnkVlh5rTMD7qIj8HQxfg,@bbelsz,"Billie Eilish — ""L'AMOUR DE MA VIE"" (Live Performance) | Apple Music 2024 Artist of the Year",Billie Eilish live performance,2026-05-02 05:30:38
UgxpLUVASwgm8zScQ7x4AaABAg,UPeEeGHydWs,I loved hearing Finneas&#39; voice<br>Love u billie,2024-12-18T20:19:42Z,1,0,UCoFsiJBwfRv5E2vHw73tFWA,@kc29cathy,"Billie Eilish — ""L'AMOUR DE MA VIE"" (Live Performance) | Apple Music 2024 Artist of the Year",Billie Eilish live performance,2026-05-02 05:30:38
UgxclimMcUFl2PVPdbx4AaABAg,UPeEeGHydWs,the voice of an angel❤,2024-12-18T04:22:54Z,3,0,UCIgmaa89I53mnH88xaiDvKQ,@s좋을땐,"Billie Eilish — ""L'AMOUR DE MA VIE"" (Live Performance) | Apple Music 2024 Artist of the Year",Billie Eilish live performance,2026-05-02 05:30:38
UgzVwAKSO45SkwWxApV4AaABAg,UPeEeGHydWs,Ufff 🌺💖🇦🇷,2025-01-19T04:14:10Z,1,0,UCegjhJjiAndE-hbn-eVOyLQ,@natys2708,"Billie Eilish — ""L'AMOUR DE MA VIE"" (Live Performance) | Apple Music 2024 Artist of the Year",Billie Eilish live performance,2026-05-02 05:30:38
Ugw-8KBhTs_AsLJJ1ml4AaABAg,UPeEeGHydWs,รักกกก,2025-02-25T10:18:01Z,1,0,UCFGlHm6XPB7YbeTc8Ui8hVw,@ABKomsan,"Billie Eilish — ""L'AMOUR DE MA VIE"" (Live Performance) | Apple Music 2024 Artist of the Year",Billie Eilish live performance,2026-05-02 05:30:38
UgxrmTXyxuFmR3R5svp4AaABAg,UPeEeGHydWs,wow good vocal performance 👏,2025-10-27T01:42:26Z,0,0,UCtZ9pifQqbehki8YO1CjGVg,@swingtempo9321,"Billie Eilish — ""L'AMOUR DE MA VIE"" (Live Performance) | Apple Music 2024 Artist of the Year",Billie Eilish live performance,2026-05-02 05:30:38
Ugzm6_FQy873CxnRP1F4AaABAg,UPeEeGHydWs,Amazing,2024-12-18T04:29:05Z,1,0,UCWaVdffzQQNwFRG2Yii3INA,@rubiv05,"Billie Eilish — ""L'AMOUR DE MA VIE"" (Live Performance) | Apple Music 2024 Artist of the Year",Billie Eilish live performance,2026-05-02 05:30:38
UgzqWzFmZF3pcAm9XHt4AaABAg,UPeEeGHydWs,wish they had included the second part live,2025-01-08T13:46:36Z,0,0,UCNdEbKaFADDBuZYa4VixxHg,@NuunMoon,"Billie Eilish — ""L'AMOUR DE MA VIE"" (Live Performance) | Apple Music 2024 Artist of the Year",Billie Eilish live performance,2026-05-02 05:30:38
UgxswM5XEck_H2xhkFV4AaABAg,UPeEeGHydWs,Really appreciate the insights in this video.,2025-02-07T02:01:46Z,0,0,UCY_ddKBeV5zrETAqKwa14Yw,@AzulayWilmer,"Billie Eilish — ""L'AMOUR DE MA VIE"" (Live Performance) | Apple Music 2024 Artist of the Year",Billie Eilish live performance,2026-05-02 05:30:38
Ugyeih6HhCNXT8NDE5F4AaABAg,UPeEeGHydWs,So beautiful and no autotune<br><br><br>Ive never had an comment before or like,2025-06-05T00:52:40Z,3,1,UCTxuTX0JZHMVG-P8ZylvA9g,@katewilliams1234,"Billie Eilish — ""L'AMOUR DE MA VIE"" (Live Performance) | Apple Music 2024 Artist of the Year",Billie Eilish live performance,2026-05-02 05:30:38
UgyU7Rt7cigpYhtmn1l4AaABAg,UPeEeGHydWs,i love billiee so muchhhh,2024-12-18T04:27:26Z,2,0,UCWUB8KaqWqzjl-9et2RORyQ,@azfrsy,"Billie Eilish — ""L'AMOUR DE MA VIE"" (Live Performance) | Apple Music 2024 Artist of the Year",Billie Eilish live performance,2026-05-02 05:30:38
UgzhswsFLjkL29DC2_N4AaABAg,UPeEeGHydWs,best song on the album,2024-12-19T20:14:08Z,0,0,UCCrgxinK0tUYBs0L18OosHg,@sainthumpy6415,"Billie Eilish — ""L'AMOUR DE MA VIE"" (Live Performance) | Apple Music 2024 Artist of the Year",Billie Eilish live performance,2026-05-02 05:30:38
UgyySFveZwF1Aje0Nd94AaABAg,UPeEeGHydWs,loveeeeeeeee 😍😍😍😍😍<br>espectacular,2025-07-14T15:09:58Z,0,0,UCksY_8dw-j8m_JGb9vyYAlg,@SabrinaRico-e4u,"Billie Eilish — ""L'AMOUR DE MA VIE"" (Live Performance) | Apple Music 2024 Artist of the Year",Billie Eilish live performance,2026-05-02 05:30:38
UgyCj02-YpdbHYD5F014AaABAg,UPeEeGHydWs,"23 🎉  billie vuelve a Latam ,te esperamos...😢",2024-12-18T03:34:34Z,0,0,UCPsR2EMBM40RYcFroMZG5qw,@rudydiaz6913,"Billie Eilish — ""L'AMOUR DE MA VIE"" (Live Performance) | Apple Music 2024 Artist of the Year",Billie Eilish live performance,2026-05-02 05:30:38
Ugy9pfXv_pzilkC3oWV4AaABAg,UPeEeGHydWs,Both so very talented,2025-03-05T21:25:57Z,0,0,UCscEz_05qCVQwH13EYEoFjQ,@connorbingham3029,"Billie Eilish — ""L'AMOUR DE MA VIE"" (Live Performance) | Apple Music 2024 Artist of the Year",Billie Eilish live performance,2026-05-02 05:30:38
Ugzqr399_gqBActiKu54AaABAg,UPeEeGHydWs,Cómo la quiero lpm ❤,2025-02-25T07:47:31Z,1,0,UCkJmBcbA90Ts6NlrD-KRrUg,@angelos6110,"Billie Eilish — ""L'AMOUR DE MA VIE"" (Live Performance) | Apple Music 2024 Artist of the Year",Billie Eilish live performance,2026-05-02 05:30:38
UgyJ2hZf8Jwag4nd4m54AaABAg,UPeEeGHydWs,This video is really helpful This deserves recognition.,2025-11-10T19:23:54Z,0,0,UClrYXPFc5gQC2q0BCQyU7GQ,@KathleenEvans-h1p,"Billie Eilish — ""L'AMOUR DE MA VIE"" (Live Performance) | Apple Music 2024 Artist of the Year",Billie Eilish live performance,2026-05-02 05:30:38
UgyhX-xCpIQKsQtOrj14AaABAg,UPeEeGHydWs,❤I&#39;m obsessed with this song💙💙💙❤️‍🩹💙🖤❤💙❤🖤❤️‍🩹,2024-12-20T05:23:10Z,1,0,UCY5GDZ5G1Bz8F7hEpWL5_mw,@TAY_lovesfood,"Billie Eilish — ""L'AMOUR DE MA VIE"" (Live Performance) | Apple Music 2024 Artist of the Year",Billie Eilish live performance,2026-05-02 05:30:38
UgzJgpcBE5E7riUjIlZ4AaABAg,UPeEeGHydWs,Bille Eilish is just totally effing awesome.   LOVE LOVE LOVE this young woman.,2025-04-05T01:36:52Z,2,0,UCzt3S_9w-orG-0Dh9eze03A,@emanuelmota7217,"Billie Eilish — ""L'AMOUR DE MA VIE"" (Live Performance) | Apple Music 2024 Artist of the Year",Billie Eilish live performance,2026-05-02 05:30:38
Ugzg_dtNc8xo7k27t_x4AaABAg,UPeEeGHydWs,BILLIE PLEASE COME TO SOUTH AFRICA 🇿🇦 😭😭😭😭😭😭😭,2024-12-18T07:22:13Z,0,0,UC0d0pBbQD914QvgGHIxDSZw,@Justneilwe,"Billie Eilish — ""L'AMOUR DE MA VIE"" (Live Performance) | Apple Music 2024 Artist of the Year",Billie Eilish live performance,2026-05-02 05:30:38
UgwWqIBmcovdw9CN48J4AaABAg,UPeEeGHydWs,HAPPY BIRTHDAY BILLIE❤❤❤,2024-12-18T03:47:28Z,1,0,UCl31K8Cn9aXC9H-wkBHECuQ,@SkzzLoverNiah,"Billie Eilish — ""L'AMOUR DE MA VIE"" (Live Performance) | Apple Music 2024 Artist of the Year",Billie Eilish live performance,2026-05-02 05:30:38
UgzE8ciHKfVYUoYaTJl4AaABAg,UPeEeGHydWs,Truly mesmerizing. I’ve been a fan since nearly the beginning but I still get chills everytime I hear their voices.,2024-12-20T15:49:52Z,3,0,UCqBb1dHCbrtzAx-RgKD5fZQ,@ashleeciballos4396,"Billie Eilish — ""L'AMOUR DE MA VIE"" (Live Performance) | Apple Music 2024 Artist of the Year",Billie Eilish live performance,2026-05-02 05:30:38
UgyMlKZ-7ziOJedyfxN4AaABAg,UPeEeGHydWs,Amazing 🍓,2024-12-18T03:10:27Z,2,0,UCeFh3ZbtUO-oRbed2o5BoCA,@darwinarteaga1407,"Billie Eilish — ""L'AMOUR DE MA VIE"" (Live Performance) | Apple Music 2024 Artist of the Year",Billie Eilish live performance,2026-05-02 05:30:38
UgyQGN-Jrvtt6Hlb3zJ4AaABAg,UPeEeGHydWs,This is my favorite song from the album😭,2025-01-03T14:42:08Z,0,0,UCylQP2SJEBA6RhOZ3iprDrg,@LeidyEsther0617,"Billie Eilish — ""L'AMOUR DE MA VIE"" (Live Performance) | Apple Music 2024 Artist of the Year",Billie Eilish live performance,2026-05-02 05:30:38
UgxvxxaSCx-yYIR0XU94AaABAg,UPeEeGHydWs,"it’s weird to actually be able to hear her perform lol. i was at an arena show and it was her voice against 20,000! she’s an angel.",2024-12-19T15:42:11Z,0,0,UCmPqy5Dpf7oCrJ6FkgadPYA,@cecechery,"Billie Eilish — ""L'AMOUR DE MA VIE"" (Live Performance) | Apple Music 2024 Artist of the Year",Billie Eilish live performance,2026-05-02 05:30:38
Ugxr9wv3w3YD3ZJZdSl4AaABAg,UPeEeGHydWs,love,2025-02-17T21:08:28Z,1,0,UCXMpNDCTM5egn6fAJLk98xw,@CristianeSilva-zv9mp,"Billie Eilish — ""L'AMOUR DE MA VIE"" (Live Performance) | Apple Music 2024 Artist of the Year",Billie Eilish live performance,2026-05-02 05:30:38
Ugx326o2wKzFQLT4oSl4AaABAg,UPeEeGHydWs,It’s her birthdayy 🎉🎉,2024-12-18T03:38:17Z,0,0,UCH5cO6DVfGVwoCmfm5Sx6MQ,@yan4594,"Billie Eilish — ""L'AMOUR DE MA VIE"" (Live Performance) | Apple Music 2024 Artist of the Year",Billie Eilish live performance,2026-05-02 05:30:38
UgxlH0cDN9fgu2WE7t94AaABAg,UPeEeGHydWs,"Happy Birthday my love, I LOVE YOU FOREVER 💙",2024-12-18T04:22:04Z,1,0,UC5OvQD9tG0YuCaX2YkGEqzw,@FELCHIOR,"Billie Eilish — ""L'AMOUR DE MA VIE"" (Live Performance) | Apple Music 2024 Artist of the Year",Billie Eilish live performance,2026-05-02 05:30:38
UgyHQxpcoVf2qRacY914AaABAg,UPeEeGHydWs,Happy Birthday Billie😭🤧❤️‍🩹❤️‍🩹,2024-12-18T04:17:53Z,1,0,UCEDGFmUmm5u2zP_ohgBriZQ,@tshwarelomakola3144,"Billie Eilish — ""L'AMOUR DE MA VIE"" (Live Performance) | Apple Music 2024 Artist of the Year",Billie Eilish live performance,2026-05-02 05:30:38
UgxmhrzbH9LLFalQEPR4AaABAg,UPeEeGHydWs,Jesus! How adorable are you?! <br>So adorable!,2025-05-12T01:55:33Z,0,0,UCdQWB6Sim46rZZ7Tbv1w1hg,@lydacious7338,"Billie Eilish — ""L'AMOUR DE MA VIE"" (Live Performance) | Apple Music 2024 Artist of the Year",Billie Eilish live performance,2026-05-02 05:30:38
Ugwuz-E9NCXFPFezZ914AaABAg,UPeEeGHydWs,Billie and Fineas are so amazing talented ❤,2024-12-18T03:42:11Z,2,0,UCfk5SnkQfWm5piFMkkZQoqw,@paulo_fernando,"Billie Eilish — ""L'AMOUR DE MA VIE"" (Live Performance) | Apple Music 2024 Artist of the Year",Billie Eilish live performance,2026-05-02 05:30:38
Ugw78fMt199ZAEjRlkx4AaABAg,UPeEeGHydWs,I discovered Billie and Finneus two years ago. Two talented youngsters. Keep making the magic music.,2025-07-27T01:42:52Z,0,0,UCpUI2OTkp3uJNaJ_nabbyYA,@frankholt4325,"Billie Eilish — ""L'AMOUR DE MA VIE"" (Live Performance) | Apple Music 2024 Artist of the Year",Billie Eilish live performance,2026-05-02 05:30:38
UgxbunKxSuwXWxJwpnB4AaABAg,UPeEeGHydWs,HAPPY BIRTHDAY BILLIE 🤍🤍🤍🤍🤍,2024-12-18T03:58:30Z,0,0,UCeVcvjW8H44_IPwtHZKyOHA,@marisere,"Billie Eilish — ""L'AMOUR DE MA VIE"" (Live Performance) | Apple Music 2024 Artist of the Year",Billie Eilish live performance,2026-05-02 05:30:38
UgyAJFWVd6gxqQPRX894AaABAg,UPeEeGHydWs,Happy birthday Billie 💙💙,2024-12-18T03:55:55Z,2,0,UCBmb9rZdSpdMlkrMpzu5WKg,@ilotomymilo,"Billie Eilish — ""L'AMOUR DE MA VIE"" (Live Performance) | Apple Music 2024 Artist of the Year",Billie Eilish live performance,2026-05-02 05:30:38
UgxDawMe-00iZmP_7Mh4AaABAg,UPeEeGHydWs,tu voz me da calma 🫂💙,2024-12-18T03:32:45Z,2,0,UCjNyMzAJqdhlScPnJ18D0Kg,@darkedmy189,"Billie Eilish — ""L'AMOUR DE MA VIE"" (Live Performance) | Apple Music 2024 Artist of the Year",Billie Eilish live performance,2026-05-02 05:30:38
UgzobtczZfZ0HtBzl9x4AaABAg,UPeEeGHydWs,Beautiful      💙💙💙     Discover the singer   Emmy d&#39;Arc  and enjoy listening to her songs as well   .,2025-04-03T07:19:48Z,1,0,UCUalfqvbbwQgBX702MjGkdw,@ErikOomen-g4q,"Billie Eilish — ""L'AMOUR DE MA VIE"" (Live Performance) | Apple Music 2024 Artist of the Year",Billie Eilish live performance,2026-05-02 05:30:38
UgxyBwFQ3GYaZOa-rvx4AaABAg,UPeEeGHydWs,Amo la voz de billie ❤,2024-12-18T04:58:50Z,1,0,UC0C8sbbBUVRdFwJ8oJEpgsw,@valentinabuendia0,"Billie Eilish — ""L'AMOUR DE MA VIE"" (Live Performance) | Apple Music 2024 Artist of the Year",Billie Eilish live performance,2026-05-02 05:30:38
UgzGau2K_MOSlFVQZqt4AaABAg,UPeEeGHydWs,Ela esquecendo a letra e rindo foi mto fofo...lidando com os &quot; erros&quot; de forma descontraída...mto fofa ˚⋆𐙚｡ 𖦹.ᡣ𐭩˚,2024-12-18T03:47:49Z,1,0,UCke44-RdawyEllXzOiETK0A,@_melyssarice_,"Billie Eilish — ""L'AMOUR DE MA VIE"" (Live Performance) | Apple Music 2024 Artist of the Year",Billie Eilish live performance,2026-05-02 05:30:38
UgwqMzp26JhJG_fmwqh4AaABAg,UPeEeGHydWs,Happy Birthday BILLIE ❤,2024-12-18T12:48:08Z,4,0,UCG1Oy7wl6dAJcjXh8f8Tmow,@Leto_II,"Billie Eilish — ""L'AMOUR DE MA VIE"" (Live Performance) | Apple Music 2024 Artist of the Year",Billie Eilish live performance,2026-05-02 05:30:38
UgyUTq1lZ_CActvY6El4AaABAg,UPeEeGHydWs,Voice of an angel !,2026-03-12T02:56:54Z,0,0,UC2bwArvVasejKDYMQwLgLvg,@danielbudzynski,"Billie Eilish — ""L'AMOUR DE MA VIE"" (Live Performance) | Apple Music 2024 Artist of the Year",Billie Eilish live performance,2026-05-02 05:30:38
UgxoGKGIjsWZiFbzm394AaABAg,UPeEeGHydWs,"I wish you the best for the rest of your life<br>Felt sorry for you when I looked in your eyes<br>But I need to confess, I told you a lie<br>I said you<br>You were the love of my life<br>The love of my life<br>Did I break your heart?<br>Did I waste your time?<br>I tried to be there for you<br>Then you tried to break mine<br>It isn&#39;t asking for a lot for an apology<br>For making me feel like it&#39;d kill you if I tried to leave<br>You said you&#39;d never fall in love again because of me<br>Then you moved on immediately (bum, bum, bum)<br>But I wish you the best for the rest of your life<br>Felt sorry for you when I looked in your eyes<br>But I need to confess, I told you a lie (told you a lie)<br>When I said you (I said you)<br>You were the love of my life<br>The love of my life<br>So you found her, now go fall in love (go fall in love)<br>Just like we were if I ever was (if I ever was)<br>It&#39;s not my fault, I did what I could (did what I could)<br>You made it so hard like I knew you would<br>Thought I was depressed or losing my mind<br>My stomach upset almost all of the time<br>But after I left, it was obvious why (oh), mm<br>Because for you, you<br>I was the love of your life, mm<br>But you were not mine (but you were not mine)<br>It isn&#39;t asking for a lot for an apology<br>For making me feel like it&#39;d kill you if I tried to leave<br>You said you&#39;d never fall in love again because of me<br>Then you moved on, then you moved on<br>Then you moved on, then you moved on<br>Then you moved on, then you moved on<br>Ooh<br>You wanted to keep it<br>Like somethin&#39; you found<br>&#39;Til you didn&#39;t need it<br>But you should&#39;ve seen it<br>The way it went down<br>Wouldn&#39;t believe it<br>Wanna know what I told her<br>With her hand on my shoulder?<br>You were so mediocre<br>And we&#39;re so glad it&#39;s over now<br>It&#39;s over now<br>It&#39;s over now<br>It&#39;s over now<br>Camera<br>Caught on camera<br>The girls on camera<br>Your girl&#39;s a fan of-<br>Miss me<br>Say you miss me<br>It&#39;s such a pity<br>We&#39;re both so pretty",2025-04-18T22:53:47Z,1,0,UCMcORniDAlgtZh037RKNQwQ,@lilyimen4251,"Billie Eilish — ""L'AMOUR DE MA VIE"" (Live Performance) | Apple Music 2024 Artist of the Year",Billie Eilish live performance,2026-05-02 05:30:38
UgxZFEnEaqQlFIPLEh54AaABAg,UPeEeGHydWs,❤,2024-12-18T08:58:35Z,0,0,UCa0KpaheKMbm0E_qSo_qfrw,@hojiakbarakbarov8177,"Billie Eilish — ""L'AMOUR DE MA VIE"" (Live Performance) | Apple Music 2024 Artist of the Year",Billie Eilish live performance,2026-05-02 05:30:38
UgzKTPnHSPLUi5N3x_t4AaABAg,UPeEeGHydWs,Really appreciate the insights in this video.,2025-02-07T02:24:23Z,0,0,UCqQILjlKUDGIrd-QolX5u6Q,@IanopertdeNakopertd,"Billie Eilish — ""L'AMOUR DE MA VIE"" (Live Performance) | Apple Music 2024 Artist of the Year",Billie Eilish live performance,2026-05-02 05:30:38
Ugycv1KmpUgoUck486F4AaABAg,UPeEeGHydWs,HAPPY BIRTHDAY BILLIE🥳,2024-12-19T00:27:44Z,0,0,UC1mXh2wBodV6bIohqSuj0PA,@angelena.j0lie,"Billie Eilish — ""L'AMOUR DE MA VIE"" (Live Performance) | Apple Music 2024 Artist of the Year",Billie Eilish live performance,2026-05-02 05:30:38
UgxzqNK8y7bYU6U8O_54AaABAg,UPeEeGHydWs,❤️❤️❤️❤️,2024-12-18T14:05:15Z,0,0,UC6iMbRpMyH0nRuGYeB3ZpNQ,@ShreyaTamang-v1x,"Billie Eilish — ""L'AMOUR DE MA VIE"" (Live Performance) | Apple Music 2024 Artist of the Year",Billie Eilish live performance,2026-05-02 05:30:38
Ugy3sAqrf3T1jCmXLk14AaABAg,UPeEeGHydWs,Happy Birthday Billie ❤,2024-12-18T23:31:46Z,0,0,UC3UdrKMIPOThXkRnr38ssGw,@donovanphillips4973,"Billie Eilish — ""L'AMOUR DE MA VIE"" (Live Performance) | Apple Music 2024 Artist of the Year",Billie Eilish live performance,2026-05-02 05:30:38
UgzbOm0UJA_PHzcMHFd4AaABAg,UPeEeGHydWs,❤❤❤,2024-12-18T12:52:51Z,0,0,UCBi-bbIsXovVA-9KJb2sgqA,@rayssamel,"Billie Eilish — ""L'AMOUR DE MA VIE"" (Live Performance) | Apple Music 2024 Artist of the Year",Billie Eilish live performance,2026-05-02 05:30:38
UgzUzpHo7BKy4U285dF4AaABAg,UPeEeGHydWs,♥,2024-12-18T11:22:23Z,0,0,UCSTdkAQBoQbwwZhkD4wvIGA,@JesusGarciaParrado,"Billie Eilish — ""L'AMOUR DE MA VIE"" (Live Performance) | Apple Music 2024 Artist of the Year",Billie Eilish live performance,2026-05-02 05:30:38
Ugyf91KmuZeQV2ZLdlt4AaABAg,UPeEeGHydWs,Happy birthday billie ❤❤❤,2024-12-18T20:44:39Z,0,0,UC6h0xvIFtsFBSIu5SbdtJdQ,@Catelus_de_usturoi,"Billie Eilish — ""L'AMOUR DE MA VIE"" (Live Performance) | Apple Music 2024 Artist of the Year",Billie Eilish live performance,2026-05-02 05:30:38
UgyZJwXe-cMfizlNgUJ4AaABAg,UPeEeGHydWs,Happy birthday Billie❤,2024-12-18T14:00:16Z,0,0,UCQJm9zyFKAyqjX6M-VlIA3A,@mariyapikul5102,"Billie Eilish — ""L'AMOUR DE MA VIE"" (Live Performance) | Apple Music 2024 Artist of the Year",Billie Eilish live performance,2026-05-02 05:30:38
Ugy7qok_NN8t3TApSrN4AaABAg,UPeEeGHydWs,❤❤❤,2024-12-18T15:14:47Z,0,0,UCJwy76rcWIgm_9XzrDHE4Zw,@andrea.gomurski,"Billie Eilish — ""L'AMOUR DE MA VIE"" (Live Performance) | Apple Music 2024 Artist of the Year",Billie Eilish live performance,2026-05-02 05:30:38
Ugy98Q_KzI2liHc5aRN4AaABAg,UPeEeGHydWs,❤,2025-01-01T03:43:26Z,0,0,UCVFmeJgUWfDbDVlNnciKPUw,@dwicahaya5536,"Billie Eilish — ""L'AMOUR DE MA VIE"" (Live Performance) | Apple Music 2024 Artist of the Year",Billie Eilish live performance,2026-05-02 05:30:38
UgykK_OencSgZ7w78ON4AaABAg,UPeEeGHydWs,💙💙💙,2025-06-18T16:35:04Z,0,0,UCmL8o0jlEOhsP7ge0L12UqQ,@bob_zeez1,"Billie Eilish — ""L'AMOUR DE MA VIE"" (Live Performance) | Apple Music 2024 Artist of the Year",Billie Eilish live performance,2026-05-02 05:30:38
UgyHT1LCcA25xOUI9hB4AaABAg,UPeEeGHydWs,❤,2025-01-21T18:36:01Z,0,0,UCDRYxpRNzWYMV_cKnoBA3WQ,@Taehkio,"Billie Eilish — ""L'AMOUR DE MA VIE"" (Live Performance) | Apple Music 2024 Artist of the Year",Billie Eilish live performance,2026-05-02 05:30:38
Ugy2EegJqckR_kKEDfJ4AaABAg,UPeEeGHydWs,❤❤❤❤❤❤,2024-12-23T04:06:26Z,0,0,UCulGrB6fSwBklg4aTgmSnmQ,@jaimeattenborough5952,"Billie Eilish — ""L'AMOUR DE MA VIE"" (Live Performance) | Apple Music 2024 Artist of the Year",Billie Eilish live performance,2026-05-02 05:30:38
UgzJPhaGL6SNVYk5zbt4AaABAg,UPeEeGHydWs,💖,2025-03-06T11:56:17Z,0,0,UCyxo_JKXi24nfw_zkZREWjQ,@userkwkwkwkwk,"Billie Eilish — ""L'AMOUR DE MA VIE"" (Live Performance) | Apple Music 2024 Artist of the Year",Billie Eilish live performance,2026-05-02 05:30:38
UgxpE-xDWxM485kcGdR4AaABAg,UPeEeGHydWs,❤,2025-08-22T23:17:30Z,0,0,UC0C-WOvno44TyRjX0_a1ykw,@sandrinepauleau371,"Billie Eilish — ""L'AMOUR DE MA VIE"" (Live Performance) | Apple Music 2024 Artist of the Year",Billie Eilish live performance,2026-05-02 05:30:38
Ugxn0jgjDqeK2QahhJJ4AaABAg,UPeEeGHydWs,❤❤,2024-12-18T19:23:34Z,0,0,UCK4Qu7VWAvvXHtE9qCr9DmQ,@mariemsliti8133,"Billie Eilish — ""L'AMOUR DE MA VIE"" (Live Performance) | Apple Music 2024 Artist of the Year",Billie Eilish live performance,2026-05-02 05:30:38
Ugzv_E8TR8B20OsNTYR4AaABAg,UPeEeGHydWs,❤❤❤,2025-05-11T07:40:30Z,1,0,UCz1CBAOj5vUtrXDC2UvqCpQ,@ramonmecenas5593,"Billie Eilish — ""L'AMOUR DE MA VIE"" (Live Performance) | Apple Music 2024 Artist of the Year",Billie Eilish live performance,2026-05-02 05:30:38
UgwIo9zFwjhfSsjU6uV4AaABAg,UPeEeGHydWs,❤❤❤❤❤,2025-06-09T17:05:36Z,0,0,UC58j7aZazucjnreaROG7LsA,@pooyaaj4336,"Billie Eilish — ""L'AMOUR DE MA VIE"" (Live Performance) | Apple Music 2024 Artist of the Year",Billie Eilish live performance,2026-05-02 05:30:38
Ugw0n1PxiSawRS_f3QF4AaABAg,UPeEeGHydWs,❤❤,2025-08-23T14:40:08Z,0,0,UCxiIKYavBZRfLdChOIuHVvA,@senanurbasar1046,"Billie Eilish — ""L'AMOUR DE MA VIE"" (Live Performance) | Apple Music 2024 Artist of the Year",Billie Eilish live performance,2026-05-02 05:30:38
UgxGGbTQua-aEpA0uvN4AaABAg,UPeEeGHydWs,it’s billie birthday ❤❤🎉🎉,2024-12-18T03:33:33Z,0,0,UCYX2jhC6i91myqnbdkQzQdw,@ilvecatts,"Billie Eilish — ""L'AMOUR DE MA VIE"" (Live Performance) | Apple Music 2024 Artist of the Year",Billie Eilish live performance,2026-05-02 05:30:38
UgyIZdskJTbfDbAw8-t4AaABAg,UPeEeGHydWs,The most beautiful angel. ❤,2024-12-18T15:37:32Z,0,0,UC-D23bHL3xAX3Vvc1oe0VRw,@Heartlesx_Studio,"Billie Eilish — ""L'AMOUR DE MA VIE"" (Live Performance) | Apple Music 2024 Artist of the Year",Billie Eilish live performance,2026-05-02 05:30:38
UgwkW9qPuyDdnL08xox4AaABAg,UPeEeGHydWs,"I love you, I sung this song at my schools arts night (I flopped) but still",2024-12-18T03:28:37Z,1,0,UCmMKAAZMFTl21dvk3Pv_1nA,@Tully_027,"Billie Eilish — ""L'AMOUR DE MA VIE"" (Live Performance) | Apple Music 2024 Artist of the Year",Billie Eilish live performance,2026-05-02 05:30:38
UgwwCAmGFweaadN-Ilx4AaABAg,UPeEeGHydWs,I’m still trying to be my best. Thank you for this B,2025-06-08T09:12:42Z,0,0,UCWYbbX05p5XKjVVwo9PbgLw,@Beezwaxxworld,"Billie Eilish — ""L'AMOUR DE MA VIE"" (Live Performance) | Apple Music 2024 Artist of the Year",Billie Eilish live performance,2026-05-02 05:30:38
UgzrgdsmPSfU4B1HNGh4AaABAg,UPeEeGHydWs,Can we talk about how high Finneas is singing as a male vocalist?,2024-12-19T21:40:16Z,0,0,UCYIYLvg2VnyCw59m8OavPYA,@SenovioAguilar,"Billie Eilish — ""L'AMOUR DE MA VIE"" (Live Performance) | Apple Music 2024 Artist of the Year",Billie Eilish live performance,2026-05-02 05:30:38
UgxzR4g6_YBo83L0Ysp4AaABAg,UPeEeGHydWs,Su voz siempre tan hermosa y natural 💙💙,2024-12-18T17:42:22Z,1,0,UCsPVhm6Eyb7Ne48XclEhxfw,@Nat-nose,"Billie Eilish — ""L'AMOUR DE MA VIE"" (Live Performance) | Apple Music 2024 Artist of the Year",Billie Eilish live performance,2026-05-02 05:30:38
Ugzd1qz9_e-py9_--4F4AaABAg,UPeEeGHydWs,"m.a. se que estás por aqui, gracias por enseñarme esta joyitaa:&#39;)",2024-12-18T14:07:24Z,0,0,UCOXZVbA3pYK_RrFZZNFeRuA,@jeffmagallanes0604,"Billie Eilish — ""L'AMOUR DE MA VIE"" (Live Performance) | Apple Music 2024 Artist of the Year",Billie Eilish live performance,2026-05-02 05:30:38
UgzThcGVY9N-nc8bS7h4AaABAg,UPeEeGHydWs,Magnifique !!!,2025-01-07T15:27:28Z,1,0,UCkQVVBTcCZbSUEBwkMW-TTA,@RodrigoCosta-1971,"Billie Eilish — ""L'AMOUR DE MA VIE"" (Live Performance) | Apple Music 2024 Artist of the Year",Billie Eilish live performance,2026-05-02 05:30:38
UgxvRd57rzbBXRCiqXN4AaABAg,UPeEeGHydWs,She is amazing 😍,2024-12-26T00:47:18Z,1,0,UC0JJWaJvTd-BzkFTeib_-0A,@joaoalisson2006,"Billie Eilish — ""L'AMOUR DE MA VIE"" (Live Performance) | Apple Music 2024 Artist of the Year",Billie Eilish live performance,2026-05-02 05:30:38
UgxF_DeIAo_YuvtJNvt4AaABAg,UPeEeGHydWs,Her voice is my favorite songs 🌙,2025-05-13T18:35:13Z,0,0,UCKDY7Kgde8SrW4HJUuFkJQA,@Gochi_777,"Billie Eilish — ""L'AMOUR DE MA VIE"" (Live Performance) | Apple Music 2024 Artist of the Year",Billie Eilish live performance,2026-05-02 05:30:38
UgwnMqEaVkSGTsxvveF4AaABAg,UPeEeGHydWs,this is one of the best renditions wth,2024-12-18T17:45:01Z,0,0,UCoQYRcFQZuctkrLiJsJiPYQ,@marq.2,"Billie Eilish — ""L'AMOUR DE MA VIE"" (Live Performance) | Apple Music 2024 Artist of the Year",Billie Eilish live performance,2026-05-02 05:30:38
UgwnQRpGxFhI921THkx4AaABAg,UPeEeGHydWs,The best song,2024-12-21T00:59:29Z,0,0,UCcHzFCncvkHh_HzdMPf30KQ,@PeterRaiol,"Billie Eilish — ""L'AMOUR DE MA VIE"" (Live Performance) | Apple Music 2024 Artist of the Year",Billie Eilish live performance,2026-05-02 05:30:38
Ugxj5MnzqT0PL-64Jr14AaABAg,UPeEeGHydWs,"Que incrível esses dois, que voz linda, cantando essa música maravilhosa ❤",2025-07-27T17:33:45Z,1,0,UC1Li3gPiQAaRQskxKVBOijg,@juneocesar7325,"Billie Eilish — ""L'AMOUR DE MA VIE"" (Live Performance) | Apple Music 2024 Artist of the Year",Billie Eilish live performance,2026-05-02 05:30:38
UgzOyfn59f29kXax2Yp4AaABAg,UPeEeGHydWs,Happy Birthday Queen BE 💕,2024-12-18T15:15:13Z,1,0,UCUI4AyqvdHvFvNm5xdAf7Iw,@emilianomtzcuevas,"Billie Eilish — ""L'AMOUR DE MA VIE"" (Live Performance) | Apple Music 2024 Artist of the Year",Billie Eilish live performance,2026-05-02 05:30:38
Ugx9KwEQbmxwRHkX-7Z4AaABAg,UPeEeGHydWs,I need an acoustic version of Hit Me Hard and Soft. Like. ASAP.,2024-12-18T19:30:14Z,0,0,UCavotfRNbOGazgMmlu7X6GQ,@ready2learn87,"Billie Eilish — ""L'AMOUR DE MA VIE"" (Live Performance) | Apple Music 2024 Artist of the Year",Billie Eilish live performance,2026-05-02 05:30:38
Ugxyy-D2786rXs_O43N4AaABAg,UPeEeGHydWs,Happy birthday billie 🥳🎈🎊🎂🎁🎤🎸👑🔥🔥🔥❤️💋❤️💋❤️💋❤️💋,2024-12-18T06:41:33Z,2,0,UC46TdzFR8BhBWNkWi29vKzw,@بهنازطلائی,"Billie Eilish — ""L'AMOUR DE MA VIE"" (Live Performance) | Apple Music 2024 Artist of the Year",Billie Eilish live performance,2026-05-02 05:30:38
UgwO0Bw17bce13raQLR4AaABAg,UPeEeGHydWs,ビリーの可愛いさわは正義❤,2025-09-20T11:13:39Z,0,0,UCE36sFHp0_X-fJs547JirWw,@yasuhonchan1821,"Billie Eilish — ""L'AMOUR DE MA VIE"" (Live Performance) | Apple Music 2024 Artist of the Year",Billie Eilish live performance,2026-05-02 05:30:38
Ugwk2WK0PMKEf-3qNER4AaABAg,UPeEeGHydWs,perfect.,2024-12-27T00:29:32Z,0,0,UCKt8zTVleAL9-GFOa5nPuhA,@naoseipontocompontobr,"Billie Eilish — ""L'AMOUR DE MA VIE"" (Live Performance) | Apple Music 2024 Artist of the Year",Billie Eilish live performance,2026-05-02 05:30:38
UgzfQq17dhSstnL3n3N4AaABAg,UPeEeGHydWs,I love this song now her voice is good,2025-05-17T04:31:36Z,0,0,UCMI004NMQ5FHDFlpnia89ZA,@unodostres-fi8ug,"Billie Eilish — ""L'AMOUR DE MA VIE"" (Live Performance) | Apple Music 2024 Artist of the Year",Billie Eilish live performance,2026-05-02 05:30:38
UgyEkCq1DGvwGD-G6Dd4AaABAg,UPeEeGHydWs,to be the audience. lucky mfs.,2024-12-18T03:49:37Z,3,0,UCdhWVvp2WLZ64VRvxKaU8uA,@usridek,"Billie Eilish — ""L'AMOUR DE MA VIE"" (Live Performance) | Apple Music 2024 Artist of the Year",Billie Eilish live performance,2026-05-02 05:30:38
UgzjBtm92aSJYX79FUB4AaABAg,UPeEeGHydWs,Happy birthday Billie,2024-12-18T04:53:06Z,1,0,UCq-TsCjaqHMhVMHHsH5OuDw,@ErickPiastri,"Billie Eilish — ""L'AMOUR DE MA VIE"" (Live Performance) | Apple Music 2024 Artist of the Year",Billie Eilish live performance,2026-05-02 05:30:38
UgwBP4DV5KpvtIyhK094AaABAg,UPeEeGHydWs,I love billie❤❤❤❤,2025-03-30T04:43:23Z,0,0,UCXx1aGFkI6Rp7LwF9iRJz6w,@pamelamullerbiscuit2648,"Billie Eilish — ""L'AMOUR DE MA VIE"" (Live Performance) | Apple Music 2024 Artist of the Year",Billie Eilish live performance,2026-05-02 05:30:38
UgyLOf1k3Ot2ZJubrWB4AaABAg,UPeEeGHydWs,SIIING BILLIIIEEEEEE,2024-12-18T03:26:45Z,0,0,UCILqvrWr1m6pE0Xhpr11zJg,@leticiacarolinepcf5296,"Billie Eilish — ""L'AMOUR DE MA VIE"" (Live Performance) | Apple Music 2024 Artist of the Year",Billie Eilish live performance,2026-05-02 05:30:38
UgyUTMfmuX5RLNeJC7J4AaABAg,UPeEeGHydWs,❤,2024-12-18T05:20:35Z,0,0,UCv0OBOGGorWzFqsspczi0ZQ,@deyanabolivar7488,"Billie Eilish — ""L'AMOUR DE MA VIE"" (Live Performance) | Apple Music 2024 Artist of the Year",Billie Eilish live performance,2026-05-02 05:30:38
Ugwb2ZXIlnmLfsRMsO14AaABAg,UPeEeGHydWs,she&#39;s so good omgg,2024-12-18T10:06:38Z,1,0,UC6A9XbqiqqyMKzJdpnvFAgg,@itsbloodymaniac,"Billie Eilish — ""L'AMOUR DE MA VIE"" (Live Performance) | Apple Music 2024 Artist of the Year",Billie Eilish live performance,2026-05-02 05:30:38
UgwYGumZukGwAq02mrh4AaABAg,UPeEeGHydWs,Her voice is so d*mn beautiful!,2024-12-20T00:21:20Z,0,0,UCY0MZVqJtM9Npf6lknZi-vA,@Aquarius_Bae,"Billie Eilish — ""L'AMOUR DE MA VIE"" (Live Performance) | Apple Music 2024 Artist of the Year",Billie Eilish live performance,2026-05-02 05:30:38
UgxXvCCZFVLCMPaDfeh4AaABAg,UPeEeGHydWs,Perfeita,2025-09-02T14:06:57Z,0,0,UCblwF9bkbx7YruGZmFTpuPg,@raquelzetula,"Billie Eilish — ""L'AMOUR DE MA VIE"" (Live Performance) | Apple Music 2024 Artist of the Year",Billie Eilish live performance,2026-05-02 05:30:38
UgxgWeJ-ZHZ_0KQA-ch4AaABAg,UPeEeGHydWs,MY FAVORITE SONG FROM HMHAS AND WAS MY MOST PLAYED SONG FROM THE ALBUMMMMM,2024-12-18T03:28:18Z,1,0,UC0uwpWUOpdk2VkjNsc-zMlw,@YaneliReyes-vl2bx,"Billie Eilish — ""L'AMOUR DE MA VIE"" (Live Performance) | Apple Music 2024 Artist of the Year",Billie Eilish live performance,2026-05-02 05:30:38
UgwL7LQw3BdadKU1DkJ4AaABAg,UPeEeGHydWs,happy birthday my girll,2024-12-18T12:54:03Z,0,0,UCzmntwiTPjIMT7_qHs28eYg,@Mariami-x6g,"Billie Eilish — ""L'AMOUR DE MA VIE"" (Live Performance) | Apple Music 2024 Artist of the Year",Billie Eilish live performance,2026-05-02 05:30:38
UgwV8eSwcuAwR_crVDF4AaABAg,UPeEeGHydWs,"mira lo que es esa voz, PERFECTA",2024-12-18T16:00:05Z,0,0,UCFWC8gvYpJ2nTt0fUD7Y4Sw,@priscilaguzman3311,"Billie Eilish — ""L'AMOUR DE MA VIE"" (Live Performance) | Apple Music 2024 Artist of the Year",Billie Eilish live performance,2026-05-02 05:30:38
UgzdbXL0LlU0M-kk5554AaABAg,UPeEeGHydWs,"This video was amazing, learned a lot.",2025-02-07T03:45:41Z,0,0,UCRIS5MtH1PLqHLo2wNcO9Ew,@SenaidaHutchings,"Billie Eilish — ""L'AMOUR DE MA VIE"" (Live Performance) | Apple Music 2024 Artist of the Year",Billie Eilish live performance,2026-05-02 05:30:38
UgzWOS_jU1ZwIYzMPlt4AaABAg,UPeEeGHydWs,"super cute song, encapsulates perfectly a person in their early 20s going through a breakup. very impressed by the emotional maturity of the lyrics.",2025-04-20T10:35:35Z,0,0,UCIxukMh-qQ8XU9pVL2Rrg3w,@karifrancis6602,"Billie Eilish — ""L'AMOUR DE MA VIE"" (Live Performance) | Apple Music 2024 Artist of the Year",Billie Eilish live performance,2026-05-02 05:30:38
UgyGFDriX_qtS4LAOXd4AaABAg,UPeEeGHydWs,HAPPY BIRTHDAY ML❤ ILL ALWAYS LOVE U THE MOST,2024-12-18T13:47:24Z,0,0,UCkmaJnXSH2B48NWJd4VJNoA,@toms_billiesversion,"Billie Eilish — ""L'AMOUR DE MA VIE"" (Live Performance) | Apple Music 2024 Artist of the Year",Billie Eilish live performance,2026-05-02 05:30:38
Ugzqu6CoGFy1YnA9Oy54AaABAg,UPeEeGHydWs,Happy bday,2024-12-18T21:17:39Z,0,0,UCV586VWE3RVctg5tLpnyFCQ,@AMNSIDdasdasdsd,"Billie Eilish — ""L'AMOUR DE MA VIE"" (Live Performance) | Apple Music 2024 Artist of the Year",Billie Eilish live performance,2026-05-02 05:30:38
UgwY6ybFdbevZDlneYJ4AaABAg,UPeEeGHydWs,J&#39;adore cette chanson !,2025-05-23T05:15:01Z,0,0,UCVgQzKpg1sl9cgtElX-zeEQ,@sofialassalle417,"Billie Eilish — ""L'AMOUR DE MA VIE"" (Live Performance) | Apple Music 2024 Artist of the Year",Billie Eilish live performance,2026-05-02 05:30:38
UgzK_-WQPVw2kbFlKsd4AaABAg,UPeEeGHydWs,She’s 23 now ♥️♥️🎉,2024-12-18T22:24:33Z,0,0,UCm9u5vO2lKMcPrgbn9rM_gQ,@kiyahrenae,"Billie Eilish — ""L'AMOUR DE MA VIE"" (Live Performance) | Apple Music 2024 Artist of the Year",Billie Eilish live performance,2026-05-02 05:30:38
UgzektzI2QmHUpvbABx4AaABAg,UPeEeGHydWs,Really appreciate the insights in this video.,2025-02-07T02:00:07Z,0,0,UCgxe0sF4-ak082deFQZ4M1A,@CharlesMcelvain,"Billie Eilish — ""L'AMOUR DE MA VIE"" (Live Performance) | Apple Music 2024 Artist of the Year",Billie Eilish live performance,2026-05-02 05:30:38
UgzRFYcnNMbpomESrPx4AaABAg,UPeEeGHydWs,Really appreciate the insights in this video.,2025-02-07T03:02:20Z,0,0,UCfoJPhoDW4t1EEjEFCx4JyA,@seanvandongen,"Billie Eilish — ""L'AMOUR DE MA VIE"" (Live Performance) | Apple Music 2024 Artist of the Year",Billie Eilish live performance,2026-05-02 05:30:38
UgwRAtFliKsfM4dHTLl4AaABAg,UPeEeGHydWs,happy birthday billsss,2024-12-18T07:44:49Z,0,0,UC7z95O2-rtNy7F-zYGgzVPg,@notyourfriend..a,"Billie Eilish — ""L'AMOUR DE MA VIE"" (Live Performance) | Apple Music 2024 Artist of the Year",Billie Eilish live performance,2026-05-02 05:30:38
UgzJNvVcOXwlc8tcDGl4AaABAg,UPeEeGHydWs,Really appreciate the insights in this video.,2025-02-07T01:12:35Z,1,0,UCe97WuRS5fkiozKhGuJbnrg,@cfgjsrsfdrhgsdxz,"Billie Eilish — ""L'AMOUR DE MA VIE"" (Live Performance) | Apple Music 2024 Artist of the Year",Billie Eilish live performance,2026-05-02 05:30:38
Ugxql_RSoYW1XQxgdiN4AaABAg,UPeEeGHydWs,Love Billie so much,2025-03-05T21:26:05Z,0,0,UCscEz_05qCVQwH13EYEoFjQ,@connorbingham3029,"Billie Eilish — ""L'AMOUR DE MA VIE"" (Live Performance) | Apple Music 2024 Artist of the Year",Billie Eilish live performance,2026-05-02 05:30:38
UgwRlOy0saq9vfPqYmp4AaABAg,UPeEeGHydWs,omg 😭,2024-12-18T03:06:52Z,1,0,UCOpNFbzUsHi3MUjyeqi8hNw,@tamara._ferreira,"Billie Eilish — ""L'AMOUR DE MA VIE"" (Live Performance) | Apple Music 2024 Artist of the Year",Billie Eilish live performance,2026-05-02 05:30:38
UgzQI6270XdAUO4eqIt4AaABAg,UPeEeGHydWs,FINNEAS🥲,2025-01-04T04:29:05Z,2,0,UCr9Mt8_-QZTJJw5PO_N2B_g,@RatihTanina,"Billie Eilish — ""L'AMOUR DE MA VIE"" (Live Performance) | Apple Music 2024 Artist of the Year",Billie Eilish live performance,2026-05-02 05:30:38
UgxLk7aJ1HLspymmSkp4AaABAg,UPeEeGHydWs,have the best 23rd billie &lt;3,2024-12-18T06:52:38Z,0,0,UCi6W1obgG4yfWm7lKDM2HpQ,@Soph.hys.24,"Billie Eilish — ""L'AMOUR DE MA VIE"" (Live Performance) | Apple Music 2024 Artist of the Year",Billie Eilish live performance,2026-05-02 05:30:38
UgwJeIhTNlugYT8dpDR4AaABAg,UPeEeGHydWs,HAPPY BIRTHDAY BILLIEEE!! &gt;&lt; 💫💫,2024-12-18T05:45:30Z,0,0,UCOwDOYLlRH8bMDb1KD9wL1A,@santamax-x,"Billie Eilish — ""L'AMOUR DE MA VIE"" (Live Performance) | Apple Music 2024 Artist of the Year",Billie Eilish live performance,2026-05-02 05:30:38
UgwVjk9qiTt_4KCvYoV4AaABAg,UPeEeGHydWs,Oh I love Finneas and William Eilish soooooo much.,2024-12-18T10:22:31Z,0,0,UCmnGpX6cFh73bFmRPi1aIng,@Klara-vt4hx,"Billie Eilish — ""L'AMOUR DE MA VIE"" (Live Performance) | Apple Music 2024 Artist of the Year",Billie Eilish live performance,2026-05-02 05:30:38
UgwjYId2LxWSx2InNh94AaABAg,UPeEeGHydWs,"SO much cuteness, So much talent. LOVE IT",2024-12-18T06:57:43Z,1,0,UC9vhT0lJ4VzfUqBZhOkmACQ,@sherylAA,"Billie Eilish — ""L'AMOUR DE MA VIE"" (Live Performance) | Apple Music 2024 Artist of the Year",Billie Eilish live performance,2026-05-02 05:30:38
UgwFyXzNjRH1n2qs0AN4AaABAg,UPeEeGHydWs,"Esta es mi versión favorita, muy jazzy, amoooo 🤍",2024-12-19T20:29:34Z,0,0,UCP97gBkkEZ0eNLX4nevkCXg,@daneyramorales6746,"Billie Eilish — ""L'AMOUR DE MA VIE"" (Live Performance) | Apple Music 2024 Artist of the Year",Billie Eilish live performance,2026-05-02 05:30:38
Ugxilo6uyod8LD4sfnx4AaABAg,UPeEeGHydWs,Finneas should be nominated for Man of the century... i&#39;m a big brother... but he&#39;s taking the cake,2025-04-15T02:16:07Z,0,0,UC4CVzDHOCEQQ1pfl1vj88wg,@mojo8253,"Billie Eilish — ""L'AMOUR DE MA VIE"" (Live Performance) | Apple Music 2024 Artist of the Year",Billie Eilish live performance,2026-05-02 05:30:38
Ugz7El8KNl6Dbxh3ukV4AaABAg,UPeEeGHydWs,I love them omg!! It’s always so Wondeful seeing the both of them.💕,2024-12-18T03:34:11Z,2,0,UCOMcPuHiJovdEH6nnCjKiZg,@xbilliesversion,"Billie Eilish — ""L'AMOUR DE MA VIE"" (Live Performance) | Apple Music 2024 Artist of the Year",Billie Eilish live performance,2026-05-02 05:30:38
UgxxJQU7O9ztHd8Iaix4AaABAg,UPeEeGHydWs,Happy birthday ❤,2024-12-18T06:54:37Z,0,0,UCWPUUXwkmtIHschapSmds_A,@Djuedrong,"Billie Eilish — ""L'AMOUR DE MA VIE"" (Live Performance) | Apple Music 2024 Artist of the Year",Billie Eilish live performance,2026-05-02 05:30:38
UgxqHUUdjPJdeba9Lnp4AaABAg,UPeEeGHydWs,웅냥냥 생일축하해 빌리sis❤,2024-12-18T05:39:13Z,0,0,UCEpuTESMRulj9pb-LZPVHfQ,@endrewandyou,"Billie Eilish — ""L'AMOUR DE MA VIE"" (Live Performance) | Apple Music 2024 Artist of the Year",Billie Eilish live performance,2026-05-02 05:30:38
UgwH_ozy73PAuZLVKMV4AaABAg,UPeEeGHydWs,Happy birthday my baby💖🦋,2024-12-18T08:00:35Z,0,0,UCuFlqmrjQg_dV9J9jcO0VvQ,@VoyageBeyondBlue,"Billie Eilish — ""L'AMOUR DE MA VIE"" (Live Performance) | Apple Music 2024 Artist of the Year",Billie Eilish live performance,2026-05-02 05:30:38
UgxYdTRHCvB_5DaTgjl4AaABAg,UPeEeGHydWs,"Loved this video, keep up the great work!",2025-02-07T02:00:24Z,0,0,UCJPg9bU-D7awpmAw8bR-Ulg,@زوزالمطرفي-ه1ذ,"Billie Eilish — ""L'AMOUR DE MA VIE"" (Live Performance) | Apple Music 2024 Artist of the Year",Billie Eilish live performance,2026-05-02 05:30:38
Ugzz-7vX-meddQzIExB4AaABAg,UPeEeGHydWs,"Con esa mira en el minutos 1.07 diciendo , hermano acompañame en esta . Ya vamos ❤ que  lindo duo 🥰🎼🎵🎼🎵❤️🌹🌹🌹🌹😉😍",2025-06-12T04:02:48Z,0,0,UCqLmhblehIbig5BHdKyVpJQ,@AlonsoJonathanValenzuelareboll,"Billie Eilish — ""L'AMOUR DE MA VIE"" (Live Performance) | Apple Music 2024 Artist of the Year",Billie Eilish live performance,2026-05-02 05:30:38
UgyzRZzEkXiSnMGvq6B4AaABAg,UPeEeGHydWs,HAPPY BIRTHDAY 💖💖,2024-12-18T11:35:32Z,0,0,UCTGQ5lmVUgbAvXfOK5OjFLg,@carolinafroess,"Billie Eilish — ""L'AMOUR DE MA VIE"" (Live Performance) | Apple Music 2024 Artist of the Year",Billie Eilish live performance,2026-05-02 05:30:38
UgwNXLjP5muXiE4SArJ4AaABAg,UPeEeGHydWs,HAPPY BIRTHDAY MY LOVEEE &lt;3,2024-12-18T03:40:08Z,0,0,UCwrHzPYGbslvB_FEkGrXB0Q,@FatehSingh-ft3ox,"Billie Eilish — ""L'AMOUR DE MA VIE"" (Live Performance) | Apple Music 2024 Artist of the Year",Billie Eilish live performance,2026-05-02 05:30:38
UgzUZPyl9uPDCOYrgVB4AaABAg,UPeEeGHydWs,This version is chef&#39;s kiss OMG,2024-12-19T02:27:11Z,0,0,UCjZo5_zjfaVY1p6wv1_bw0A,@MikayJung,"Billie Eilish — ""L'AMOUR DE MA VIE"" (Live Performance) | Apple Music 2024 Artist of the Year",Billie Eilish live performance,2026-05-02 05:30:38
UgxpUCf0qUkjIf6m-XJ4AaABAg,UPeEeGHydWs,"Your videos are always so helpful, thank you!",2025-02-07T01:54:58Z,0,0,UCtF1aJYs7-U2eqt3D1kbOyg,@DiemNhi-e3h,"Billie Eilish — ""L'AMOUR DE MA VIE"" (Live Performance) | Apple Music 2024 Artist of the Year",Billie Eilish live performance,2026-05-02 05:30:38
UgzWg3314mRUIRu4o2l4AaABAg,UPeEeGHydWs,"‏‪<a href=""https://www.youtube.com/watch?v=UPeEeGHydWs&amp;t=90"">1:30</a>‬‏ I love this part so much ✨💙",2024-12-18T21:02:15Z,1,0,UCZumPpmmAEn4uFnQPO6QDmQ,@zh_tk,"Billie Eilish — ""L'AMOUR DE MA VIE"" (Live Performance) | Apple Music 2024 Artist of the Year",Billie Eilish live performance,2026-05-02 05:30:38
Ugw5JBpkZqMbUQX9gkt4AaABAg,UPeEeGHydWs,"happy birthday billie,ily",2024-12-18T11:29:38Z,0,0,UCTcpoyE7S_Sj5yeXfoqLJbw,@anziocc,"Billie Eilish — ""L'AMOUR DE MA VIE"" (Live Performance) | Apple Music 2024 Artist of the Year",Billie Eilish live performance,2026-05-02 05:30:38
UgzOUPi-25YWDSWaPnF4AaABAg,UPeEeGHydWs,"Best sing on a great, great album, IMO.",2024-12-18T15:15:09Z,0,0,UCMfCWPgHTPBAvLFvhcRCp1g,@kiwimull,"Billie Eilish — ""L'AMOUR DE MA VIE"" (Live Performance) | Apple Music 2024 Artist of the Year",Billie Eilish live performance,2026-05-02 05:30:38
Ugyl_Ew58SkEgLiTuup4AaABAg,UPeEeGHydWs,My favorite,2024-12-19T09:18:31Z,0,0,UCXZ0xbqtUKpo1HQiEK3SJLQ,@A.shk9,"Billie Eilish — ""L'AMOUR DE MA VIE"" (Live Performance) | Apple Music 2024 Artist of the Year",Billie Eilish live performance,2026-05-02 05:30:38
UgzUo4Lx2MVvMAjDKjZ4AaABAg,UPeEeGHydWs,HAPPY BIRTHDAY SWEET ANGEL ❤,2024-12-18T07:27:57Z,0,0,UCsaxtFBGE0WvnYYVozvPP0g,@xo_danaya2967,"Billie Eilish — ""L'AMOUR DE MA VIE"" (Live Performance) | Apple Music 2024 Artist of the Year",Billie Eilish live performance,2026-05-02 05:30:38
UgyuYdnsCX9xRAc5jw54AaABAg,UPeEeGHydWs,Her voice is a masterpiece,2024-12-18T03:55:16Z,0,0,UCQ43Y3E_T-dsPKUxDVyzTyQ,@andrezabrito3642,"Billie Eilish — ""L'AMOUR DE MA VIE"" (Live Performance) | Apple Music 2024 Artist of the Year",Billie Eilish live performance,2026-05-02 05:30:38
UgwrKhV1sPnSdvC0ocN4AaABAg,UPeEeGHydWs,🎈🎉 Happy Birthday!🎂🎶,2024-12-18T07:01:04Z,0,0,UCibMOaU-70DPlrQLttTc7QA,@deb3710,"Billie Eilish — ""L'AMOUR DE MA VIE"" (Live Performance) | Apple Music 2024 Artist of the Year",Billie Eilish live performance,2026-05-02 05:30:38
UgwWc5gtKYYAD8nixX94AaABAg,UPeEeGHydWs,billie’s birthday in a few hourssss,2024-12-18T03:27:07Z,0,0,UC2NdyuuQzAobnbMz10-hNGw,@myatocool,"Billie Eilish — ""L'AMOUR DE MA VIE"" (Live Performance) | Apple Music 2024 Artist of the Year",Billie Eilish live performance,2026-05-02 05:30:38
Ugw-OxB4SZM9WkFP_vd4AaABAg,UPeEeGHydWs,HAPPY BIRTHDAY BILLIEEEEEEEEEEEE,2024-12-18T18:18:00Z,0,0,UConz6uxt2JU4KgWyj8gtneg,@AnakinSkywalker-x5p,"Billie Eilish — ""L'AMOUR DE MA VIE"" (Live Performance) | Apple Music 2024 Artist of the Year",Billie Eilish live performance,2026-05-02 05:30:38
UgzokqqSD4J1PuvgOml4AaABAg,UPeEeGHydWs,Thank you for the great content!,2025-02-07T11:36:55Z,0,0,UCPK7ThEpH9ucKYY9-4Pwd1A,@JustinRice-j5t,"Billie Eilish — ""L'AMOUR DE MA VIE"" (Live Performance) | Apple Music 2024 Artist of the Year",Billie Eilish live performance,2026-05-02 05:30:38
UgxmApzNTs3pTPgGEXZ4AaABAg,UPeEeGHydWs,Phineas has some resemblance with Kurt Cobain,2024-12-26T08:44:38Z,2,0,UC5VA_mDsN6ef2L73tOiKgow,@AhmadDanialChannel,"Billie Eilish — ""L'AMOUR DE MA VIE"" (Live Performance) | Apple Music 2024 Artist of the Year",Billie Eilish live performance,2026-05-02 05:30:38
UgwipTm0SqRbev7Q9Th4AaABAg,UPeEeGHydWs,I love them both so much happy birthday Billie💙,2024-12-19T05:05:37Z,1,0,UCFnt3DDHXksN1PQ5lbN-3Aw,@chloebreslin,"Billie Eilish — ""L'AMOUR DE MA VIE"" (Live Performance) | Apple Music 2024 Artist of the Year",Billie Eilish live performance,2026-05-02 05:30:38
UgxSxfzrphH-ApCqzRN4AaABAg,UPeEeGHydWs,birthday girl&lt;3333333,2024-12-18T15:21:04Z,0,0,UCF23nNrG43eq_iUxyX9udKg,@omarhout838,"Billie Eilish — ""L'AMOUR DE MA VIE"" (Live Performance) | Apple Music 2024 Artist of the Year",Billie Eilish live performance,2026-05-02 05:30:38
UgzvQct2qpguHkghSHt4AaABAg,UPeEeGHydWs,Oh my god we love you Billie 😭🤍,2024-12-18T03:44:35Z,0,0,UCHU9vTvZWuX3LF6pPZfGCKw,@DebanhiMolina,"Billie Eilish — ""L'AMOUR DE MA VIE"" (Live Performance) | Apple Music 2024 Artist of the Year",Billie Eilish live performance,2026-05-02 05:30:38
Ugw2YK_I-6CWae_Cr-p4AaABAg,UPeEeGHydWs,Her voice is so beautiful,2024-12-18T07:13:54Z,0,0,UCxpLTC-88nTa3tj3UXYlVqg,@TheSneakyPancake,"Billie Eilish — ""L'AMOUR DE MA VIE"" (Live Performance) | Apple Music 2024 Artist of the Year",Billie Eilish live performance,2026-05-02 05:30:38
Ugwkq75u9NV5cDKja6Z4AaABAg,UPeEeGHydWs,Geeeeeez……..that voice!!!!!!!!,2024-12-20T02:57:29Z,0,0,UCRrNBudivaZGQlxjGuOVFrA,@corderoheat,"Billie Eilish — ""L'AMOUR DE MA VIE"" (Live Performance) | Apple Music 2024 Artist of the Year",Billie Eilish live performance,2026-05-02 05:30:38
UgxtcEGkcTrRcgUCn394AaABAg,UPeEeGHydWs,🥰😍🥹 love her so much❣️She’s evolved so much! Can’t wait to hear Blue live!,2024-12-18T03:05:24Z,1,0,UC_sZD8Dz-iVxcFruDceBe4g,@CaMariaKelley12,"Billie Eilish — ""L'AMOUR DE MA VIE"" (Live Performance) | Apple Music 2024 Artist of the Year",Billie Eilish live performance,2026-05-02 05:30:38
Ugz4awt6lrDpc57CDfZ4AaABAg,UPeEeGHydWs,"This song are difficult to sing, but Billie actually ate it with live, and Finneas hair is so stunning 😂❤. Btw, happy birthday Billie Eilish 🎉",2024-12-18T11:45:22Z,0,0,UCot2dQy6RODzEYk-ZP_gXuw,@fahranddd,"Billie Eilish — ""L'AMOUR DE MA VIE"" (Live Performance) | Apple Music 2024 Artist of the Year",Billie Eilish live performance,2026-05-02 05:30:38
UgyJ5hprzrTVTg-h01p4AaABAg,UPeEeGHydWs,happy birthday my love❤🎉,2024-12-18T03:43:32Z,0,0,UCEVaA1C4WvUaAWqGZrTgtnQ,@miftadwianggraini,"Billie Eilish — ""L'AMOUR DE MA VIE"" (Live Performance) | Apple Music 2024 Artist of the Year",Billie Eilish live performance,2026-05-02 05:30:38
UgzaKpAfTjWto_Hc2QF4AaABAg,UPeEeGHydWs,Happy birthday bille thanks for your music it changed my life,2024-12-18T15:49:47Z,0,0,UCTInjyeQgrzd_y4uOqJ9mog,@puppydoglove-b3o,"Billie Eilish — ""L'AMOUR DE MA VIE"" (Live Performance) | Apple Music 2024 Artist of the Year",Billie Eilish live performance,2026-05-02 05:30:38
UgyzWDLtFS5H0360Ced4AaABAg,UPeEeGHydWs,HAPPY BIRTHDAY BILLIEE,2024-12-18T03:55:30Z,0,0,UCH2fnssybQkv6X6vK3T9IfA,@vanessarckrd,"Billie Eilish — ""L'AMOUR DE MA VIE"" (Live Performance) | Apple Music 2024 Artist of the Year",Billie Eilish live performance,2026-05-02 05:30:38
Ugx2EZUpJdelYJTK-vZ4AaABAg,UPeEeGHydWs,lovely and Happy Bday,2024-12-18T09:18:27Z,0,0,UC9VZUvUdeLT4-ZKii5RNI9Q,@mint3853,"Billie Eilish — ""L'AMOUR DE MA VIE"" (Live Performance) | Apple Music 2024 Artist of the Year",Billie Eilish live performance,2026-05-02 05:30:38
UgzWez5vR0UHGeOaq0d4AaABAg,UPeEeGHydWs,😊😎,2025-02-21T14:44:58Z,1,0,UCf6InYZxgd0RdGV0QdpdZzA,@amelieOriginals,"Billie Eilish — ""L'AMOUR DE MA VIE"" (Live Performance) | Apple Music 2024 Artist of the Year",Billie Eilish live performance,2026-05-02 05:30:38
UgwFfLYKQbAjofnnjm14AaABAg,UPeEeGHydWs,Iloveyou Billie,2024-12-25T07:56:46Z,0,0,UCu9ak96YGVcM94rYoB0eEfw,@Zaidnee,"Billie Eilish — ""L'AMOUR DE MA VIE"" (Live Performance) | Apple Music 2024 Artist of the Year",Billie Eilish live performance,2026-05-02 05:30:38
UgxVsA_3AdNKTAuHX_R4AaABAg,UPeEeGHydWs,"Billie Eilish is probably the only mainstream pop artist these days that makes songs i remember and that i get an emotional connection to like WILDFLOWER man that is a nice song, maybe its here style of music that speaks to me i don&#39;t know? Almoast like a good bluse ore soul band really nice soulful music she and here brother make cool stuff!",2024-12-18T17:26:57Z,0,0,UCrd3VOsehf59BuOFve6HUDQ,@davidpaabor1382,"Billie Eilish — ""L'AMOUR DE MA VIE"" (Live Performance) | Apple Music 2024 Artist of the Year",Billie Eilish live performance,2026-05-02 05:30:38
UgztNwJVROsZQDFT53x4AaABAg,UPeEeGHydWs,They should be famous,2024-12-18T06:00:42Z,0,0,UCphfFAwHqkT3nninNhbJUdA,@moonshadowxox8803,"Billie Eilish — ""L'AMOUR DE MA VIE"" (Live Performance) | Apple Music 2024 Artist of the Year",Billie Eilish live performance,2026-05-02 05:30:38
UgxpDQhPvrroOfWt8j54AaABAg,UPeEeGHydWs,LOVEE HAPPY B DAY BILLIEEE ❤❤❤,2024-12-18T15:11:07Z,0,0,UCn5XmUU0hTzZYHiVFGSKYVA,@GINGA_FAN,"Billie Eilish — ""L'AMOUR DE MA VIE"" (Live Performance) | Apple Music 2024 Artist of the Year",Billie Eilish live performance,2026-05-02 05:30:38
Ugy-1wNNEPKPRoWmtDJ4AaABAg,UPeEeGHydWs,"WHERES THE REST APPLE MUSIC, IM YEARNINGGG",2024-12-18T03:15:05Z,0,0,UC-QkVctBlemJDML6XBSm3rA,@notstinamarie,"Billie Eilish — ""L'AMOUR DE MA VIE"" (Live Performance) | Apple Music 2024 Artist of the Year",Billie Eilish live performance,2026-05-02 05:30:38
UgzGBWnmGP0BLfzBDMx4AaABAg,UPeEeGHydWs,i’m obsessed with this ily billie and finneas,2024-12-18T05:24:21Z,0,0,UCW3mJrpLQ76rfjCiu5nxyIg,@morgansparkle5935,"Billie Eilish — ""L'AMOUR DE MA VIE"" (Live Performance) | Apple Music 2024 Artist of the Year",Billie Eilish live performance,2026-05-02 05:30:38
UgzuB0AviqSAHdHSd0p4AaABAg,UPeEeGHydWs,Happy birthday billie. I love you so much..,2024-12-18T09:40:52Z,0,0,UCVEAX5b2p4Vptg462CehtAQ,@andrezaoldyeck9876,"Billie Eilish — ""L'AMOUR DE MA VIE"" (Live Performance) | Apple Music 2024 Artist of the Year",Billie Eilish live performance,2026-05-02 05:30:38
UgzDdNgjMMo9ef4b-ad4AaABAg,UPeEeGHydWs,🤍🖤,2025-02-23T02:10:34Z,2,0,UCJwEzkpi-W6YRCKZ81dKoRg,@pjlapiningroamer,"Billie Eilish — ""L'AMOUR DE MA VIE"" (Live Performance) | Apple Music 2024 Artist of the Year",Billie Eilish live performance,2026-05-02 05:30:38
UgzYL2-hoP9DUmGu5H14AaABAg,UPeEeGHydWs,I love them.,2025-01-10T05:40:00Z,0,0,UC7r8AOYY9dPl3e1G8Iu7wBw,@minaramadan6961,"Billie Eilish — ""L'AMOUR DE MA VIE"" (Live Performance) | Apple Music 2024 Artist of the Year",Billie Eilish live performance,2026-05-02 05:30:38
UgzevJeF3wJNwQwpJix4AaABAg,UPeEeGHydWs,:p cool the 30th it’s the best,2025-08-08T13:24:49Z,1,0,UC39_-jIpjN41oY_qsrKWy3Q,@who_isthis000,"Billie Eilish — ""L'AMOUR DE MA VIE"" (Live Performance) | Apple Music 2024 Artist of the Year",Billie Eilish live performance,2026-05-02 05:30:38
UgyUBmPJLcLxL1XUiDB4AaABAg,UPeEeGHydWs,Billie es un amor ❤,2024-12-18T08:26:19Z,0,0,UCo_Erq3gWThqyqti6GvZE_g,@xavixavi980,"Billie Eilish — ""L'AMOUR DE MA VIE"" (Live Performance) | Apple Music 2024 Artist of the Year",Billie Eilish live performance,2026-05-02 05:30:38
UgzXcBorsDrNXW4pqvJ4AaABAg,UPeEeGHydWs,HAPPY BIRTHDAYYY BILLIEEE 🎉,2024-12-18T17:00:22Z,0,0,UCdIB4kRNAOmvXzlverQxdoA,@Yeferson28c,"Billie Eilish — ""L'AMOUR DE MA VIE"" (Live Performance) | Apple Music 2024 Artist of the Year",Billie Eilish live performance,2026-05-02 05:30:38
UgwythRIh1cI9iRgitx4AaABAg,UPeEeGHydWs,Billie love you sm❤,2024-12-18T08:18:18Z,0,0,UCEC0gXMOAayyyE1Wdw9AosQ,@gilangfathurahmann,"Billie Eilish — ""L'AMOUR DE MA VIE"" (Live Performance) | Apple Music 2024 Artist of the Year",Billie Eilish live performance,2026-05-02 05:30:38
UgwBi3SZ_-pFwycMn_d4AaABAg,UPeEeGHydWs,Ela é perfeita ❤,2025-02-04T13:31:24Z,0,0,UCG7cPB4BZ1FV6RcllMPOgnA,@ESCORPIANIX,"Billie Eilish — ""L'AMOUR DE MA VIE"" (Live Performance) | Apple Music 2024 Artist of the Year",Billie Eilish live performance,2026-05-02 05:30:38
Ugwduks3SU-AmhN88N94AaABAg,UPeEeGHydWs,Feliz aniversário Bibi 🎂🎈,2024-12-18T12:52:43Z,0,0,UCBi-bbIsXovVA-9KJb2sgqA,@rayssamel,"Billie Eilish — ""L'AMOUR DE MA VIE"" (Live Performance) | Apple Music 2024 Artist of the Year",Billie Eilish live performance,2026-05-02 05:30:38
Ugwgt385pRjnGcKpnLt4AaABAg,UPeEeGHydWs,Dear my friends,2025-07-07T08:23:48Z,0,0,UCkyow9WgcWXE2HhKDUOfWLw,@이방원-k6u,"Billie Eilish — ""L'AMOUR DE MA VIE"" (Live Performance) | Apple Music 2024 Artist of the Year",Billie Eilish live performance,2026-05-02 05:30:38
Ugx12z9RjRxpNbRXgO94AaABAg,UPeEeGHydWs,HAPPY BIRTHDAY BILLIE WE LOVE YOUUUUU SO MUCH!!!❤❤,2024-12-18T05:52:07Z,0,0,UCahixkiwdMftXfxCyEaMhXg,@Elebelexxx,"Billie Eilish — ""L'AMOUR DE MA VIE"" (Live Performance) | Apple Music 2024 Artist of the Year",Billie Eilish live performance,2026-05-02 05:30:38
UgxkMYgUZPgFl1oYpIt4AaABAg,UPeEeGHydWs,Happy birthday billie  🎀,2024-12-18T08:05:44Z,0,0,UCuFlqmrjQg_dV9J9jcO0VvQ,@VoyageBeyondBlue,"Billie Eilish — ""L'AMOUR DE MA VIE"" (Live Performance) | Apple Music 2024 Artist of the Year",Billie Eilish live performance,2026-05-02 05:30:38
Ugx_HXkJFk4TXdfSvrN4AaABAg,UPeEeGHydWs,Happy u Billie❤,2024-12-18T11:34:11Z,0,0,UCwSY95Z90XhMAqrWngeDncw,@Sam-lq3jk,"Billie Eilish — ""L'AMOUR DE MA VIE"" (Live Performance) | Apple Music 2024 Artist of the Year",Billie Eilish live performance,2026-05-02 05:30:38
UgyLScm6WHfYkZg8qyB4AaABAg,UPeEeGHydWs,"This video was amazing, learned a lot.",2025-02-07T01:14:42Z,0,0,UCYJhZzaxU1DMA10qVXSve4Q,@AndreRoman-t3z,"Billie Eilish — ""L'AMOUR DE MA VIE"" (Live Performance) | Apple Music 2024 Artist of the Year",Billie Eilish live performance,2026-05-02 05:30:38
UgyaNzUaE4Y2TO-JQLh4AaABAg,UPeEeGHydWs,"Danm❤, she&#39;s so good.",2024-12-18T13:52:59Z,0,0,UCwozrnA_feBCtvNeQolPNaA,@JPmusicnation,"Billie Eilish — ""L'AMOUR DE MA VIE"" (Live Performance) | Apple Music 2024 Artist of the Year",Billie Eilish live performance,2026-05-02 05:30:38
Ugzua2ixWLzOMTlO_pF4AaABAg,UPeEeGHydWs,❤,2024-12-18T03:52:57Z,0,0,UCbSP6pjpOM_SF9__FWWm65g,@RENGENMAY,"Billie Eilish — ""L'AMOUR DE MA VIE"" (Live Performance) | Apple Music 2024 Artist of the Year",Billie Eilish live performance,2026-05-02 05:30:38
UgwfehX6JGiu8d4bHmt4AaABAg,UPeEeGHydWs,Happy Birthday Billie.  Hope you will come to Thailand again.💙,2024-12-18T03:45:46Z,0,0,UCCw8PTeH09iW0AOmLZdKY-g,@werasarutkaewumpornrut6278,"Billie Eilish — ""L'AMOUR DE MA VIE"" (Live Performance) | Apple Music 2024 Artist of the Year",Billie Eilish live performance,2026-05-02 05:30:38
UgzEOJDdne4z3rdu2Oh4AaABAg,UPeEeGHydWs,"Happy birthday Billie, I love you 💙✨",2024-12-18T21:01:43Z,0,0,UCZumPpmmAEn4uFnQPO6QDmQ,@zh_tk,"Billie Eilish — ""L'AMOUR DE MA VIE"" (Live Performance) | Apple Music 2024 Artist of the Year",Billie Eilish live performance,2026-05-02 05:30:38
UgxtdvmuhJ26-jSUGiB4AaABAg,UPeEeGHydWs,FIREE,2024-12-18T03:04:33Z,0,0,UCZ80AChe_-XbNJRx2qzpsIg,@Kaprisunjuice,"Billie Eilish — ""L'AMOUR DE MA VIE"" (Live Performance) | Apple Music 2024 Artist of the Year",Billie Eilish live performance,2026-05-02 05:30:38
UgypqCGEtJy_NpG-VdJ4AaABAg,UPeEeGHydWs,Los amo mucho.HAPPY BIRTHDAY BABY I LOVE YOU BILLIE,2024-12-18T03:38:44Z,0,0,UCWTPIcrJjkJG6BhVG8wAkBw,@narellaarregin3625,"Billie Eilish — ""L'AMOUR DE MA VIE"" (Live Performance) | Apple Music 2024 Artist of the Year",Billie Eilish live performance,2026-05-02 05:30:38
UgxQnwuLWLNw7eoSzah4AaABAg,UPeEeGHydWs,Feliz vida Billie 💜,2024-12-18T03:31:51Z,0,0,UCwN3Aa5a9C0t9xFL0w1Tk-A,@gerbacias,"Billie Eilish — ""L'AMOUR DE MA VIE"" (Live Performance) | Apple Music 2024 Artist of the Year",Billie Eilish live performance,2026-05-02 05:30:38
Ugz4v4G8ozKNDqT-FTF4AaABAg,UPeEeGHydWs,Amazing voice Billie 😊,2024-12-18T05:45:13Z,0,0,UCx8FfeCvifyrl9QDKI6qpyQ,@Billiexfinneaslove,"Billie Eilish — ""L'AMOUR DE MA VIE"" (Live Performance) | Apple Music 2024 Artist of the Year",Billie Eilish live performance,2026-05-02 05:30:38
UgzRPmrA7ECUz0Sser94AaABAg,UPeEeGHydWs,"This was exactly what I needed, thanks!",2025-02-06T23:52:59Z,0,0,UCsBDVJM8JGLO1AyG-gA30bQ,@RaquelHailie,"Billie Eilish — ""L'AMOUR DE MA VIE"" (Live Performance) | Apple Music 2024 Artist of the Year",Billie Eilish live performance,2026-05-02 05:30:38
UgxV-Xhg6F3RyGsg03x4AaABAg,UPeEeGHydWs,Happy birthdayyyyy billie mlllll❤❤❤,2024-12-18T20:48:26Z,0,0,UC6Zo1X3PW9n_GeCgCNiZvRg,@IzlysWorldOfWonder,"Billie Eilish — ""L'AMOUR DE MA VIE"" (Live Performance) | Apple Music 2024 Artist of the Year",Billie Eilish live performance,2026-05-02 05:30:38
Ugzne_FvrH4BE2v-Xo94AaABAg,UPeEeGHydWs,I love her so muchhh❤❤❤❤❤,2024-12-18T16:45:55Z,0,0,UCoRWwv7JH0RSqBEaEzDW_RQ,@FamiFami3481,"Billie Eilish — ""L'AMOUR DE MA VIE"" (Live Performance) | Apple Music 2024 Artist of the Year",Billie Eilish live performance,2026-05-02 05:30:38
Ugxnlhu5_QbTIYpX5BZ4AaABAg,UPeEeGHydWs,Happy birthday billie I love you so much 💗 2️⃣3️⃣,2024-12-18T12:22:40Z,0,0,UCfAKmRj6rdc1_DeMqIxSE7A,@milliemangoesssss,"Billie Eilish — ""L'AMOUR DE MA VIE"" (Live Performance) | Apple Music 2024 Artist of the Year",Billie Eilish live performance,2026-05-02 05:30:38
UgyXWW7nbNMfgFkAJ4J4AaABAg,UPeEeGHydWs,"je suis FAN de cette fille, elle est incroyable, une voix frissonnante, une présence et ce duo est magnifique &lt;3",2024-12-19T06:57:41Z,0,0,UCYS56xsZLA474ibu3Zwa4kw,@valeriedubois2307,"Billie Eilish — ""L'AMOUR DE MA VIE"" (Live Performance) | Apple Music 2024 Artist of the Year",Billie Eilish live performance,2026-05-02 05:30:38
UgzJ-t4-KY2kVbP1tZh4AaABAg,UPeEeGHydWs,Happy Birthday Billie always a great performance!,2024-12-18T10:33:57Z,0,0,UCV6EHiMFmrxPott0PuP-Yxg,@nugsefaqmamscandphdstudent8446,"Billie Eilish — ""L'AMOUR DE MA VIE"" (Live Performance) | Apple Music 2024 Artist of the Year",Billie Eilish live performance,2026-05-02 05:30:38
UgwBjsYPbGb4l60Lx6l4AaABAg,UPeEeGHydWs,Happy birthday gorgeous girl we love u sooooo much💕💕,2024-12-18T07:21:39Z,0,0,UC--91PsPpScdO41HIBbPPqQ,@AngelikaSuli,"Billie Eilish — ""L'AMOUR DE MA VIE"" (Live Performance) | Apple Music 2024 Artist of the Year",Billie Eilish live performance,2026-05-02 05:30:38
Ugxn1x_vnG4e7RtzzWF4AaABAg,UPeEeGHydWs,Happy birthday Billie. You did so good ❤,2024-12-18T03:51:47Z,0,0,UCPJOR5Q2ZIQ4h67Zsl-P1Dw,@MirandaAyuso,"Billie Eilish — ""L'AMOUR DE MA VIE"" (Live Performance) | Apple Music 2024 Artist of the Year",Billie Eilish live performance,2026-05-02 05:30:38
UgzYrEdUPbA6VRUYfv14AaABAg,UPeEeGHydWs,❤️❤️😍😍,2024-12-18T03:34:18Z,0,0,UC32b97Q_-1Gb3T3Wq69FOOA,@Gabbycalzada889,"Billie Eilish — ""L'AMOUR DE MA VIE"" (Live Performance) | Apple Music 2024 Artist of the Year",Billie Eilish live performance,2026-05-02 05:30:38
Ugz1vklKOxOTNB-uD5x4AaABAg,UPeEeGHydWs,"Beautiful version. I wonder why, a beautiful song like that, with such a beautiful chorus &quot;i love till the day that i  fly...&quot; its sang just once, and not a few times. I first listened it in a Reels of a brazilian female host dancing and i just loved the song from the first listennig, but there is just a short piece. So, when i ran to listen to the full song version, i got a little frustration as i was waiting for the chorus repetition ahead, maybe in the end of the song, and it didnt came. Anyway, the song is beautiful, you really sing well.",2024-12-26T06:58:47Z,0,0,UCuPAEdcfBBW4w_gIvN92urQ,@programapiloto-comjuniorhi7595,"Billie Eilish — ""L'AMOUR DE MA VIE"" (Live Performance) | Apple Music 2024 Artist of the Year",Billie Eilish live performance,2026-05-02 05:30:38
UgzIxdnBvKcOLS-v9Dl4AaABAg,UPeEeGHydWs,"HAPPY BIRTHDAY BILLIE <a href=""UCkszU2WH9gy1mb0dV-11UJg/hands-yellow-heart-red""></a>❤🎉🎉🥳",2024-12-18T14:04:06Z,0,0,UCCtg01sJdIG1ssfA_oRrGFg,@ClaesBKPOrange,"Billie Eilish — ""L'AMOUR DE MA VIE"" (Live Performance) | Apple Music 2024 Artist of the Year",Billie Eilish live performance,2026-05-02 05:30:38
Ugw632Nxz_9RrCLk4Ll4AaABAg,UPeEeGHydWs,Happy birthday! Goddess Eilish❤❤❤,2024-12-18T03:53:31Z,0,0,UCqYWscDa04rH44MJVDnpVqA,@soberano13,"Billie Eilish — ""L'AMOUR DE MA VIE"" (Live Performance) | Apple Music 2024 Artist of the Year",Billie Eilish live performance,2026-05-02 05:30:38
UgzE10GSKYCSYHipsA94AaABAg,UPeEeGHydWs,The song sounds better live🤩😍🫶,2024-12-19T18:26:37Z,0,0,UCwRdkCD3GqUgMc5pvKo3rUQ,@Mel-d7m1h,"Billie Eilish — ""L'AMOUR DE MA VIE"" (Live Performance) | Apple Music 2024 Artist of the Year",Billie Eilish live performance,2026-05-02 05:30:38
Ugw6aK2-0zKS634MO6J4AaABAg,UPeEeGHydWs,I LOVEEEEEEEEEEEEEEEEEEEEEEEEEEEEEEEEEEE BILLIE SOOOOOOOOOOOOO MUCHHHHHHHHHHHHHH❤❤❤❤❤❤❤❤❤❤❤❤❤❤❤❤❤❤,2024-12-19T21:14:28Z,0,0,UCaBuvxg_BrUM39kksQqwEHQ,@rubabishmal3268,"Billie Eilish — ""L'AMOUR DE MA VIE"" (Live Performance) | Apple Music 2024 Artist of the Year",Billie Eilish live performance,2026-05-02 05:30:38
Ugw-c6QDrbZL4av2ph54AaABAg,UPeEeGHydWs,Great video! Really enjoyed it.,2025-02-07T01:09:52Z,0,0,UCfGuwclnRID_qwtZ6jEtCUw,@KeeganSimon,"Billie Eilish — ""L'AMOUR DE MA VIE"" (Live Performance) | Apple Music 2024 Artist of the Year",Billie Eilish live performance,2026-05-02 05:30:38
UgyNnpL4Lk6UsaPp5Zx4AaABAg,UPeEeGHydWs,"Fantastic video, really appreciate your effort!",2025-02-07T00:44:04Z,0,0,UC0MeTXZ-1lZMgAwUMWJMtLQ,@CullenGasser,"Billie Eilish — ""L'AMOUR DE MA VIE"" (Live Performance) | Apple Music 2024 Artist of the Year",Billie Eilish live performance,2026-05-02 05:30:38
UgxZZWrMBGFB8sUHyqN4AaABAg,UPeEeGHydWs,that is so very nice,2024-12-26T09:30:50Z,0,0,UCNsk_oovjTly9CC6507MBTw,@Nadal-,"Billie Eilish — ""L'AMOUR DE MA VIE"" (Live Performance) | Apple Music 2024 Artist of the Year",Billie Eilish live performance,2026-05-02 05:30:38
UgxHcz_5iCPcLxlqv5J4AaABAg,UPeEeGHydWs,"love you Billie<a href=""UCkszU2WH9gy1mb0dV-11UJg/m8MfY4jbFsWJhL0PyouA2Ak""></a>",2024-12-21T20:10:04Z,0,0,UCRL77jfQkfkvsKFACYbqZag,@khadangasantos,"Billie Eilish — ""L'AMOUR DE MA VIE"" (Live Performance) | Apple Music 2024 Artist of the Year",Billie Eilish live performance,2026-05-02 05:30:38
Ugw0qUXFq5FQttqNTXB4AaABAg,UPeEeGHydWs,"Your videos are always so helpful, thank you!",2025-02-06T22:29:49Z,0,0,UCgHpa3iFpt3StEGJ6MswNhQ,@LewisSheppard,"Billie Eilish — ""L'AMOUR DE MA VIE"" (Live Performance) | Apple Music 2024 Artist of the Year",Billie Eilish live performance,2026-05-02 05:30:38
Ugx9WduCwC4k2yA5rnN4AaABAg,UPeEeGHydWs,I love you Billie Eilish you are the best happy birthday Billie I hope you have a great life you are the best artist ever I love your voice I love everything about you ❤❤❤ love you ❤,2024-12-18T11:04:54Z,0,0,UCp4_rvY7Aax_L2JvNSSoCgw,@Stitch347a,"Billie Eilish — ""L'AMOUR DE MA VIE"" (Live Performance) | Apple Music 2024 Artist of the Year",Billie Eilish live performance,2026-05-02 05:30:38
UgyTgYdiZ330SVQOyId4AaABAg,UPeEeGHydWs,Thank you for the great content!,2025-02-07T01:13:01Z,0,0,UCXWTa_k8UxqH8_8ZRW3_nnQ,@KevinWashington-w1d,"Billie Eilish — ""L'AMOUR DE MA VIE"" (Live Performance) | Apple Music 2024 Artist of the Year",Billie Eilish live performance,2026-05-02 05:30:38
UgxCc-aWdemKm1Ocun94AaABAg,UPeEeGHydWs,"Loved this video, keep up the great work!",2025-02-07T00:47:38Z,0,0,UCQWMkROD7N-N-x1tLYz2w1w,@RyanCramer-f4l,"Billie Eilish — ""L'AMOUR DE MA VIE"" (Live Performance) | Apple Music 2024 Artist of the Year",Billie Eilish live performance,2026-05-02 05:30:38
UgwP35C_wxWk7LGq2TN4AaABAg,UPeEeGHydWs,Omagat 😮,2026-01-25T13:54:31Z,0,0,UC5BkWGtgEZp2YncH2uPxc-g,@НурланТалибаев-д1п,"Billie Eilish — ""L'AMOUR DE MA VIE"" (Live Performance) | Apple Music 2024 Artist of the Year",Billie Eilish live performance,2026-05-02 05:30:38
UgzEYf5yZbmWxIVn85V4AaABAg,UPeEeGHydWs,"Tomo nota, doll. 😮😊",2024-12-18T15:18:42Z,0,0,UCiQN7KmL9OlSxLIDnVobx1Q,@RafaelGuzman-e1j,"Billie Eilish — ""L'AMOUR DE MA VIE"" (Live Performance) | Apple Music 2024 Artist of the Year",Billie Eilish live performance,2026-05-02 05:30:38
Ugxeo2mzLdapzvbDdAN4AaABAg,UPeEeGHydWs,She sounds amazing !! Love you so much Billie !!!,2024-12-18T03:18:33Z,0,0,UCKl2cbuVKLkBcdyXguqOOoQ,@SamanthaFrazer,"Billie Eilish — ""L'AMOUR DE MA VIE"" (Live Performance) | Apple Music 2024 Artist of the Year",Billie Eilish live performance,2026-05-02 05:30:38
UgzTxMgtGeSXxp1GcrN4AaABAg,UPeEeGHydWs,I’m gonna say it…they are the best musical duo in music after Lennon and McCartney,2024-12-19T23:55:05Z,0,0,UCdULeuV0tsqzyKIfgW8hM9A,@nriq90,"Billie Eilish — ""L'AMOUR DE MA VIE"" (Live Performance) | Apple Music 2024 Artist of the Year",Billie Eilish live performance,2026-05-02 05:30:38
UgxWpBLlAK9kNj6LD6R4AaABAg,UPeEeGHydWs,Bibi perfect❤❤❤❤,2025-03-30T04:45:00Z,0,0,UCXx1aGFkI6Rp7LwF9iRJz6w,@pamelamullerbiscuit2648,"Billie Eilish — ""L'AMOUR DE MA VIE"" (Live Performance) | Apple Music 2024 Artist of the Year",Billie Eilish live performance,2026-05-02 05:30:38
UgwnO5LtVNluRBPe9yJ4AaABAg,UPeEeGHydWs,Norway mentioned!!,2024-12-18T17:45:08Z,0,0,UCniFkPvl7eIudJSS_3Rz7yw,@sofiawlbk,"Billie Eilish — ""L'AMOUR DE MA VIE"" (Live Performance) | Apple Music 2024 Artist of the Year",Billie Eilish live performance,2026-05-02 05:30:38
UgxT5yGqEMicxD6poLF4AaABAg,UPeEeGHydWs,"Happy Birthday, Billie!!!! I&#39;ve been paying attention to you for a long time now and can not wait to see what else you have in store for us! Many more years to come! Let&#39;s go!!!",2024-12-18T18:57:28Z,0,0,UCrpIg2VmIek084k1LNlUddQ,@vanessadias1041,"Billie Eilish — ""L'AMOUR DE MA VIE"" (Live Performance) | Apple Music 2024 Artist of the Year",Billie Eilish live performance,2026-05-02 05:30:38
UgyqdyFXOYWyws8IudR4AaABAg,UPeEeGHydWs,❤‍🔥,2024-12-18T14:05:24Z,0,0,UCqcoYHTJO1C8ApklftxRhzw,@hadysh-l7o,"Billie Eilish — ""L'AMOUR DE MA VIE"" (Live Performance) | Apple Music 2024 Artist of the Year",Billie Eilish live performance,2026-05-02 05:30:38
UgxQESSTxUZTH_cR8Wl4AaABAg,UPeEeGHydWs,THIS pretty bille inspired me  to   learn how to sing so no I&#39;m a really good  singer cuz of bille😊❤,2025-04-28T15:33:40Z,0,0,UCyRkbeaFCJYYrEEWXBBiffw,@catlover34567,"Billie Eilish — ""L'AMOUR DE MA VIE"" (Live Performance) | Apple Music 2024 Artist of the Year",Billie Eilish live performance,2026-05-02 05:30:38
UgymQefuT2_SAaLBFih4AaABAg,UPeEeGHydWs,💘💘💘💘💘,2024-12-18T13:18:32Z,1,0,UCoZULtyJdEjRH7Tm8v7wmOQ,@Alice-ol6eh,"Billie Eilish — ""L'AMOUR DE MA VIE"" (Live Performance) | Apple Music 2024 Artist of the Year",Billie Eilish live performance,2026-05-02 05:30:38
UgzLvttUxMdIoJjb2G14AaABAg,UPeEeGHydWs,"Billie, your voice is mesmerizing ❤️ You go girl! Props to Finneas as well. Y&#39;all are both amazing.  Enjoy the family bond above all ❤️",2024-12-22T16:53:58Z,0,0,UCBrEutNm5eVSZ2R39wjuZlw,@TheSpencers-h4y,"Billie Eilish — ""L'AMOUR DE MA VIE"" (Live Performance) | Apple Music 2024 Artist of the Year",Billie Eilish live performance,2026-05-02 05:30:38
Ugz1GGMQH22PjhjwaaV4AaABAg,UPeEeGHydWs,Twisted human being I am 🎉,2025-06-10T09:02:59Z,0,0,UCcy_dZN0tuWcZePTfo3wTlw,@akviledancing181,"Billie Eilish — ""L'AMOUR DE MA VIE"" (Live Performance) | Apple Music 2024 Artist of the Year",Billie Eilish live performance,2026-05-02 05:30:38
UgyHRxBCPCJpI2z0ogx4AaABAg,UPeEeGHydWs,impecável,2025-01-17T21:07:27Z,0,0,UCkfQ-7o5z4qaF_kaftgfXZQ,@fernandaarnold4108,"Billie Eilish — ""L'AMOUR DE MA VIE"" (Live Performance) | Apple Music 2024 Artist of the Year",Billie Eilish live performance,2026-05-02 05:30:38
UgxMyLLpcJsx96jVhTZ4AaABAg,UPeEeGHydWs,"Funny, people are so in awe bc they are not used anymore to people really singing with their actual real voice, no autotune etc. Yes, she is quite a decent singer and performer, but nothing sensational. Just very solid stuff.",2024-12-24T16:58:07Z,3,0,UCBhdDQ4Uocod5evdIg_CkeA,@bernios3446,"Billie Eilish — ""L'AMOUR DE MA VIE"" (Live Performance) | Apple Music 2024 Artist of the Year",Billie Eilish live performance,2026-05-02 05:30:38
UgyUuGMJdo4WggYltrJ4AaABAg,UPeEeGHydWs,Bom!,2025-12-25T05:53:32Z,0,0,UCpKoCYRjN596JZu5Rd-N19g,@JumintenAna,"Billie Eilish — ""L'AMOUR DE MA VIE"" (Live Performance) | Apple Music 2024 Artist of the Year",Billie Eilish live performance,2026-05-02 05:30:38
UgzuUrBBbWRuv3Mq_bJ4AaABAg,UPeEeGHydWs,my soul🤍,2025-05-22T21:53:40Z,0,0,UCM6uCkslyPatr82EeSH37hg,@Mah_tab007,"Billie Eilish — ""L'AMOUR DE MA VIE"" (Live Performance) | Apple Music 2024 Artist of the Year",Billie Eilish live performance,2026-05-02 05:30:38
UgwaYvklqkUXK6jf6Fh4AaABAg,UPeEeGHydWs,Sam winchester com a Billie Eilish impossível não ser bom,2024-12-18T09:17:53Z,0,0,UCK-b5YwyDRGQCarBhN67RpA,@rafacovers,"Billie Eilish — ""L'AMOUR DE MA VIE"" (Live Performance) | Apple Music 2024 Artist of the Year",Billie Eilish live performance,2026-05-02 05:30:38
UgyMbGLidQ0a0a83rY14AaABAg,UPeEeGHydWs,Her live performances totally kill me,2025-11-15T18:50:39Z,1,1,UCTy13IN4DfclVgiZwlTX53A,@manuelmijares9892,"Billie Eilish — ""L'AMOUR DE MA VIE"" (Live Performance) | Apple Music 2024 Artist of the Year",Billie Eilish live performance,2026-05-02 05:30:38
UgxSnHy_NWJPP_JgsEN4AaABAg,UPeEeGHydWs,I love you Billie 😭🤍,2024-12-18T03:47:52Z,0,0,UCwuXQFYzXLJ6pblvMSDH8Uw,@CristalBlanco-c7j,"Billie Eilish — ""L'AMOUR DE MA VIE"" (Live Performance) | Apple Music 2024 Artist of the Year",Billie Eilish live performance,2026-05-02 05:30:38
UgyxGbezMX0fdFLwQg94AaABAg,UPeEeGHydWs,nice,2025-05-27T02:52:36Z,0,0,UC9LSjeFc7a-OLmZS_AtoHFw,@ClimateFlowService,"Billie Eilish — ""L'AMOUR DE MA VIE"" (Live Performance) | Apple Music 2024 Artist of the Year",Billie Eilish live performance,2026-05-02 05:30:38
UgwIAIf3tVpjBQXoerh4AaABAg,UPeEeGHydWs,🔥🤘🏽👾🎧,2024-12-19T05:08:07Z,0,0,UCXX_pqWas-ZTWbm0Nrh2EVA,@AlilStucc,"Billie Eilish — ""L'AMOUR DE MA VIE"" (Live Performance) | Apple Music 2024 Artist of the Year",Billie Eilish live performance,2026-05-02 05:30:38
UgyX3KiaakZrJn50Vpp4AaABAg,UPeEeGHydWs,It happens to her too to miss a line??? Celebrities too are human😂❤,2024-12-18T08:24:59Z,0,0,UCCnSapnaAJJjTfqSJn3EITw,@sosibosmangaliso,"Billie Eilish — ""L'AMOUR DE MA VIE"" (Live Performance) | Apple Music 2024 Artist of the Year",Billie Eilish live performance,2026-05-02 05:30:38
UgyJ8xnRcLYJgJaZ5IB4AaABAg,UPeEeGHydWs,She&#39;s The special one maybe,2025-12-25T05:55:40Z,0,0,UCpKoCYRjN596JZu5Rd-N19g,@JumintenAna,"Billie Eilish — ""L'AMOUR DE MA VIE"" (Live Performance) | Apple Music 2024 Artist of the Year",Billie Eilish live performance,2026-05-02 05:30:38
Ugwno_NUQQWzVFJjMWl4AaABAg,UPeEeGHydWs,i love this song so mucchhh,2024-12-22T11:14:06Z,0,1,UCcOmep9CMiTUc7Rtqdfluqw,@happystanner1280,"Billie Eilish — ""L'AMOUR DE MA VIE"" (Live Performance) | Apple Music 2024 Artist of the Year",Billie Eilish live performance,2026-05-02 05:30:38
Ugzqb3Jxxmrw8SPGkk14AaABAg,UPeEeGHydWs,haaaaaaaa  💗💗💗💗💗💗,2024-12-22T16:30:52Z,0,0,UCFb_m3dbkMSJ8LgWgU08x8g,@Justdavhi,"Billie Eilish — ""L'AMOUR DE MA VIE"" (Live Performance) | Apple Music 2024 Artist of the Year",Billie Eilish live performance,2026-05-02 05:30:38
UgzyUvklPcR96O57L4J4AaABAg,UPeEeGHydWs,I love u,2025-03-13T13:43:26Z,0,0,UCz4z7HcVHQChUTgHDs6_tBA,@ripna_m,"Billie Eilish — ""L'AMOUR DE MA VIE"" (Live Performance) | Apple Music 2024 Artist of the Year",Billie Eilish live performance,2026-05-02 05:30:38
UgykBYy7Pw1mtHFPNml4AaABAg,UPeEeGHydWs,This song would suit Julian Casablancas so much,2025-02-20T13:32:45Z,0,0,UCkl7JGAO1RvQKuGcamarBlg,@ykl5662,"Billie Eilish — ""L'AMOUR DE MA VIE"" (Live Performance) | Apple Music 2024 Artist of the Year",Billie Eilish live performance,2026-05-02 05:30:38
UgxlpHU84xje7YzRHll4AaABAg,UPeEeGHydWs,Pretty girl 🥰,2024-12-18T10:10:49Z,0,0,UCHBUnTeyLWqvs6rRbTWyPhw,@thej.f,"Billie Eilish — ""L'AMOUR DE MA VIE"" (Live Performance) | Apple Music 2024 Artist of the Year",Billie Eilish live performance,2026-05-02 05:30:38
UgyIJqtQ_l_PQiouQWd4AaABAg,UPeEeGHydWs,Finneas was eating up the high parts,2025-02-28T21:12:46Z,0,0,UCVKUw_g5aQnjZ8X3frejlLg,@sxnnys1de_up,"Billie Eilish — ""L'AMOUR DE MA VIE"" (Live Performance) | Apple Music 2024 Artist of the Year",Billie Eilish live performance,2026-05-02 05:30:38
UgzTVVAWL1ejLJDSGDp4AaABAg,UPeEeGHydWs,Billie te amo❤❤,2024-12-18T21:25:08Z,0,1,UCrIxs5B2nSgi6tdET6RPX4g,@IsabellaBelon,"Billie Eilish — ""L'AMOUR DE MA VIE"" (Live Performance) | Apple Music 2024 Artist of the Year",Billie Eilish live performance,2026-05-02 05:30:38
UgzAOpBUj6ABscn76cp4AaABAg,UPeEeGHydWs,❤❤❤❤🎉🎉🎉,2024-12-18T04:18:48Z,0,0,UCbX3pFgQmFN62ALPl6477mw,@mariaxavier8904,"Billie Eilish — ""L'AMOUR DE MA VIE"" (Live Performance) | Apple Music 2024 Artist of the Year",Billie Eilish live performance,2026-05-02 05:30:38
UgxOCjnZY4oIgY-xf494AaABAg,UPeEeGHydWs,I LOVEEEEE HERERRRRR SOO MUCHHHHH 😭😭😭😭😭😭😭😭😭😭😭😭😭😭😭😭❤❤❤❤❤❤❤❤❤❤❤❤❤❤❤❤,2025-09-14T11:32:52Z,0,0,UC-2RAfp0rdIprwQ0CyEr7ZQ,@costra.z,"Billie Eilish — ""L'AMOUR DE MA VIE"" (Live Performance) | Apple Music 2024 Artist of the Year",Billie Eilish live performance,2026-05-02 05:30:38
UgyUXKDCoJbsBIUNKMl4AaABAg,UPeEeGHydWs,Yes Arcadia won ❤,2025-06-05T23:26:23Z,0,0,UC6Prf84xfm9GAiI7ZpWCQvA,@iamqueeneyesis,"Billie Eilish — ""L'AMOUR DE MA VIE"" (Live Performance) | Apple Music 2024 Artist of the Year",Billie Eilish live performance,2026-05-02 05:30:38
Ugzl8e4of955DwqUWSR4AaABAg,UPeEeGHydWs,I&#39;m going to the Hard and Soft Tour in Oct. But I&#39;m just thinking how it&#39;ll be like the 5000th time she is songing these songs. Something tells me I&#39;ll be disappointed. Still excited though. They&#39;re awesome.,2025-05-30T23:03:58Z,0,0,UCVXF6qUWYZhsoCGRUpaoW9w,@seanfrank32,"Billie Eilish — ""L'AMOUR DE MA VIE"" (Live Performance) | Apple Music 2024 Artist of the Year",Billie Eilish live performance,2026-05-02 05:30:38
Ugxn1AmpKcKGDMRflj54AaABAg,UPeEeGHydWs,Note;),2025-05-06T07:38:26Z,0,0,UC4ziLQxpcCrgENMCV7StF0g,@JosephHanger-f9n,"Billie Eilish — ""L'AMOUR DE MA VIE"" (Live Performance) | Apple Music 2024 Artist of the Year",Billie Eilish live performance,2026-05-02 05:30:38
UgwLwwfLFR4pDlzT2qJ4AaABAg,UPeEeGHydWs,2 pros at work,2024-12-18T15:34:29Z,0,0,UCF1kTDB5Pei427b5Qimz-pw,@AhrnNilsson,"Billie Eilish — ""L'AMOUR DE MA VIE"" (Live Performance) | Apple Music 2024 Artist of the Year",Billie Eilish live performance,2026-05-02 05:30:38
UgzfAmnK0xiPkg6Ti7R4AaABAg,UPeEeGHydWs,keren mpok,2025-05-06T02:37:55Z,0,0,UCmsj1polmLLwSV-8Shvx7Gw,@rizqidwisaputra-m3n,"Billie Eilish — ""L'AMOUR DE MA VIE"" (Live Performance) | Apple Music 2024 Artist of the Year",Billie Eilish live performance,2026-05-02 05:30:38
UgxYAIKS7Q-l8ShuFUF4AaABAg,UPeEeGHydWs,"Gah, the lighting in a few of those shots.",2024-12-19T20:14:03Z,0,0,UC2IX1mVLszVyy_oL925EGQQ,@TrappedinCyberspace,"Billie Eilish — ""L'AMOUR DE MA VIE"" (Live Performance) | Apple Music 2024 Artist of the Year",Billie Eilish live performance,2026-05-02 05:30:38
UgyRQfxXljmNka6e-at4AaABAg,UPeEeGHydWs,HB girl ❤,2024-12-18T06:40:53Z,0,0,UCNofH03oNTppYAivy-THY6Q,@billiesykes8394,"Billie Eilish — ""L'AMOUR DE MA VIE"" (Live Performance) | Apple Music 2024 Artist of the Year",Billie Eilish live performance,2026-05-02 05:30:38
Ugzcq5EeBE6fBPRjUSF4AaABAg,UPeEeGHydWs,"<a href=""https://www.youtube.com/watch?v=UPeEeGHydWs&amp;t=134"">2:14</a> ❤❤❤🥺🤌🏻😩♥️♥️",2025-02-21T02:18:49Z,0,0,UC78Hl49q1OrENyYe1-lGHew,@RadhaKrishna-l6g,"Billie Eilish — ""L'AMOUR DE MA VIE"" (Live Performance) | Apple Music 2024 Artist of the Year",Billie Eilish live performance,2026-05-02 05:30:38
UgyXtzUYgV_CDRE0DIV4AaABAg,UPeEeGHydWs,😍😍🇧🇷,2024-12-18T04:19:59Z,0,0,UCFJi4WjAaYrne4lYPrnxjNA,@alessandraoliveira6325,"Billie Eilish — ""L'AMOUR DE MA VIE"" (Live Performance) | Apple Music 2024 Artist of the Year",Billie Eilish live performance,2026-05-02 05:30:38
Ugx7Sio01RDhX9fjRlV4AaABAg,UPeEeGHydWs,Yoooo❤,2024-12-18T04:03:52Z,0,0,UC3CKvbr4OxnLSMkG1eXuPrQ,@Tortillaexplore,"Billie Eilish — ""L'AMOUR DE MA VIE"" (Live Performance) | Apple Music 2024 Artist of the Year",Billie Eilish live performance,2026-05-02 05:30:38
UgxNbjxF5FeP-T1-wYJ4AaABAg,UPeEeGHydWs,quien más viene de las clases de inglés de facdyc,2026-02-22T04:00:28Z,0,0,UCmhxZF_sITSC0dm3kGOT6Eg,@jorgemartinez4718,"Billie Eilish — ""L'AMOUR DE MA VIE"" (Live Performance) | Apple Music 2024 Artist of the Year",Billie Eilish live performance,2026-05-02 05:30:38
UgxcYjxgaojNVjQc1Wh4AaABAg,UPeEeGHydWs,JAJAJAJAJAJAJA I LOVE HER,2024-12-18T03:13:12Z,0,0,UC4xjFsdKv75extMStkQvJwA,@gxbii.27,"Billie Eilish — ""L'AMOUR DE MA VIE"" (Live Performance) | Apple Music 2024 Artist of the Year",Billie Eilish live performance,2026-05-02 05:30:38
Ugzss8HocmxHtIYV_QZ4AaABAg,UPeEeGHydWs,🎶✨️💙✨️🎶,2024-12-26T09:36:04Z,0,0,UCTlABK0k9XVmJxEtA8tsM5g,@ivanvolpentesta,"Billie Eilish — ""L'AMOUR DE MA VIE"" (Live Performance) | Apple Music 2024 Artist of the Year",Billie Eilish live performance,2026-05-02 05:30:38
UgwRkYmPXY4sxJKnzFV4AaABAg,UPeEeGHydWs,Gostei do pam pam,2026-02-26T01:11:59Z,0,0,UCAEtYPqzXnIdGnvK0CbuFvA,@Justicadivina666,"Billie Eilish — ""L'AMOUR DE MA VIE"" (Live Performance) | Apple Music 2024 Artist of the Year",Billie Eilish live performance,2026-05-02 05:30:38
UgzM0J0_Q-pni5K1VHd4AaABAg,UPeEeGHydWs,SAUUURR EARLY 😭🫶🏻,2024-12-18T03:05:08Z,0,0,UCi0hk7u8i1rmm1OQancdyEA,@jaureguigrd,"Billie Eilish — ""L'AMOUR DE MA VIE"" (Live Performance) | Apple Music 2024 Artist of the Year",Billie Eilish live performance,2026-05-02 05:30:38
Ugz2qkzZGARXA0T3hkh4AaABAg,UPeEeGHydWs,Happy birthday gorgeous Billie 🥳🥂😍🦋🌲🎧👍😍📀💯💎💐🌈🍀🎁🤗👏🌺 let&#39;s invite everybody enjoy more Christmas gifts for the beloved ones &amp; wish you a Happy New Year full of music happenings &amp; feeling just fine together ❤🎉❤,2024-12-24T16:59:31Z,0,0,UCuMy6b29n8MgmUT0bc0Il0g,@melaniamonicacraciun9900,"Billie Eilish — ""L'AMOUR DE MA VIE"" (Live Performance) | Apple Music 2024 Artist of the Year",Billie Eilish live performance,2026-05-02 05:30:38
UgzwPySJf49NEyWAXtR4AaABAg,UPeEeGHydWs,❤❤❤❤❤❤❤❤❤❤❤❤❤❤❤❤❤❤❤❤❤❤❤🎉,2026-03-19T04:42:01Z,0,0,UCglSzc6wX4vFK2ikfV2nSVQ,@Kadirmrabat-h1i,"Billie Eilish — ""L'AMOUR DE MA VIE"" (Live Performance) | Apple Music 2024 Artist of the Year",Billie Eilish live performance,2026-05-02 05:30:38
UgxpdepGZAzUfpk-_E94AaABAg,UPeEeGHydWs,"They upload this to Youtube so why they block screen capture and recording 😂 <a href=""https://www.youtube.com/watch?v=UPeEeGHydWs&amp;t=44"">0:44</a>",2024-12-29T14:49:53Z,1,0,UCN5UNjhvSzmBhBTY55mq1jA,@antoschannel2012,"Billie Eilish — ""L'AMOUR DE MA VIE"" (Live Performance) | Apple Music 2024 Artist of the Year",Billie Eilish live performance,2026-05-02 05:30:38
Ugx9VA_EkBeo3aVTx_J4AaABAg,UPeEeGHydWs,billie lupa lyrics anjjrt 😭😭,2024-12-20T06:15:37Z,0,0,UCe86NQRayaAWrl8X3fxIdcw,@hayykwn,"Billie Eilish — ""L'AMOUR DE MA VIE"" (Live Performance) | Apple Music 2024 Artist of the Year",Billie Eilish live performance,2026-05-02 05:30:38
UgzEGPxlRELwCO5JLK94AaABAg,UPeEeGHydWs,Someone on 12/18,2024-12-18T04:22:57Z,1,0,UC5OvQD9tG0YuCaX2YkGEqzw,@FELCHIOR,"Billie Eilish — ""L'AMOUR DE MA VIE"" (Live Performance) | Apple Music 2024 Artist of the Year",Billie Eilish live performance,2026-05-02 05:30:38
UgwBUUJy1D_jjuXvEVp4AaABAg,UPeEeGHydWs,Therapy,2024-12-31T09:35:32Z,0,0,UCKMmy-enQAuIJtBcNIg-ZcA,@Naughtyears,"Billie Eilish — ""L'AMOUR DE MA VIE"" (Live Performance) | Apple Music 2024 Artist of the Year",Billie Eilish live performance,2026-05-02 05:30:38
UgzJNKURgXSAhLoGpip4AaABAg,UPeEeGHydWs,❤❤❤ メキシコ🇲🇽❤❤❤,2024-12-18T03:05:29Z,0,0,UCrDNQlPavvGk_KaFhTiA_sQ,@luioishi3012,"Billie Eilish — ""L'AMOUR DE MA VIE"" (Live Performance) | Apple Music 2024 Artist of the Year",Billie Eilish live performance,2026-05-02 05:30:38
UgyZ7rljST_oI02bGbV4AaABAg,UPeEeGHydWs,❤❤❤❤🇧🇷🇧🇷🇧🇷🇧🇷,2025-03-30T04:43:04Z,0,0,UCXx1aGFkI6Rp7LwF9iRJz6w,@pamelamullerbiscuit2648,"Billie Eilish — ""L'AMOUR DE MA VIE"" (Live Performance) | Apple Music 2024 Artist of the Year",Billie Eilish live performance,2026-05-02 05:30:38
UgwmX6xBJKjDxfeNt7d4AaABAg,UPeEeGHydWs,"<a href=""https://www.youtube.com/watch?v=UPeEeGHydWs&amp;t=159"">2:39</a> that sudden laugh from the crowd is so annoying",2025-06-24T10:41:26Z,5,2,UC4disIMWsYldb0VBKYJqItg,@sna2823,"Billie Eilish — ""L'AMOUR DE MA VIE"" (Live Performance) | Apple Music 2024 Artist of the Year",Billie Eilish live performance,2026-05-02 05:30:38
Ugy1j5w4IBtg87hWbqZ4AaABAg,UPeEeGHydWs,se le olvidaba la letra JAJAJAJAJAJAJAAJAJAJAJ,2024-12-18T03:08:25Z,0,0,UCgfMpDFPbNg_WM994CNs8cg,@mayykcr,"Billie Eilish — ""L'AMOUR DE MA VIE"" (Live Performance) | Apple Music 2024 Artist of the Year",Billie Eilish live performance,2026-05-02 05:30:38
Ugy_wj7dcNlnVpSfIwl4AaABAg,UPeEeGHydWs,"<a href=""https://www.youtube.com/watch?v=UPeEeGHydWs&amp;t=103"">1:43</a> anoirizigablibluyigú ahh moment",2026-01-31T14:04:51Z,0,0,UC7yDHFhWPEdsb9RXG6Y2pjA,@crm114_guitar,"Billie Eilish — ""L'AMOUR DE MA VIE"" (Live Performance) | Apple Music 2024 Artist of the Year",Billie Eilish live performance,2026-05-02 05:30:38
Ugzsq7fvo6iGOt6JzMF4AaABAg,UPeEeGHydWs,"So ,its the first time I&#39;ve heard this. me?",2025-10-15T01:09:34Z,0,1,UClAFbO9eLuvh3iyWZmdd-eg,@WesterniusKingi,"Billie Eilish — ""L'AMOUR DE MA VIE"" (Live Performance) | Apple Music 2024 Artist of the Year",Billie Eilish live performance,2026-05-02 05:30:38
UgwTML3VjueoTo-pMn54AaABAg,UPeEeGHydWs,very maa,2025-06-03T09:11:16Z,0,0,UCSV5EBP17mxcr13ILX5P7Fw,@gabejones5147,"Billie Eilish — ""L'AMOUR DE MA VIE"" (Live Performance) | Apple Music 2024 Artist of the Year",Billie Eilish live performance,2026-05-02 05:30:38
Ugwy7wHGbJMqJrTak1Z4AaABAg,UPeEeGHydWs,😮:),2025-05-06T07:37:29Z,0,0,UC4ziLQxpcCrgENMCV7StF0g,@JosephHanger-f9n,"Billie Eilish — ""L'AMOUR DE MA VIE"" (Live Performance) | Apple Music 2024 Artist of the Year",Billie Eilish live performance,2026-05-02 05:30:38
Ugz60hTwTOlC3pcIC1d4AaABAg,UPeEeGHydWs,🥰👂👀🫶,2026-04-27T17:56:53Z,0,0,UC_WQhuEP8J3NYIeClX5ykag,@Kipresentes,"Billie Eilish — ""L'AMOUR DE MA VIE"" (Live Performance) | Apple Music 2024 Artist of the Year",Billie Eilish live performance,2026-05-02 05:30:38
UgzRf12eLSQV4nswghN4AaABAg,UPeEeGHydWs,🤍,2025-06-14T20:08:43Z,0,0,UCOqB9Nvu7rF4EjIl3zj8s6w,@irysmel,"Billie Eilish — ""L'AMOUR DE MA VIE"" (Live Performance) | Apple Music 2024 Artist of the Year",Billie Eilish live performance,2026-05-02 05:30:38
UgxxouzuFBuzdI_sMaF4AaABAg,UPeEeGHydWs,oh i’m earlyyyy,2024-12-18T03:05:18Z,0,1,UCnHKfJ8ZsrGK0DiVC35hkZw,@OhMyMiaX3,"Billie Eilish — ""L'AMOUR DE MA VIE"" (Live Performance) | Apple Music 2024 Artist of the Year",Billie Eilish live performance,2026-05-02 05:30:38
UgyqNdeizv_M0WYaKaZ4AaABAg,UPeEeGHydWs,17th viewer<br> &lt;3,2024-12-18T03:05:46Z,1,0,UCiqtQIlQVai7D5FsK82gUPQ,@tianatiana4025,"Billie Eilish — ""L'AMOUR DE MA VIE"" (Live Performance) | Apple Music 2024 Artist of the Year",Billie Eilish live performance,2026-05-02 05:30:38
UgyEnJnTM4lNIzW5cmt4AaABAg,UPeEeGHydWs,"<a href=""https://www.youtube.com/watch?v=UPeEeGHydWs&amp;t=104"">1:44</a> lol what was this ?",2024-12-27T19:07:11Z,0,0,UCVTxBzIIFdOCv3tw4li7ldw,@Drtree-nd8cq,"Billie Eilish — ""L'AMOUR DE MA VIE"" (Live Performance) | Apple Music 2024 Artist of the Year",Billie Eilish live performance,2026-05-02 05:30:38
UgzNTf9GCR5Bw9d224N4AaABAg,UPeEeGHydWs,YAAAGAGAGAFAFTA,2026-02-14T06:13:03Z,0,0,UCbANLdpuuiHthp6TDfrUTUQ,@anonu8081,"Billie Eilish — ""L'AMOUR DE MA VIE"" (Live Performance) | Apple Music 2024 Artist of the Year",Billie Eilish live performance,2026-05-02 05:30:38
Ugx6KgWb5gH33dIwf1V4AaABAg,UPeEeGHydWs,🤍,2024-12-18T03:21:05Z,0,0,UCstQt_OlcsuoKpYHgQv5dBQ,@yasmindesouza4623,"Billie Eilish — ""L'AMOUR DE MA VIE"" (Live Performance) | Apple Music 2024 Artist of the Year",Billie Eilish live performance,2026-05-02 05:30:38
Ugwq2ex7dikWrkOKyUd4AaABAg,rATtPCVsDtk,Only real billie fans can like this comment!!,2024-12-19T17:24:14Z,1329,22,UCf0ffjgAge_Z5AbzlcwK99Q,@eleanormarsden6607,Billie Eilish - THE GREATEST (Live from Apple Music's Artist of the Year 2024),Billie Eilish live performance,2026-05-02 05:30:40
UgyP0GMWDjhIKzaPJTJ4AaABAg,rATtPCVsDtk,The greatest is more than a feeling.,2024-12-19T17:04:22Z,2615,3,UCXTUh7SJzmK7LLOD86GUuGg,@Frangerespinoza23,Billie Eilish - THE GREATEST (Live from Apple Music's Artist of the Year 2024),Billie Eilish live performance,2026-05-02 05:30:40
UgyNV-kqhc_oYswGuzh4AaABAg,rATtPCVsDtk,I love how each time she sings live its unique while still being just as special as the original,2024-12-19T17:04:05Z,3296,7,UCR_tOgXwFnq4RVLTEEOWGog,@nataliekowalczyk1445,Billie Eilish - THE GREATEST (Live from Apple Music's Artist of the Year 2024),Billie Eilish live performance,2026-05-02 05:30:40
UgzhI2-4VYU8qfa5lNR4AaABAg,rATtPCVsDtk,"Hey Billie Eilish, I know you’re not gonna read this but I still wanted to let you know I saw you at the Grammys. I know you’re very upset. I love your music. I love your album. I think you should’ve got the best album of the year award. I know you don’t want me to say anything hateful about any other artist but I really dislike Beyoncé. I think she’s a very horrible person and I didn’t even know she had an album until the Grammys. Your album was so so so good and I also think you should’ve been nominated for a whole bunch of others. I loved your songbirds of a feather and Way more",2025-02-04T05:58:06Z,699,31,UCy7JzA5-phXLoj2NBG4Sdxw,@RachelSlay14,Billie Eilish - THE GREATEST (Live from Apple Music's Artist of the Year 2024),Billie Eilish live performance,2026-05-02 05:30:40
Ugx9TQ54GljZTuamZ9p4AaABAg,rATtPCVsDtk,2026 sorry guys but this song feels like blood in my body idk how to explain it but yk when you FINALLY have a song that describes EXACTLY your love situation. Thanks Billie and Finneas every single time,2026-01-24T12:16:08Z,48,0,UC-5AR7WO3JtY4txnqLIF0FA,@AliceCasanova-l1l,Billie Eilish - THE GREATEST (Live from Apple Music's Artist of the Year 2024),Billie Eilish live performance,2026-05-02 05:30:40
UgwSFpcac_K-6CfGsox4AaABAg,rATtPCVsDtk,Finneas does not get enough recognition. The way he’s able to hit the high pitch notes and focus on playing the guitar at the same time is amazing and takes some serious concentration to not mess up.,2024-12-19T17:50:38Z,2499,27,UCxk36mCpNK35PHnBil5_GVg,@thatguy8356,Billie Eilish - THE GREATEST (Live from Apple Music's Artist of the Year 2024),Billie Eilish live performance,2026-05-02 05:30:40
Ugz7qQewCWquqXSmI0F4AaABAg,rATtPCVsDtk,"Everytime someone likes this comment, I&#39;ll come back and listen to this masterpiece",2024-12-19T17:21:07Z,74,0,UCvcywvIiPFi8z3y1VuzEoCQ,@tkaytime,Billie Eilish - THE GREATEST (Live from Apple Music's Artist of the Year 2024),Billie Eilish live performance,2026-05-02 05:30:40
UgyneA2wej8Mwvn0Fvl4AaABAg,rATtPCVsDtk,Guys she’s FEEDINGG us with interviews and stuff😭,2024-12-19T17:08:29Z,582,9,UCB1i6N9vXN6UYO8eHpCMLqQ,@JAYjayyli,Billie Eilish - THE GREATEST (Live from Apple Music's Artist of the Year 2024),Billie Eilish live performance,2026-05-02 05:30:40
Ugw-eFv5amv-yNISt0R4AaABAg,rATtPCVsDtk,"Lyrics:<br><br>I&#39;m trying my best<br>To keep you satisfied<br>Let you get your rest<br>While I stayed up all night<br>And you don&#39;t wanna know<br>How alone I&#39;ve been<br>Let you come and go<br>Whatever state I&#39;m in, ah<br>Man, am I the greatest<br>My congratulations<br>All my love and patience<br>All my admiration<br>All the times I waited<br>For you to want me naked<br>Made it all look painless<br>Man, am I the greatest<br>Hm<br>Oh-oh, hm<br>Doing what&#39;s right<br>Without a reward<br>And we don&#39;t have to fight<br>When it&#39;s not worth fighting for (fighting for), mm<br>And you don&#39;t wanna know (know)<br>What I would&#39;ve done (done), hm<br>Anything at all<br>Worse than anyone<br>Mm, ooh<br>And man, am I the greatest (greatest)<br>My congratulations (congratulations)<br>All my love and patience<br>All my admiration (admiration)<br>All the times I&#39;ve waited (waited)<br>For you to want me naked (naked)<br>I made it all look painless<br>Man, am I the greatest<br>The greatest<br>The greatest, ooh<br>I, I loved you<br>And I still do<br>Just wanted passion from you<br>Just wanted what I gave you<br>I waited<br>And waited<br>Man, am I the greatest<br>God, I hate it<br>All my love and patience<br>Unappreciated<br>You said your heart was jaded<br>You couldn&#39;t even break it<br>I shouldn&#39;t have to say it<br>You could&#39;ve been the greatest",2025-04-29T05:03:47Z,71,2,UCgxt30TYlVEVuU0v9Wpxi8w,@manka_,Billie Eilish - THE GREATEST (Live from Apple Music's Artist of the Year 2024),Billie Eilish live performance,2026-05-02 05:30:40
UgzYiIXfU6BGkuEwHTd4AaABAg,rATtPCVsDtk,"You deserve Album Of The Year for Grammys 2025. HIT ME HARD AND SOFT is a timeless masterpiece, same as all of your songs and EPs and albums, it is my favourite album of all time. We admire you, love you and respect you so much! 💙",2025-02-03T11:02:02Z,496,1,UCy60z6n8_UJpN4tGwj_4osQ,@IIIIDGAFIIII,Billie Eilish - THE GREATEST (Live from Apple Music's Artist of the Year 2024),Billie Eilish live performance,2026-05-02 05:30:40
UgwdwkQc_HIehpjaHZt4AaABAg,rATtPCVsDtk,Everyone is talking about Billie’s voice and it is amazing but man do you all hear Finneas’ harmonies? They’re the greatest!,2024-12-19T18:47:25Z,988,11,UCa_RjlCVccbE0p_kJQBZlfg,@DJG44,Billie Eilish - THE GREATEST (Live from Apple Music's Artist of the Year 2024),Billie Eilish live performance,2026-05-02 05:30:40
UgyXJ6DyfrVbD5GDbUd4AaABAg,rATtPCVsDtk,i would’ve sobbed if i got to hear this live this way. Finneas adds so much to this song billie’s voice is stunning and beautiful but their harmonizing is unlike anyone else. Two most talented humans alive right now.,2024-12-19T18:41:44Z,434,2,UCGhxagMWG4n1wWLwXo4Szzw,@twentytwoagoo,Billie Eilish - THE GREATEST (Live from Apple Music's Artist of the Year 2024),Billie Eilish live performance,2026-05-02 05:30:40
UgxqjvvZtxYt6MAitdt4AaABAg,rATtPCVsDtk,"Last day of 2025, still listening everyday",2025-12-31T13:47:42Z,28,0,UCrBPj2TpLmVKeOUHy5JVbIw,@denisgumus9734,Billie Eilish - THE GREATEST (Live from Apple Music's Artist of the Year 2024),Billie Eilish live performance,2026-05-02 05:30:40
Ugz5G2T_kAyKhaH1UTt4AaABAg,rATtPCVsDtk,BILLIE YOU WERE ROBBEDDDD,2025-02-03T05:16:55Z,73,1,UCnYwmujO-2SCLZ2XMukfReg,@MalakAbaiyan,Billie Eilish - THE GREATEST (Live from Apple Music's Artist of the Year 2024),Billie Eilish live performance,2026-05-02 05:30:40
Ugxi000xQs-78lutgOt4AaABAg,rATtPCVsDtk,The voice control is crazy,2024-12-19T19:55:10Z,266,0,UCbGvMfqnapSxKgfv5kd612g,@preranakulkarni8357,Billie Eilish - THE GREATEST (Live from Apple Music's Artist of the Year 2024),Billie Eilish live performance,2026-05-02 05:30:40
Ugw2aEDCAQFVyiGRfe54AaABAg,rATtPCVsDtk,This is seriously amazing. Billie&#39;s voice can literally go with any vibe,2024-12-19T17:04:47Z,156,0,UCzdA5ixQ4hPi7vk1N180ctg,@szcSaira,Billie Eilish - THE GREATEST (Live from Apple Music's Artist of the Year 2024),Billie Eilish live performance,2026-05-02 05:30:40
UgxhCxHLAWG2n9tB2E14AaABAg,rATtPCVsDtk,"I CAN&#39;T GET OVER THE FACT THAT HIT ME HARD AND SOFT DIDN&#39;T WIN AT LEAST ONE GRAMMY<br>(Just the album that billie eilish connected back to her roots, billie eilish you deserved at least one) I LOVE YOU BILLIE",2025-02-04T01:17:40Z,159,5,UCI7KB3mHX44CA7UaTaIKCsw,@Mysuihaciparkde,Billie Eilish - THE GREATEST (Live from Apple Music's Artist of the Year 2024),Billie Eilish live performance,2026-05-02 05:30:40
Ugw2d6a5c6HnQcOhxJZ4AaABAg,rATtPCVsDtk,goosebumps and tears,2025-09-27T22:25:46Z,41,1,UCD9TNY_iQxp_cai5APL_D2w,@lmaoidgaf,Billie Eilish - THE GREATEST (Live from Apple Music's Artist of the Year 2024),Billie Eilish live performance,2026-05-02 05:30:40
Ugygs-7z1WLI6REfMwZ4AaABAg,rATtPCVsDtk,"Finneas’ falsetto harmonies at <a href=""https://www.youtube.com/watch?v=rATtPCVsDtk&amp;t=174"">2:54</a> 🥹",2024-12-19T19:14:52Z,98,2,UC61rsy7_gZpI8B2jVEc0aaw,@bailey2722,Billie Eilish - THE GREATEST (Live from Apple Music's Artist of the Year 2024),Billie Eilish live performance,2026-05-02 05:30:40
Ugyl3BmEask07p4CtjZ4AaABAg,rATtPCVsDtk,Her voice is so angelical,2024-12-19T17:04:57Z,265,6,UCL4vIqjrtBS749029tf78Vg,@Leugumy,Billie Eilish - THE GREATEST (Live from Apple Music's Artist of the Year 2024),Billie Eilish live performance,2026-05-02 05:30:40
UgznRokHyhfeFK62WEp4AaABAg,rATtPCVsDtk,Everytime her voice is so amazing… I can’t help but listen to it again and again,2024-12-19T17:05:35Z,110,0,UCtPuAMe9dcms7E98GOakM4w,@Sofia_Minarikova,Billie Eilish - THE GREATEST (Live from Apple Music's Artist of the Year 2024),Billie Eilish live performance,2026-05-02 05:30:40
UgxuK1PABzERsr5q0Xt4AaABAg,rATtPCVsDtk,Anyone 2025?🥺,2025-01-07T00:18:48Z,7,0,UCFLjevk87NTquqzPcwSGXPw,@B.I.G_B,Billie Eilish - THE GREATEST (Live from Apple Music's Artist of the Year 2024),Billie Eilish live performance,2026-05-02 05:30:40
UgzMc1X2TxE1VVTuTGB4AaABAg,rATtPCVsDtk,"<a href=""https://www.youtube.com/watch?v=rATtPCVsDtk&amp;t=154"">2:34</a> the way he looks at her. he is so so proud of her.",2024-12-20T22:55:10Z,72,4,UC_GwAlqrkKlkqbqf4bfGCLw,@imaslimeycapybara,Billie Eilish - THE GREATEST (Live from Apple Music's Artist of the Year 2024),Billie Eilish live performance,2026-05-02 05:30:40
UgychVmpauLO9IekrRN4AaABAg,rATtPCVsDtk,when she took out the mic. Omg. I love it.,2024-12-20T03:33:19Z,233,0,UC-sXwXpWpy6946sSFxoJQUw,@piggywiggy4990,Billie Eilish - THE GREATEST (Live from Apple Music's Artist of the Year 2024),Billie Eilish live performance,2026-05-02 05:30:40
UgwqQ-Dbv7V5LnOqPNp4AaABAg,rATtPCVsDtk,My favorite song off the album!,2024-12-19T18:24:15Z,88,1,UCC5Mh8Zwi0mMnknkgNuJ7xQ,@moonriver78,Billie Eilish - THE GREATEST (Live from Apple Music's Artist of the Year 2024),Billie Eilish live performance,2026-05-02 05:30:40
UgykbLmq55_ChcXfg2h4AaABAg,rATtPCVsDtk,"<a href=""https://www.youtube.com/watch?v=rATtPCVsDtk&amp;t=338"">5:38</a> The way she sang as loudly without the microfon 😭✨️✨️❤️",2024-12-19T21:03:54Z,144,2,UCm0mlutnnvcdt6NlST3ZVOw,@moonstar3445,Billie Eilish - THE GREATEST (Live from Apple Music's Artist of the Year 2024),Billie Eilish live performance,2026-05-02 05:30:40
Ugxd8K9uDot1mU4-4dF4AaABAg,rATtPCVsDtk,"I&#39;m 47yrs old, hearing this masterpiece for the first time and these lyrics just broke me 😭😭😭💔",2025-09-20T01:28:42Z,8,0,UC2Ws11mnkzkG0bsN3QxKPfA,@kristenfrank,Billie Eilish - THE GREATEST (Live from Apple Music's Artist of the Year 2024),Billie Eilish live performance,2026-05-02 05:30:40
UgwfNL0SRXMkiaXzCed4AaABAg,rATtPCVsDtk,"As someone who had a partner that weaponized attention, intimacy etc while expecting me to stay stoic and pour myself out over and over with nothing or very little back just begging to be acknowledged,loved and desired the same way… this really hits and makes you feel seen.",2024-12-25T00:57:45Z,37,0,UCbsgfP2Jniq_b2Vz3MC74oA,@IzzyTheLittlestJeep,Billie Eilish - THE GREATEST (Live from Apple Music's Artist of the Year 2024),Billie Eilish live performance,2026-05-02 05:30:40
Ugzq7gO_YkA8OQ6Z3qF4AaABAg,rATtPCVsDtk,"<a href=""https://www.youtube.com/watch?v=rATtPCVsDtk&amp;t=10"">0:10</a> Only true billie fans can like this comment❤",2024-12-19T23:05:03Z,62,1,UCCm5QLrkAcxiysqhxmPsrAA,@ArrowheadGuitar,Billie Eilish - THE GREATEST (Live from Apple Music's Artist of the Year 2024),Billie Eilish live performance,2026-05-02 05:30:40
Ugw7pAqrqdB2M6kgYbV4AaABAg,rATtPCVsDtk,People who didn&#39;t come from Tik Tok are allowed to like this comment,2024-12-19T17:11:06Z,10,0,UCWvx7Oz6H8DUzyWzKPmiH0A,@StyleStyler-w3b,Billie Eilish - THE GREATEST (Live from Apple Music's Artist of the Year 2024),Billie Eilish live performance,2026-05-02 05:30:40
UgxRHxPy0O4Ir6AxhxN4AaABAg,rATtPCVsDtk,"I’ve been listening to Billie for at least 7 years, and every Time she opens her mouth to sing, it’s like im hearing it for the First Time and im shocked! Instant chills",2024-12-19T17:32:16Z,136,0,UCgqhRlLZSg9r0DOGv8_1Rjg,@Alloelo,Billie Eilish - THE GREATEST (Live from Apple Music's Artist of the Year 2024),Billie Eilish live performance,2026-05-02 05:30:40
Ugy69TIlhB3SYGvtVHl4AaABAg,rATtPCVsDtk,She took the mic out. She is absolutally BRILLIANT!,2025-08-26T02:07:57Z,16,1,UCFO4oO2tAh2jnM3_giEglSw,@laryssabena212,Billie Eilish - THE GREATEST (Live from Apple Music's Artist of the Year 2024),Billie Eilish live performance,2026-05-02 05:30:40
Ugxf2VfIc7p94DvXACR4AaABAg,rATtPCVsDtk,Billie Eilish fans ❤<br>👇,2025-01-20T14:59:57Z,12,4,UC9igwSA-X603An0kPC32yrg,@MohmmedzzYTfan,Billie Eilish - THE GREATEST (Live from Apple Music's Artist of the Year 2024),Billie Eilish live performance,2026-05-02 05:30:40
Ugyoa_kNtaimdSnBKEl4AaABAg,rATtPCVsDtk,i ascend when i hear the greatest,2024-12-19T17:19:37Z,41,0,UCilx1mncAqnvYZ_-I-GeuRQ,@talkingshoe-p2u,Billie Eilish - THE GREATEST (Live from Apple Music's Artist of the Year 2024),Billie Eilish live performance,2026-05-02 05:30:40
UgyjbyC-gUkYnFCJOKN4AaABAg,rATtPCVsDtk,"You and your brother, I will love you with all my heart",2024-12-19T17:08:39Z,66,0,UCf_a8_nJTXQFZkpXgct9LIA,@AbirAasim,Billie Eilish - THE GREATEST (Live from Apple Music's Artist of the Year 2024),Billie Eilish live performance,2026-05-02 05:30:40
UgyIBPxQGtmpOtMeK_J4AaABAg,rATtPCVsDtk,Pretty sure she&#39;ll have another Grammy for this Album❤,2024-12-19T19:25:59Z,75,5,UCPXbENFqGLFE-n1ylfubktw,@peterpan2575,Billie Eilish - THE GREATEST (Live from Apple Music's Artist of the Year 2024),Billie Eilish live performance,2026-05-02 05:30:40
UgxM_z7DPf2CXDKg9_R4AaABAg,rATtPCVsDtk,&quot;I loved you; and I still do.&quot;😭,2025-08-31T07:49:49Z,20,0,UCn8aTaeP5fq8ux97a2niiwA,@DM31702,Billie Eilish - THE GREATEST (Live from Apple Music's Artist of the Year 2024),Billie Eilish live performance,2026-05-02 05:30:40
UgwdQRHLETzlqihBrXp4AaABAg,rATtPCVsDtk,"If anyone happens to come across this message, I just want you to know: no matter where you are in the world, I&#39;m wishing you a beautiful day and a life full of happiness, peace, and fulfilled dreams. You are incredible, and you are enough. I believe in you, always! 💖✨💖✨💖",2025-01-06T11:07:15Z,6,0,UCnrmyBqh0jAorzLEef9ys-g,@ChillVibes8822,Billie Eilish - THE GREATEST (Live from Apple Music's Artist of the Year 2024),Billie Eilish live performance,2026-05-02 05:30:40
UgzYQ87IjXOOhkUT-Vl4AaABAg,rATtPCVsDtk,They&#39;re just something else. Both Billie and Finneas are truly a one of a kind duo &lt;3,2024-12-19T23:31:41Z,64,0,UCBDQ-UY0hdCcST_qECuCH1w,@eyomb7797,Billie Eilish - THE GREATEST (Live from Apple Music's Artist of the Year 2024),Billie Eilish live performance,2026-05-02 05:30:40
UgwE8iPDJGNO2OhWJ-p4AaABAg,rATtPCVsDtk,"omg those vocals by Finneas at <a href=""https://www.youtube.com/watch?v=rATtPCVsDtk&amp;t=175"">2:55</a> -- he sounds like an angel.",2024-12-19T17:16:02Z,59,0,UCBKC6YhMYZMWVkWEmpHp1nA,@sinconok,Billie Eilish - THE GREATEST (Live from Apple Music's Artist of the Year 2024),Billie Eilish live performance,2026-05-02 05:30:40
UgwHQODTi9IuUkO-_yZ4AaABAg,rATtPCVsDtk,This song reminds me of my father who passed away this year..he wanted me to be the greatest..and I&#39;m happy for all that he taught me. Such a beautiful song..,2024-12-19T17:06:26Z,12,0,UCD4ql0Kks-XGsqzllkGDs4g,@teostan1302,Billie Eilish - THE GREATEST (Live from Apple Music's Artist of the Year 2024),Billie Eilish live performance,2026-05-02 05:30:40
UgzSN9ZQ_ylw0U4wzXp4AaABAg,rATtPCVsDtk,"Hello Billie, <br><br>you sang Silent Night on December 20th and there is an audio clip of it on YouTube.<br><br>Your song Silent Night helps us to have peace and hope again. <br><br>Because our Country is in Mourning. On December 20th there was an attack on a Christmas market that injured 205 people, of which 5 people died, including a nine-year-old child. <br><br>Your song helps us. <br>We wish you a Merry Christmas. <br><br>Greetings from Germany.",2024-12-22T09:36:08Z,20,0,UCXmJ4qsJfvsRHjOsl_ciJWw,@RonRyan83,Billie Eilish - THE GREATEST (Live from Apple Music's Artist of the Year 2024),Billie Eilish live performance,2026-05-02 05:30:40
Ugzxmsekjt0mblM6K_Z4AaABAg,rATtPCVsDtk,you deserved that grammy.,2025-02-03T23:13:47Z,7,0,UCU0Jsx0gv1KXUyInl4Ba7SQ,@ninjalukeee,Billie Eilish - THE GREATEST (Live from Apple Music's Artist of the Year 2024),Billie Eilish live performance,2026-05-02 05:30:40
Ugwq69q3VbwvTzlF7lF4AaABAg,rATtPCVsDtk,The Brotherhood 😢,2024-12-19T17:18:06Z,20,0,UCstSVI3eIvnYJYWH9uYZRKg,@lhkayagenitic22,Billie Eilish - THE GREATEST (Live from Apple Music's Artist of the Year 2024),Billie Eilish live performance,2026-05-02 05:30:40
UgxuNwzJUmPzUTHO5Dp4AaABAg,rATtPCVsDtk,Everytime someone like this comment I&#39;ll check it over again,2024-12-19T18:30:45Z,4,0,UC8NREps-eFyOMuEeqQpr-Mw,@soreichankm9092,Billie Eilish - THE GREATEST (Live from Apple Music's Artist of the Year 2024),Billie Eilish live performance,2026-05-02 05:30:40
Ugzo9Bcsj8UmVPyX0p94AaABAg,rATtPCVsDtk,WHAT THE HELL. THE VOCALS ARE INSANE!!!,2025-11-01T13:28:06Z,12,0,UCDG-IHcTgQrFDS7thd5zh6w,@miyette2361,Billie Eilish - THE GREATEST (Live from Apple Music's Artist of the Year 2024),Billie Eilish live performance,2026-05-02 05:30:40
UgzGJ5VX3xVJsie-AGx4AaABAg,rATtPCVsDtk,ATTENTION ALL BILLIE EILISH<br>FANS<br>We will be streaming Hit Me Hard &amp; Soft nonstop to make up for Billies&#39;s underserved loss. The Goal is to make Billie the #1 MOST streamed artist in SPOTIFY. The deadline is 3/1/2025.<br>Please copy and paste this in every video that you see and I hope we have our results by the end of the month.<br>SPREAD THE MESSAGE.,2025-02-05T11:53:15Z,5,0,UCTuWKUhXPiIKPzhL00HGyNg,@Itsiris_q,Billie Eilish - THE GREATEST (Live from Apple Music's Artist of the Year 2024),Billie Eilish live performance,2026-05-02 05:30:40
UgzxOPvPZuq23T512IJ4AaABAg,rATtPCVsDtk,"Anyone to 2025 ,?",2025-01-12T14:30:32Z,5,0,UCQPlaoD6SxeiRRAJX01kLAQ,@imlily00,Billie Eilish - THE GREATEST (Live from Apple Music's Artist of the Year 2024),Billie Eilish live performance,2026-05-02 05:30:40
UgygzvnqlnoI2VwFcA14AaABAg,rATtPCVsDtk,"Doesn&#39;t matter how many times i hear this song, i get chills every single time. I LOVE THIS SO MUCH",2024-12-19T17:44:32Z,49,0,UCTohcCDK0f_5YsvF_oAEvdQ,@ashh-p5r,Billie Eilish - THE GREATEST (Live from Apple Music's Artist of the Year 2024),Billie Eilish live performance,2026-05-02 05:30:40
Ugw9YvFWLVzvCkPY4Vl4AaABAg,rATtPCVsDtk,너무 좋다… 빌리 특유의 쓸쓸한 느낌이 어쿠스틱으로 더 강해지는 듯,2024-12-20T02:28:38Z,21,0,UCMBOV4HLjBHQA22db35yeFw,@noseholekibi,Billie Eilish - THE GREATEST (Live from Apple Music's Artist of the Year 2024),Billie Eilish live performance,2026-05-02 05:30:40
UgxM0XJ387SaVcPmUr94AaABAg,rATtPCVsDtk,"‏‪<a href=""https://www.youtube.com/watch?v=rATtPCVsDtk&amp;t=66"">1:06</a>‬‏ She speaks what&#39;s inside her",2025-01-14T06:03:48Z,21,1,UCnTorIGkZoL4VQ4SRBXt8KA,@soso_ump,Billie Eilish - THE GREATEST (Live from Apple Music's Artist of the Year 2024),Billie Eilish live performance,2026-05-02 05:30:40
UgxmWK5Dy18PX80J1gd4AaABAg,rATtPCVsDtk,Thanks for 34 subscriber youtube team,2025-01-14T22:58:20Z,1,0,UCPw070cuMPTyEuZIj6H6HEw,@ACPPRADYUMAN123,Billie Eilish - THE GREATEST (Live from Apple Music's Artist of the Year 2024),Billie Eilish live performance,2026-05-02 05:30:40
UgwfX10Wwgwk435A1vN4AaABAg,rATtPCVsDtk,you will win grammy billie for the album of the year,2025-02-03T06:03:49Z,26,4,UCUmv-ur8bXl-EdEL5qsK4YA,@ImNotLyingItIsTheTruth,Billie Eilish - THE GREATEST (Live from Apple Music's Artist of the Year 2024),Billie Eilish live performance,2026-05-02 05:30:40
Ugx8ug6UV4nOScs99wh4AaABAg,rATtPCVsDtk,The greatest is really the GREATEST in the album,2024-12-19T17:07:06Z,8,0,UC59h_zSna3k_SMKrmYPf6Fw,@wateenx1336,Billie Eilish - THE GREATEST (Live from Apple Music's Artist of the Year 2024),Billie Eilish live performance,2026-05-02 05:30:40
Ugy2V6XL1vdbhEBaJkJ4AaABAg,rATtPCVsDtk,"<a href=""https://www.youtube.com/watch?v=rATtPCVsDtk&amp;t=235"">3:55</a> she shifted us to a different parallel universe up &#39;till the bridge part 🌌✨",2024-12-19T17:12:35Z,13,0,UCf-jj3owMcrve_hIMZy4v3g,@vinzerazelsuarez8089,Billie Eilish - THE GREATEST (Live from Apple Music's Artist of the Year 2024),Billie Eilish live performance,2026-05-02 05:30:40
UgxgjBh-H7cqLkMcOG14AaABAg,rATtPCVsDtk,BILLIE WAS CRYING AND SO WAS I SHE GOT ROBBED SHE PUT EVERYTHING IB THE ALBUM SPECIALLY HER HEART STILL AN AVERAGE ALBUM WON,2025-02-05T11:57:53Z,19,0,UCby3ghIIOPW2d_GpcWR9t_g,@Shivam1908-e8m,Billie Eilish - THE GREATEST (Live from Apple Music's Artist of the Year 2024),Billie Eilish live performance,2026-05-02 05:30:40
UgzeSRl3amCk9O15sMx4AaABAg,rATtPCVsDtk,Hi billie if your reading this you met my dog well hes not my dog anymore bc i put him up for adoption but his name is little brother and you met him a few months ago thanks for bring joy to his life by meeting him and hanging out with him for a while your the best ❤,2025-01-01T20:40:12Z,2,0,UC5Qf8jf5hflJ_g2u_KDUUCw,@craigthompson4102,Billie Eilish - THE GREATEST (Live from Apple Music's Artist of the Year 2024),Billie Eilish live performance,2026-05-02 05:30:40
Ugz8XhqtpUYyJzvcTDx4AaABAg,rATtPCVsDtk,When she put down the microphone to sing the end I literally started crying,2024-12-22T07:09:53Z,21,0,UCzYptF3uEZEoRRpv1X22pcw,@Izzybellasp,Billie Eilish - THE GREATEST (Live from Apple Music's Artist of the Year 2024),Billie Eilish live performance,2026-05-02 05:30:40
Ugyr4t56tSd_78tct_J4AaABAg,rATtPCVsDtk,Every time someone likes my comment I&#39;ll watch it again,2024-12-20T02:39:39Z,5,0,UCMfz14OsL-yEjoINnipPhbA,@thew1ldflower,Billie Eilish - THE GREATEST (Live from Apple Music's Artist of the Year 2024),Billie Eilish live performance,2026-05-02 05:30:40
Ugzp9dh8NZXL3nQGpbZ4AaABAg,rATtPCVsDtk,one of the greatest voices of our time,2024-12-20T03:33:37Z,37,0,UC-sXwXpWpy6946sSFxoJQUw,@piggywiggy4990,Billie Eilish - THE GREATEST (Live from Apple Music's Artist of the Year 2024),Billie Eilish live performance,2026-05-02 05:30:40
UgwgTWjwJ18fh17myqp4AaABAg,rATtPCVsDtk,I swear she is the only artist who can understand our feelings,2024-12-19T17:04:11Z,16,0,UCwtf6L_ehxFaLBhUGTEh6uw,@Chearosei,Billie Eilish - THE GREATEST (Live from Apple Music's Artist of the Year 2024),Billie Eilish live performance,2026-05-02 05:30:40
UgyHiaGNBiM9pZsE_ht4AaABAg,rATtPCVsDtk,Who is watching from Sri Lanka 🇱🇰 ❤️,2025-01-04T14:10:08Z,1,0,UCKWSM7O6WPa49Ex5nbA6Jbg,@Musicline-b4o,Billie Eilish - THE GREATEST (Live from Apple Music's Artist of the Year 2024),Billie Eilish live performance,2026-05-02 05:30:40
UgyY6UA37Cz7IubZ-HR4AaABAg,rATtPCVsDtk,"I can&#39;t accept the fact that I&#39;ve known billie for years, but I&#39;ve become a fan in 2025...",2025-01-05T20:30:28Z,2,0,UCxPZlDh6E_9k5k8jgyAOA4A,@sarraah_.0,Billie Eilish - THE GREATEST (Live from Apple Music's Artist of the Year 2024),Billie Eilish live performance,2026-05-02 05:30:40
UgzE_Df73xLF-D3j6nV4AaABAg,rATtPCVsDtk,HER VOICE IS HEAVEN🤌🤌💗,2024-12-19T17:02:51Z,35,2,UCaLMhK6nEajb1rUXaJYSWvw,@neha.rukiyaaa,Billie Eilish - THE GREATEST (Live from Apple Music's Artist of the Year 2024),Billie Eilish live performance,2026-05-02 05:30:40
Ugz7oWmWv934ohmPDhd4AaABAg,rATtPCVsDtk,"Bro her voice is actually insane. It&#39;s like it&#39;s pulling you in. And the live one sounds literally the same as the studio version if not better, its really crazy. She legit doesn&#39;t need autotune.",2024-12-19T17:06:19Z,12,0,UCuVbWoO4E0ZhhWEUGfYIM-Q,@Orangecat271,Billie Eilish - THE GREATEST (Live from Apple Music's Artist of the Year 2024),Billie Eilish live performance,2026-05-02 05:30:40
UgxjmnsXeyPU01p2DMF4AaABAg,rATtPCVsDtk,"I love the way she always introduces her songs, like we don&#39;t know it 😂",2024-12-19T17:24:34Z,422,3,UCCf1o5MClrjG3jH9LY0Xr_A,@ALIENSUPERSTAR-w4g,Billie Eilish - THE GREATEST (Live from Apple Music's Artist of the Year 2024),Billie Eilish live performance,2026-05-02 05:30:40
UgxaXIuWdq002CUE18V4AaABAg,rATtPCVsDtk,She worked so hard to reach where she is now and Im so proud of her🎉❤,2024-12-19T17:53:10Z,26,0,UCWRX8dz_bearv886YC5gzJw,@pbms-dst,Billie Eilish - THE GREATEST (Live from Apple Music's Artist of the Year 2024),Billie Eilish live performance,2026-05-02 05:30:40
Ugz9-J2c7uBG84MnSa54AaABAg,rATtPCVsDtk,if i had your voice i don’t think id ever shut up,2025-02-06T01:45:21Z,2,0,UCUO0OkbaVlwmsky62OJl-FA,@adxrbsnxdii,Billie Eilish - THE GREATEST (Live from Apple Music's Artist of the Year 2024),Billie Eilish live performance,2026-05-02 05:30:40
UgwyN5ZxfQdREy3c_bR4AaABAg,rATtPCVsDtk,The one who likes this comment is a real Billie fan!!,2025-02-05T10:45:44Z,1,0,UCX5t3_CfVBCLZeAECiYjTSQ,@Nandoo-w6p,Billie Eilish - THE GREATEST (Live from Apple Music's Artist of the Year 2024),Billie Eilish live performance,2026-05-02 05:30:40
UgyfYxBShi4q_wCkVL54AaABAg,rATtPCVsDtk,Billie deserved the Grammys,2025-02-04T06:43:48Z,4,0,UCAKjczDknHtaKc00ppCMjeQ,@Frankie254,Billie Eilish - THE GREATEST (Live from Apple Music's Artist of the Year 2024),Billie Eilish live performance,2026-05-02 05:30:40
UgzWkNg7tJXjP_hNfhF4AaABAg,rATtPCVsDtk,"<a href=""https://www.youtube.com/watch?v=rATtPCVsDtk&amp;t=282"">4:42</a>  her voice 🥹",2024-12-19T21:32:57Z,10,0,UCrmPBRqBhddxJvkNsbZ4HdQ,@Taurus_moon9,Billie Eilish - THE GREATEST (Live from Apple Music's Artist of the Year 2024),Billie Eilish live performance,2026-05-02 05:30:40
UgzbLg2Op1MPlnwZyIZ4AaABAg,rATtPCVsDtk,"Guys, wish me luck and pray for me please, I have entrance exams coming up soon (January 25 and February 1)😭😭🙏🏻",2025-01-17T17:53:59Z,5,1,UC3fCnYAFkIxtRKcJrrPHTOg,@Annieme10-m7p,Billie Eilish - THE GREATEST (Live from Apple Music's Artist of the Year 2024),Billie Eilish live performance,2026-05-02 05:30:40
UgysoVADsDQDwFg4qTl4AaABAg,rATtPCVsDtk,😩,2025-01-10T02:13:22Z,1,0,UC5WedZoSlDqB5EvSTP3n6lQ,@younesyet,Billie Eilish - THE GREATEST (Live from Apple Music's Artist of the Year 2024),Billie Eilish live performance,2026-05-02 05:30:40
UgwLGdCTAXFOog3zhUJ4AaABAg,rATtPCVsDtk,The people that are sitting infront of them are lucky af,2025-01-03T08:01:17Z,1,0,UCxQojkZuryxInqFKYCsKA5A,@Rory744,Billie Eilish - THE GREATEST (Live from Apple Music's Artist of the Year 2024),Billie Eilish live performance,2026-05-02 05:30:40
UgxX-emqEIB3yM6qAkp4AaABAg,rATtPCVsDtk,"That&#39;s my favorite song from the album, THE GREATEST is the voices of my soul 🫠🫠🔥.",2024-12-19T17:48:07Z,20,0,UCQFZeWyrraqXIUaZX03KAgA,@lejun1017,Billie Eilish - THE GREATEST (Live from Apple Music's Artist of the Year 2024),Billie Eilish live performance,2026-05-02 05:30:40
Ugyu8xYJyD3447G1hG94AaABAg,rATtPCVsDtk,Her voice is so incredible &lt;3,2024-12-19T17:21:21Z,26,0,UC-3LNkre4E2zYlGj63-nDUw,@24hourso.blueee,Billie Eilish - THE GREATEST (Live from Apple Music's Artist of the Year 2024),Billie Eilish live performance,2026-05-02 05:30:40
UgwEKZ7ZNZQ0wf7bmkh4AaABAg,rATtPCVsDtk,"<a href=""https://www.youtube.com/watch?v=rATtPCVsDtk&amp;t=263"">4:23</a> ❤️‍🩹LOVE IT",2025-02-06T18:45:20Z,7,0,UCO3A8yhwAk2gDlQVZx7P_LQ,@Polly-pkk,Billie Eilish - THE GREATEST (Live from Apple Music's Artist of the Year 2024),Billie Eilish live performance,2026-05-02 05:30:40
UgwYjPy5MZcNzqFHnEJ4AaABAg,rATtPCVsDtk,23/12/2024❤❤❤,2024-12-23T13:43:04Z,0,0,UCrEdop8rxSRWWwfSK_KS5SA,@applecup2297,Billie Eilish - THE GREATEST (Live from Apple Music's Artist of the Year 2024),Billie Eilish live performance,2026-05-02 05:30:40
UgwkVolgc0rYU03bcvJ4AaABAg,rATtPCVsDtk,u deserves all those grammys. my baby im so sorry,2025-02-03T17:44:32Z,4,0,UC6nqLYuCcA6yiuU9_Diiiwg,@clairelucilleb,Billie Eilish - THE GREATEST (Live from Apple Music's Artist of the Year 2024),Billie Eilish live performance,2026-05-02 05:30:40
Ugz2UwqwhkXr1YqY8Ax4AaABAg,rATtPCVsDtk,I wish I was there,2024-12-19T17:24:17Z,9,0,UC0HYADthLEdgeS4w7RGKj_w,@Expanox-v2c,Billie Eilish - THE GREATEST (Live from Apple Music's Artist of the Year 2024),Billie Eilish live performance,2026-05-02 05:30:40
UgwFplaprPCksm-Si694AaABAg,rATtPCVsDtk,"That&#39;s the best Billie Eilish I&#39;ve ever heard. The music wasn&#39;t drowning out her beautiful voice, I could actually hear and understand the lyrics for a change.",2024-12-22T10:29:21Z,20,0,UCBXayr1DLjRfHPt_ioVDQHQ,@sleepingbear9125,Billie Eilish - THE GREATEST (Live from Apple Music's Artist of the Year 2024),Billie Eilish live performance,2026-05-02 05:30:40
UgzmQIOZKg0X1lpXxDd4AaABAg,rATtPCVsDtk,Is it just me or would a Joji and Billie collab be sick,2025-01-26T06:38:23Z,2,0,UCS9q3awWzO9bQ8stWVZkaYw,@Crimcatterpillar,Billie Eilish - THE GREATEST (Live from Apple Music's Artist of the Year 2024),Billie Eilish live performance,2026-05-02 05:30:40
UgxEVUK8OnQHjKG-Qjl4AaABAg,rATtPCVsDtk,ALWAYS HIT ME HARD AND SOFT😢😢😢. i cried when i found out beyonce took it from you,2025-02-03T06:16:46Z,5,0,UCVH5ZoG-ldNcP2pMi1msH3Q,@Trammm008,Billie Eilish - THE GREATEST (Live from Apple Music's Artist of the Year 2024),Billie Eilish live performance,2026-05-02 05:30:40
UgwBysijxDt5V3Mziit4AaABAg,rATtPCVsDtk,"Fact: Billie Eilish vocals isn&#39;t a joke y&#39;all. Her vocals is so always angelic, beautifully, breathtaking, good, healing, lovely, mesmerizing, perfect, soft, soothing, touching and outta this world.",2024-12-19T17:04:59Z,1051,22,UCuGKo16zHbaI1NUJuU77ROg,@miss_angel32,Billie Eilish - THE GREATEST (Live from Apple Music's Artist of the Year 2024),Billie Eilish live performance,2026-05-02 05:30:40
UgxR_AgmsEM2fuYgiFB4AaABAg,rATtPCVsDtk,You truly INSPIRE my music. One day we will do a feature it’s my biggest dream &lt;3,2024-12-19T17:23:25Z,13,1,UCFewK7KzWvQ6rZWTpWiFF8Q,@nstl,Billie Eilish - THE GREATEST (Live from Apple Music's Artist of the Year 2024),Billie Eilish live performance,2026-05-02 05:30:40
UgypYkLaG_-eYcqN7tJ4AaABAg,rATtPCVsDtk,She has a voice that I never tire of hearing.,2024-12-20T02:02:06Z,15,0,UC3mCGcnu5rBLjB50nMFog0A,@mjgervais7112,Billie Eilish - THE GREATEST (Live from Apple Music's Artist of the Year 2024),Billie Eilish live performance,2026-05-02 05:30:40
UgxWyRAlCn2bT2Ldsf54AaABAg,rATtPCVsDtk,♥️♥️♥️♥️♥️♥️♥️♥️♥️,2024-12-23T09:37:52Z,2,0,UCxRsKqo7mCkp77zW65bPY0g,@naaarrrraaa,Billie Eilish - THE GREATEST (Live from Apple Music's Artist of the Year 2024),Billie Eilish live performance,2026-05-02 05:30:40
UgxePMukBDV0uW3OrHJ4AaABAg,rATtPCVsDtk,Her relationship ship with her brother is so wholesome🤍🤍,2024-12-19T17:02:55Z,12,0,UC9fK3neQSiNomFtprFDvfAw,@Puppet_productions_hb,Billie Eilish - THE GREATEST (Live from Apple Music's Artist of the Year 2024),Billie Eilish live performance,2026-05-02 05:30:40
UgzrQEJfRwdBAHof27B4AaABAg,rATtPCVsDtk,This song made m realise my worth made. Mme feel  powerful again it just says alll the things I didn&#39;t have the courage to say I&#39;m now free from my ex&#39;s narcissistic grip after 12yrs he really did take a piece of me he broke my spirit 💔 my lust for life and nearly took. My sanity now I&#39;m FREE AND SLOWLY FINDING MYSELF AGAIN,2025-04-25T11:45:17Z,6,0,UCqA4TwgK_gpSlXFNicOwF1Q,@amandaridler3222,Billie Eilish - THE GREATEST (Live from Apple Music's Artist of the Year 2024),Billie Eilish live performance,2026-05-02 05:30:40
UgyFJdNCBHwHfxExK9d4AaABAg,rATtPCVsDtk,Her vocals in this video are insane. The greatest.,2025-02-22T17:06:24Z,6,0,UCjZnbjlpn3gNPhSntM4bi0Q,@anoopsingh0507,Billie Eilish - THE GREATEST (Live from Apple Music's Artist of the Year 2024),Billie Eilish live performance,2026-05-02 05:30:40
Ugyk7H4SLYBCZNHciLZ4AaABAg,rATtPCVsDtk,U should&#39;ve won the album of the year,2025-02-03T16:42:32Z,2,0,UCe3nOIn-DqIpaxWexex9FjQ,@meowrim,Billie Eilish - THE GREATEST (Live from Apple Music's Artist of the Year 2024),Billie Eilish live performance,2026-05-02 05:30:40
UgzdF9Wmy7v8IkskwJ94AaABAg,rATtPCVsDtk,"<a href=""https://www.youtube.com/watch?v=rATtPCVsDtk&amp;t=35"">00:35</a>",2025-04-21T21:48:13Z,1,0,UC6B6wuYCdr1-Vicch8o9cVA,@barmv19taylor94,Billie Eilish - THE GREATEST (Live from Apple Music's Artist of the Year 2024),Billie Eilish live performance,2026-05-02 05:30:40
Ugy5-ojp3HuCT8iBAEN4AaABAg,rATtPCVsDtk,i swear every new performance i see is better than the last and idk how she does it!,2024-12-19T17:49:30Z,17,0,UCMLq8txR-jF8vWJ2BTkuH8Q,@caitlincathleen.ann26,Billie Eilish - THE GREATEST (Live from Apple Music's Artist of the Year 2024),Billie Eilish live performance,2026-05-02 05:30:40
UgyKlmAIADjMZe3kQ8V4AaABAg,rATtPCVsDtk,I LOVE YOUU BILLIE 💓✨💞😭,2024-12-19T17:05:28Z,21,0,UC2j0t1lpuFV7A8CrXoL-bZQ,@Nezu.0-0,Billie Eilish - THE GREATEST (Live from Apple Music's Artist of the Year 2024),Billie Eilish live performance,2026-05-02 05:30:40
UgysJR0Edup3pbGD8aR4AaABAg,rATtPCVsDtk,"@BillieEilish <br>You should have won a Grammy. You should have won MORE than one!! When I saw you on TV with tears in your eyes, I was wishing I was there to hug you! They are rigged. 😢 You are amazingggg!💯❤✌️😘😘",2025-02-05T16:12:54Z,7,0,UC0uS8Rp011heKQO0-84GEqA,@medicatedmama,Billie Eilish - THE GREATEST (Live from Apple Music's Artist of the Year 2024),Billie Eilish live performance,2026-05-02 05:30:40
UgzV3_PkTTcMjF9ghsd4AaABAg,rATtPCVsDtk,Those who give Billie Hate in the comments<br>Can you sing like her? No<br>Does your voice sound nice? No<br>Are you successful and rich? No<br>Have you ever won a Grammy? No<br>That&#39;s enough to get up and do something for your lost life and get a job instead of hating on her.,2025-07-30T13:02:45Z,1,0,UCbmmplxLX5i91dAhfVnIBrA,@noiri_ni,Billie Eilish - THE GREATEST (Live from Apple Music's Artist of the Year 2024),Billie Eilish live performance,2026-05-02 05:30:40
Ugyv69GhLtjZ3VgNWKd4AaABAg,rATtPCVsDtk,"You are the GREATEST, Billie.",2025-07-09T07:35:25Z,1,0,UC9vYkkpeAJax0_h28jLMpkQ,@vanshikagupta.5,Billie Eilish - THE GREATEST (Live from Apple Music's Artist of the Year 2024),Billie Eilish live performance,2026-05-02 05:30:40
UgzQXiGo7DQeymrOJLt4AaABAg,rATtPCVsDtk,"I am obsessed with how FINNEAS cuts up Billie’s voice. Low, high, complimentary. All the while looking like Snuffkin? ¡Come on!",2025-11-29T04:17:42Z,5,0,UC0esnrpWOxRO13RmX28I4Cg,@cityseabird,Billie Eilish - THE GREATEST (Live from Apple Music's Artist of the Year 2024),Billie Eilish live performance,2026-05-02 05:30:40
UgxZAwdIsaNn_ScooPh4AaABAg,rATtPCVsDtk,BILLIEEE YOU DESERVED THE GRAMMY YOU LITERALLY DID THE BEST ALBUM IN HISTORY AND YOU NEED TO KNOW THAT EVERYONE LOVES YOU AND THAT HMHAS IS A MASTERPIECEEE,2025-02-05T22:41:29Z,13,0,UCjS2g2AUA4btTYfoZwQvVtQ,@Idk18112,Billie Eilish - THE GREATEST (Live from Apple Music's Artist of the Year 2024),Billie Eilish live performance,2026-05-02 05:30:40
UgyP_efhHrnd8axa5-94AaABAg,rATtPCVsDtk,"not only this song is THE GREATEST, HERSELF IS THE GREATEST TOO!",2024-12-19T17:41:05Z,9,0,UCHe5ZBe-1GSAD7Vjo45I6ow,@4echoclover,Billie Eilish - THE GREATEST (Live from Apple Music's Artist of the Year 2024),Billie Eilish live performance,2026-05-02 05:30:40
UgyznCJk4R90BOPqwdF4AaABAg,rATtPCVsDtk,❤️🇺🇸,2024-12-21T23:47:07Z,0,0,UCAN3b63xjHQiXaZW-Ytljlw,@Worldfamosos,Billie Eilish - THE GREATEST (Live from Apple Music's Artist of the Year 2024),Billie Eilish live performance,2026-05-02 05:30:40
UgxtMftlj44Ngn29Gi54AaABAg,rATtPCVsDtk,🎉🎉😇🖤🕳️🥀🌚🌝🤍🔥🔥🎉2030🇲🇦🙊🙉🙈🖐🏻🙂,2025-01-12T03:55:13Z,2,0,UCbp20Zw7DFp40WKRgRIbnkQ,@HjhhuThhu,Billie Eilish - THE GREATEST (Live from Apple Music's Artist of the Year 2024),Billie Eilish live performance,2026-05-02 05:30:40
UgyVO07lSWLyncBRYut4AaABAg,rATtPCVsDtk,"2026, I always come back here to see this, especially the ending where she sings without a microphone. Simply phenomenal. The vocal control and the voice itself, absolutely unique.",2026-03-10T02:37:47Z,2,0,UCOoK1CubF4ZhDYAlsf3-rCw,@violetvanillz,Billie Eilish - THE GREATEST (Live from Apple Music's Artist of the Year 2024),Billie Eilish live performance,2026-05-02 05:30:40
Ugx-Cmz0FY-5517i6OR4AaABAg,rATtPCVsDtk,The Greatest always gives me goosebumps,2024-12-19T18:40:51Z,7,0,UCzO3B7l_lzYVHVw7qxtrrdQ,@LauraCamile-k5y,Billie Eilish - THE GREATEST (Live from Apple Music's Artist of the Year 2024),Billie Eilish live performance,2026-05-02 05:30:40
UgzdTkFNkwCCHNandhZ4AaABAg,rATtPCVsDtk,Billie eilish remember x😭,2025-01-03T14:07:39Z,4,0,UCt2WIz-HW9SQQvV1szqEc4Q,@exleyscott4468,Billie Eilish - THE GREATEST (Live from Apple Music's Artist of the Year 2024),Billie Eilish live performance,2026-05-02 05:30:40
UgyotCunNHwQzYD4PBF4AaABAg,rATtPCVsDtk,✨.,2025-02-07T08:25:38Z,1,0,UCoupCftsfjcQKL99mGBes3g,@YA_EG,Billie Eilish - THE GREATEST (Live from Apple Music's Artist of the Year 2024),Billie Eilish live performance,2026-05-02 05:30:40
UgzlZdUXPYMH8VeoIxp4AaABAg,rATtPCVsDtk,Billie’s live performances are even better than the studio songs. It’s amazing how she makes the performance better and better every time she sings a song. ❤ GO BILLY!!🎉😊,2024-12-28T04:20:03Z,13,0,UCnv1YHcHynWEzoo7yHhetwA,@M.ichaelC.harlie.CO6,Billie Eilish - THE GREATEST (Live from Apple Music's Artist of the Year 2024),Billie Eilish live performance,2026-05-02 05:30:40
UgzwA3ZOq55RaXPcJvd4AaABAg,rATtPCVsDtk,u deserved a grammyyyy :(,2025-02-05T22:53:45Z,3,0,UCPIaUXUWltvLgE1YEDrSeRA,@yxlamber,Billie Eilish - THE GREATEST (Live from Apple Music's Artist of the Year 2024),Billie Eilish live performance,2026-05-02 05:30:40
UgzW2HD3HvXrxQg30Mp4AaABAg,rATtPCVsDtk,Her voice 🥹❤️,2024-12-19T17:07:22Z,5,0,UCkEeIQ3QamjhqYrb6XdbjHw,@NayrobisIris,Billie Eilish - THE GREATEST (Live from Apple Music's Artist of the Year 2024),Billie Eilish live performance,2026-05-02 05:30:40
UgwTSAB2Sg1KadYSG_54AaABAg,rATtPCVsDtk,HER VOCALSSS,2025-01-19T15:54:28Z,1,0,UC0d-Ow-rasnHPKbO5f884ZQ,@Reby_MHA,Billie Eilish - THE GREATEST (Live from Apple Music's Artist of the Year 2024),Billie Eilish live performance,2026-05-02 05:30:40
Ugyt6noo0ZSHq7coRG94AaABAg,rATtPCVsDtk,te amo billie por favor veni a argentina,2025-01-09T00:10:48Z,0,0,UCQzptc3Ba5uKKVFsi9BwXzA,@gretacartelli4725,Billie Eilish - THE GREATEST (Live from Apple Music's Artist of the Year 2024),Billie Eilish live performance,2026-05-02 05:30:40
UgxnolAYo5AqkMuPFN94AaABAg,rATtPCVsDtk,I have NEVER related to a song more  than &quot;the greatest&quot; &amp; &quot;wildflower&quot;,2025-09-18T14:48:45Z,3,0,UCQ49V52LiFQLPwD6rE8infQ,@itzM4.0,Billie Eilish - THE GREATEST (Live from Apple Music's Artist of the Year 2024),Billie Eilish live performance,2026-05-02 05:30:40
UgyPpe-NN4ZIC37Fubp4AaABAg,rATtPCVsDtk,The thing she did at the end was amazing 🫶🏼✨,2024-12-21T18:37:25Z,9,0,UC_yZC0s2G8geI-BkNo-fdZw,@Mojjourney,Billie Eilish - THE GREATEST (Live from Apple Music's Artist of the Year 2024),Billie Eilish live performance,2026-05-02 05:30:40
UgwAzCctsZXQB2MREiV4AaABAg,rATtPCVsDtk,🎀,2025-01-27T17:45:57Z,1,0,UCQiKf89bld0vJivF0XzyPDQ,@Takivr,Billie Eilish - THE GREATEST (Live from Apple Music's Artist of the Year 2024),Billie Eilish live performance,2026-05-02 05:30:40
UgxtqR0Gjt3hCk6764V4AaABAg,rATtPCVsDtk,"This album DESERVED the album, Beyonce didn’t have any song that was this emotional/meaningful <br>Billie Eillish made MUSIC on this album <br>But of course, she was robbed just because Jay Z probably gave his whole life savings just to let his wife win",2025-02-04T18:46:06Z,2,0,UCvggZpOpX6m3UkpEb4iN3Fg,@nala6894,Billie Eilish - THE GREATEST (Live from Apple Music's Artist of the Year 2024),Billie Eilish live performance,2026-05-02 05:30:40
Ugz8UMBCR2jA3V8_9kV4AaABAg,rATtPCVsDtk,My first listen of 2026 ❤ ily Billie &amp; Finneas,2026-01-01T17:37:42Z,3,0,UC1a36Zxr4x8sWezsfq5WEqA,@alexanderhall6007,Billie Eilish - THE GREATEST (Live from Apple Music's Artist of the Year 2024),Billie Eilish live performance,2026-05-02 05:30:40
UgwuPsCI4frvtDAez4p4AaABAg,rATtPCVsDtk,Hope everything is alright from 2025❤🎉,2024-12-19T17:41:19Z,6,0,UCqSPDAzwCXybl3Nfo3GRdpA,@Solange_Machele,Billie Eilish - THE GREATEST (Live from Apple Music's Artist of the Year 2024),Billie Eilish live performance,2026-05-02 05:30:40
UgzJCZtleCAeGtnYNeB4AaABAg,rATtPCVsDtk,"This weekend I went out of my way to help my SO run a big event for his fb group. I was so tired from helping run the event. In the end all I wanted was some time with him but all he did was go back to being on his phone. Even though I have been asking him to spend some time with me after the event, he continued worrying about other things. He said he will make it up to me by buying me a massage.  When I heard this song, it reminded me of that feeling of just waiting to be loved and appreciated back but nothing ever came.",2025-04-21T14:48:04Z,4,0,UC8nqn-rhv7SMata-eoCWKWw,@stephs8277,Billie Eilish - THE GREATEST (Live from Apple Music's Artist of the Year 2024),Billie Eilish live performance,2026-05-02 05:30:40
UgzbPuwAt0t5B_sZeq54AaABAg,rATtPCVsDtk,❤❤,2024-12-20T12:48:38Z,0,0,UC_2n0Hl75iMcmqLJKJOYapg,@SpideyHossein2,Billie Eilish - THE GREATEST (Live from Apple Music's Artist of the Year 2024),Billie Eilish live performance,2026-05-02 05:30:40
UgxMG0lh5_y0S9t02tJ4AaABAg,rATtPCVsDtk,I just really want to know how it effects him to hear his sister sing such sad lyrics knowing where they come from 😭 I would cry so hard for my brother at night.,2025-02-01T14:30:42Z,1,0,UCW3IzMlGSjoVEbXr3HBdEBQ,@AtomicLotus,Billie Eilish - THE GREATEST (Live from Apple Music's Artist of the Year 2024),Billie Eilish live performance,2026-05-02 05:30:40
UgyJdgf5LD9pgG-1b_J4AaABAg,rATtPCVsDtk,her voice is so beautiful.,2024-12-19T17:06:24Z,5,0,UCms8WknbfRi2alBDakuc2EQ,@wherearetheavocados11,Billie Eilish - THE GREATEST (Live from Apple Music's Artist of the Year 2024),Billie Eilish live performance,2026-05-02 05:30:40
UgyCVv8hBulAEkNxG554AaABAg,rATtPCVsDtk,Her voice is so soothing&lt;3,2024-12-21T00:22:48Z,11,0,UC2Ws8Y_NmkwQOCw-nLpLzow,@KelisMorin,Billie Eilish - THE GREATEST (Live from Apple Music's Artist of the Year 2024),Billie Eilish live performance,2026-05-02 05:30:40
Ugzed1dSPxDsORzQv314AaABAg,rATtPCVsDtk,Billie were still proud and love u even though u didn&#39;t get the Grammys u are still our no.1,2025-02-24T00:44:59Z,5,0,UCgJVBhenH6aiRwQGhfIIVng,@Nelskibiditoiletsigma,Billie Eilish - THE GREATEST (Live from Apple Music's Artist of the Year 2024),Billie Eilish live performance,2026-05-02 05:30:40
UgxTFxwnqUkdq15RSaB4AaABAg,rATtPCVsDtk,From Borobudur Magelang Indonesia 👍😁🇮🇩♥️,2025-01-07T09:51:03Z,0,0,UC8AxCRf7szElEIs_iltAp-w,@arifsulaiman300,Billie Eilish - THE GREATEST (Live from Apple Music's Artist of the Year 2024),Billie Eilish live performance,2026-05-02 05:30:40
UgxC9ChNlPIjzpaSMQV4AaABAg,rATtPCVsDtk,Te amo billie,2025-01-11T01:13:47Z,1,0,UC75OurnxQht6DtHcvvr-EtA,@JNSR_123,Billie Eilish - THE GREATEST (Live from Apple Music's Artist of the Year 2024),Billie Eilish live performance,2026-05-02 05:30:40
UgxScuCgd2gBVDXtryt4AaABAg,rATtPCVsDtk,"Doing what&#39;s right<br>Without a reward<br>And we don&#39;t have to fight<br>When it&#39;s not worth fighting for (fighting for), mm<br><br>And you don&#39;t wanna know (know)<br>What I would&#39;ve done (done), hm<br>Anything at all<br>Worse than anyone<br>Mm, ooh<br><br>And man, am I the greatest (greatest)<br>My congratulations (congratulations)<br>All my love and patience<br>All my admiration (admiration)<br>All the times I&#39;ve waited (waited)<br>For you to want me naked (naked)<br>I made it all look painless<br>Man, am I the greatest<br><br>The greatest<br>The greatest, ooh<br>I, I loved you<br>And I still do<br>Just wanted passion from you<br>Just wanted what I gave you<br>I waited<br>And waited<br><br>Man, am I the greatest<br>God, I hate it<br>All my love and patience<br>Unappreciated<br>You said your heart was jaded<br>You couldn&#39;t even break it<br>I shouldn&#39;t have to say it<br>You could&#39;ve been the greatest",2025-11-22T00:59:47Z,3,0,UCrlV_GeycAs8RQpAqrdVUpw,@rahmabourayou4332,Billie Eilish - THE GREATEST (Live from Apple Music's Artist of the Year 2024),Billie Eilish live performance,2026-05-02 05:30:40
UgyVnHqmF5NALqjTL7p4AaABAg,rATtPCVsDtk,"These vocalsssss 😍😍😍 <a href=""https://www.youtube.com/watch?v=rATtPCVsDtk&amp;t=358"">5:58</a>",2024-12-19T18:27:05Z,22,0,UCtOKKlrQ1oAdQUiVwOUDSBA,@raffaa,Billie Eilish - THE GREATEST (Live from Apple Music's Artist of the Year 2024),Billie Eilish live performance,2026-05-02 05:30:40
UgwcrqIgmep2KecGMLd4AaABAg,rATtPCVsDtk,🎉❤👏,2024-12-20T16:23:04Z,0,0,UC2rUO4nfNQw81pg5UUgzN0g,@AbdulAbdul-d4u,Billie Eilish - THE GREATEST (Live from Apple Music's Artist of the Year 2024),Billie Eilish live performance,2026-05-02 05:30:40
Ugz_d7qIS00wcGrS0Ep4AaABAg,rATtPCVsDtk,Amirtaha ghanbari in iran love you billie,2025-01-04T16:01:22Z,0,0,UCrNfOWZAW-Drwy8IAWheTBQ,@Saamyaarrr,Billie Eilish - THE GREATEST (Live from Apple Music's Artist of the Year 2024),Billie Eilish live performance,2026-05-02 05:30:40
UgzHTjexJqZGyg5V1v14AaABAg,rATtPCVsDtk,"U are the best <br>We so proud of u billie<br>We still so love u and proud of u<br>U made best album u don’t need Grammy <br>U deserve everything billie<br>The Grammy needs , u are the best<br>U are the greatest.",2025-02-03T05:52:49Z,12,0,UCx_KNKJ0PsYJJtgY5DUMrww,@GOOSHITUser,Billie Eilish - THE GREATEST (Live from Apple Music's Artist of the Year 2024),Billie Eilish live performance,2026-05-02 05:30:40
Ugxkj1Yh7jcWOf7APs94AaABAg,rATtPCVsDtk,ive been watching her sing for yrs and every time i hear her vocals i get chills EVERY. SINGLE. TIME. that already says everything ab her. shes the greatest w out a doubt.,2024-12-20T02:52:42Z,26,2,UCdhWVvp2WLZ64VRvxKaU8uA,@usridek,Billie Eilish - THE GREATEST (Live from Apple Music's Artist of the Year 2024),Billie Eilish live performance,2026-05-02 05:30:40
UgwBV3kX5O0s9oEN_uF4AaABAg,rATtPCVsDtk,HAPPY BDAY ONE DAY LATE BILLIIEEEE ❤❤,2024-12-19T17:06:18Z,11,0,UC8QFgXBZjMEy4o1_gufITTQ,@iq342k,Billie Eilish - THE GREATEST (Live from Apple Music's Artist of the Year 2024),Billie Eilish live performance,2026-05-02 05:30:40
Ugzx_WjdvgPdl1GRLTd4AaABAg,rATtPCVsDtk,BRO SHE DESERVED THE 2025 GRAMMYS-,2025-02-04T23:28:25Z,1,0,UC263TkLevFgmWYgNPYEcV5A,@AAWhite,Billie Eilish - THE GREATEST (Live from Apple Music's Artist of the Year 2024),Billie Eilish live performance,2026-05-02 05:30:40
UgzY3Ax57MsEyuztqwV4AaABAg,rATtPCVsDtk,😮❤️❤️,2024-12-21T18:57:49Z,1,0,UC2ByY6vn38gF4WinsHLkLjA,@brancad5,Billie Eilish - THE GREATEST (Live from Apple Music's Artist of the Year 2024),Billie Eilish live performance,2026-05-02 05:30:40
UgzOxq2dbsDOrokQUCp4AaABAg,rATtPCVsDtk,"Her voice, her eyes, her hair, her height, her eyebrows, her body, her hands, her feet, her lip, her nose, her clothes, her food, her freshness, her makeup. I really love everything about her.",2024-12-28T22:27:19Z,5,1,UC5-uf7P14vhmywaqciNIVRQ,@Nara-10-18,Billie Eilish - THE GREATEST (Live from Apple Music's Artist of the Year 2024),Billie Eilish live performance,2026-05-02 05:30:40
UgyFPO-fjvh67ODLDAR4AaABAg,rATtPCVsDtk,I love the fact that Billie is always including her brother in every big moment 😭❤️,2024-12-30T21:28:19Z,4,0,UCz5q3uTTELHluLQWlhhbOnA,@Schmalak.l,Billie Eilish - THE GREATEST (Live from Apple Music's Artist of the Year 2024),Billie Eilish live performance,2026-05-02 05:30:40
Ugz1TkXqtRakIeAGCZZ4AaABAg,rATtPCVsDtk,Man is she the greatest… 😢,2024-12-28T21:06:37Z,1,0,UC-D3ps47oKCr9UleMC20SJw,@olivethemusicaddict,Billie Eilish - THE GREATEST (Live from Apple Music's Artist of the Year 2024),Billie Eilish live performance,2026-05-02 05:30:40
Ugx5PkJ0uBzawWuPa2p4AaABAg,rATtPCVsDtk,Your the best singer,2025-02-04T21:57:18Z,2,0,UCMxmdQYo_MPRNeeO83ucDoQ,@LuLu-qu6bp,Billie Eilish - THE GREATEST (Live from Apple Music's Artist of the Year 2024),Billie Eilish live performance,2026-05-02 05:30:40
UgyIWz81qykhH5ToUOR4AaABAg,rATtPCVsDtk,Billie and finneas voices together is just so beautiful this song hits my soul every single timeee just amazing,2025-05-16T01:16:11Z,6,0,UCt_dqfJezEE4q6ZTFDoBJCg,@MeganCooper-qi1ui,Billie Eilish - THE GREATEST (Live from Apple Music's Artist of the Year 2024),Billie Eilish live performance,2026-05-02 05:30:40
UgysWKnyiM41Q4eRarJ4AaABAg,rATtPCVsDtk,"She’s putting out all her performance from this Apple session for us, for THE FANS. I saw she did Wildflower too and I know that too will be soon be on Youtube. Billie is feeding us and wants us included on all her projects. An angel 💙",2024-12-19T22:40:41Z,10,0,UCUk657TT-a9EOnjva9u-E2g,@timimaksai8081,Billie Eilish - THE GREATEST (Live from Apple Music's Artist of the Year 2024),Billie Eilish live performance,2026-05-02 05:30:40
UgzwloRIOZ8Z_OAxM8l4AaABAg,rATtPCVsDtk,Dude I love Billie Eilish so much😩,2025-01-12T04:52:25Z,5,0,UC11LLbsqyxltdKLYySwsDkg,@Xerneas-r2j,Billie Eilish - THE GREATEST (Live from Apple Music's Artist of the Year 2024),Billie Eilish live performance,2026-05-02 05:30:40
Ugx-C1Oj0MTBOYCjlcd4AaABAg,rATtPCVsDtk,❤🇧🇷,2024-12-22T01:12:36Z,0,0,UC-00g6gJfEY_JnJuC1BdHgw,@MariaEduarda-z9p3h,Billie Eilish - THE GREATEST (Live from Apple Music's Artist of the Year 2024),Billie Eilish live performance,2026-05-02 05:30:40
Ugw_02uz5T9lxff3m294AaABAg,rATtPCVsDtk,I LOVE  HOW   EACH  TIME  Bilie eilish💗,2025-07-30T05:10:19Z,2,0,UCR07D4fVl0voGObcP0OHCaw,@chowet-hb1dz,Billie Eilish - THE GREATEST (Live from Apple Music's Artist of the Year 2024),Billie Eilish live performance,2026-05-02 05:30:40
UgzsJdHyKspZuMvHKBB4AaABAg,rATtPCVsDtk,Even sick she’s incredible. Even better! This is my favorite performance of The Greatest yet. Her slight hoarseness just adds that much more emotion.,2024-12-22T00:16:43Z,10,0,UCG9Gap--1AOKp_5na41GcPA,@all_I_see_is_green,Billie Eilish - THE GREATEST (Live from Apple Music's Artist of the Year 2024),Billie Eilish live performance,2026-05-02 05:30:40
UgzQwozIVmcYYHx5FWN4AaABAg,rATtPCVsDtk,Tanks for evryting ❤❤❤❤you saved my life,2024-12-19T17:05:57Z,7,0,UCKlTHt4r-IVDk22L3tkT5wg,@Pommestar6257,Billie Eilish - THE GREATEST (Live from Apple Music's Artist of the Year 2024),Billie Eilish live performance,2026-05-02 05:30:40
Ugzvz853lP3sz3qjOrR4AaABAg,rATtPCVsDtk,Billie Fans Read 💙sine Billie 💙didn&#39;t win at the grammys we are all going to listen to HMHAS to get  it to #1,2025-02-04T23:57:11Z,3,0,UCoDnHlb96vf9v1gbjXQhVvw,@nadadiab4014,Billie Eilish - THE GREATEST (Live from Apple Music's Artist of the Year 2024),Billie Eilish live performance,2026-05-02 05:30:40
Ugy6aQU5VHelA8yEXEV4AaABAg,rATtPCVsDtk,I love Bilie ❤,2024-12-23T13:08:48Z,1,0,UCJeE3uA15F8YdLEe7T9uCxw,@Ayleenfunkei,Billie Eilish - THE GREATEST (Live from Apple Music's Artist of the Year 2024),Billie Eilish live performance,2026-05-02 05:30:40
UgxQ15V1MsX6gDzqy294AaABAg,rATtPCVsDtk,I am so mad about grammys this was the album of the year.,2025-02-10T12:11:28Z,0,0,UCkNe5MQ1qVzakY5seL31s2g,@kulaklksahibi6987,Billie Eilish - THE GREATEST (Live from Apple Music's Artist of the Year 2024),Billie Eilish live performance,2026-05-02 05:30:40
UgykxGqzU2wVoUDHByF4AaABAg,rATtPCVsDtk,😢 she should’ve won album of the year AT LEAST😭😭😭😭😭,2025-02-04T15:28:49Z,5,0,UCHRBaHlN6NjxwhQvIx34lUw,@OMGolly101,Billie Eilish - THE GREATEST (Live from Apple Music's Artist of the Year 2024),Billie Eilish live performance,2026-05-02 05:30:40
UgxpwRIpOFFxCJemN6t4AaABAg,rATtPCVsDtk,"at the end when she puts the mic down but continues singing it’s so surreal, likes shes actually a real person singing that, she’s amazing <a href=""https://www.youtube.com/watch?v=rATtPCVsDtk&amp;t=338"">5:38</a>",2025-01-05T00:19:59Z,5,0,UCRlecgfYRlN1wFdgIpXdUzw,@EveSimpson-o7o,Billie Eilish - THE GREATEST (Live from Apple Music's Artist of the Year 2024),Billie Eilish live performance,2026-05-02 05:30:40
UgwWYhJJqAijPMtX9TJ4AaABAg,rATtPCVsDtk,Happy birthday My lovely Gurl 🥳💋,2024-12-19T17:07:07Z,7,0,UCNRZ0pu6zWNB7NIxAlwvcdg,@NajlaHazan,Billie Eilish - THE GREATEST (Live from Apple Music's Artist of the Year 2024),Billie Eilish live performance,2026-05-02 05:30:40
Ugx-rcrCB6Cx9MpOGip4AaABAg,rATtPCVsDtk,Cantik 😍,2024-12-22T02:30:14Z,0,0,UCpba3cLwhFAWjf3pEhG4lIw,@nabilatulmuhjah,Billie Eilish - THE GREATEST (Live from Apple Music's Artist of the Year 2024),Billie Eilish live performance,2026-05-02 05:30:40
UgxRq1fgLrV1KD-O4z94AaABAg,rATtPCVsDtk,the vocal and breathe control billie has will always be astonishing. i’m never not awed by her performances and her music after all these years.,2026-02-17T22:18:59Z,2,0,UCR_cKlDfPlS3KaOMUMwKYXA,@Iselihome143,Billie Eilish - THE GREATEST (Live from Apple Music's Artist of the Year 2024),Billie Eilish live performance,2026-05-02 05:30:40
UgwuLW0gh5d5BfsCx5x4AaABAg,rATtPCVsDtk,"Billie has been my favourite singer since 2019. I don’t know what I’d do without her music. She is truly a star. As a teenager, she has helped me through so much. Her voice is so beautiful. Something about her music calms me, no matter what song. I adore the songs ‘ goodbye ‘ , ‘ ilomilo ‘ , ‘ wish you were gay ‘ and ‘ the greatest ‘. I believe these are some of her best songs although all are amazing. Thank you billie, keep going x",2025-01-02T20:32:41Z,8,0,UCQ0YGDKdTMP4GvQUSXco_lw,@Ezradraws_withherpaws,Billie Eilish - THE GREATEST (Live from Apple Music's Artist of the Year 2024),Billie Eilish live performance,2026-05-02 05:30:40
Ugxe0SpOx5oOTDKCNV94AaABAg,rATtPCVsDtk,Girl how is your voice like this? Like you sound angelic even without autotune 😍 you definitely won the grammy of my heart&lt;3 (i hope she sees this),2025-02-08T07:41:00Z,7,0,UCvMLzrbOTuJLoN9uSHMtQbg,@Filitsa-i1f,Billie Eilish - THE GREATEST (Live from Apple Music's Artist of the Year 2024),Billie Eilish live performance,2026-05-02 05:30:40
Ugy0LhlEl5lKVEJrv1V4AaABAg,rATtPCVsDtk,she is so simple.. love hr angelic voice,2025-02-06T16:08:29Z,3,0,UC8wWU_1DQHgXzXVBSuq3Wtw,@jakaria208,Billie Eilish - THE GREATEST (Live from Apple Music's Artist of the Year 2024),Billie Eilish live performance,2026-05-02 05:30:40
UgxjXjBZfIn7tWhHkgh4AaABAg,rATtPCVsDtk,I LOVE BILLIE SONGS,2024-12-28T20:19:53Z,0,0,UCF-kNwnLW0cWy4IOOvql6dw,@NaiaraAniorte,Billie Eilish - THE GREATEST (Live from Apple Music's Artist of the Year 2024),Billie Eilish live performance,2026-05-02 05:30:40
UgxRSpr6E1jixbQR5ZN4AaABAg,rATtPCVsDtk,Love uu Billie eilish ❤❤❤,2024-12-28T18:30:09Z,2,0,UCJSZ00zRufGzuSijP6TSrnw,@Eunwoo_officall,Billie Eilish - THE GREATEST (Live from Apple Music's Artist of the Year 2024),Billie Eilish live performance,2026-05-02 05:30:40
Ugy1IYPwPXUzEJAZ0Nl4AaABAg,rATtPCVsDtk,Her voice is soo magical ❤,2024-12-19T17:23:08Z,6,0,UCauOU-Hz25gaRh0yPR0OGHA,@trisha8413,Billie Eilish - THE GREATEST (Live from Apple Music's Artist of the Year 2024),Billie Eilish live performance,2026-05-02 05:30:40
UgwOJH09DwqnMt4nXpd4AaABAg,rATtPCVsDtk,"I know she said she wasn&#39;t really in a fit condition in other performance of the same event, but somehow it makes the song sounds more emotional",2024-12-20T05:42:35Z,4,0,UCqAL7VdXRmVCSGtlVVy5Czg,@crazy-kuroneko,Billie Eilish - THE GREATEST (Live from Apple Music's Artist of the Year 2024),Billie Eilish live performance,2026-05-02 05:30:40
UgyjGoxF5kmWDLxaXQh4AaABAg,rATtPCVsDtk,The way her words hits on heart&gt;&gt;&gt;💔,2024-12-19T17:04:40Z,5,0,UCwtf6L_ehxFaLBhUGTEh6uw,@Chearosei,Billie Eilish - THE GREATEST (Live from Apple Music's Artist of the Year 2024),Billie Eilish live performance,2026-05-02 05:30:40
UgxIThSZjcvucmYxlRt4AaABAg,rATtPCVsDtk,Eres la mejor 🥺,2025-02-03T23:07:16Z,1,0,UCHrR1kC-3eiYYHx04u84cPQ,@yara-qr5eh,Billie Eilish - THE GREATEST (Live from Apple Music's Artist of the Year 2024),Billie Eilish live performance,2026-05-02 05:30:40
UgxZGBcTRZxwFsGF69l4AaABAg,rATtPCVsDtk,Birds of a feather 🪶 is an amazing song thank you ❤️ you authentic not like Dua Lipa,2025-01-25T03:34:17Z,1,0,UCw-FutVnXBtCp-s52f2Ee8Q,@DeniseWilliams-t1x,Billie Eilish - THE GREATEST (Live from Apple Music's Artist of the Year 2024),Billie Eilish live performance,2026-05-02 05:30:40
UgzIDwWWo2X79-nMQhZ4AaABAg,rATtPCVsDtk,"I adore the way she always proudly announces, “this is my brother, Finneas!”<br>♥️♥️♥️",2025-01-01T10:13:26Z,3,0,UCTIG5q79lMoQZgygqzjJ5Ug,@SoCalJellybean,Billie Eilish - THE GREATEST (Live from Apple Music's Artist of the Year 2024),Billie Eilish live performance,2026-05-02 05:30:40
Ugwt8uYr-gaJmHWZbrp4AaABAg,rATtPCVsDtk,"they delivered the best performance of this song so far. Also the best Phineas’ vocals, truly mesmerizing 🤯",2024-12-23T22:45:12Z,6,0,UCasQe7YxEM3lnwoLZKURPxw,@kelvynxavier5200,Billie Eilish - THE GREATEST (Live from Apple Music's Artist of the Year 2024),Billie Eilish live performance,2026-05-02 05:30:40
UgyoGqOwhil6fmmShu94AaABAg,rATtPCVsDtk,Omg billie idk what to say you sing so clam and always good❤😭,2024-12-19T17:08:20Z,6,0,UCKFkDSZxVBInzeKX3Mx4dGg,@Bitfact09,Billie Eilish - THE GREATEST (Live from Apple Music's Artist of the Year 2024),Billie Eilish live performance,2026-05-02 05:30:40
Ugy1Ev7Bc4ede2RE25R4AaABAg,rATtPCVsDtk,Who agrees it&#39;s the best?💙💙💙,2025-01-06T06:47:15Z,0,0,UCAF_iTQxXbHjdsZX6Owdsxg,@David_08_a,Billie Eilish - THE GREATEST (Live from Apple Music's Artist of the Year 2024),Billie Eilish live performance,2026-05-02 05:30:40
Ugx6Q0dW-Pjqs_lLA_B4AaABAg,rATtPCVsDtk,Are you guys safe from the fires in LA?,2025-01-12T05:11:59Z,2,0,UCvrMu4gUvZQIp7C5P4528SQ,@Random.skater,Billie Eilish - THE GREATEST (Live from Apple Music's Artist of the Year 2024),Billie Eilish live performance,2026-05-02 05:30:40
UgxDCa74tn2gOUWDnUt4AaABAg,rATtPCVsDtk,I&#39;m sorry to be a Snobby and delusional but those 1.5 million views are from me alone 😢,2025-03-23T21:42:00Z,7,0,UCs8hXdDXtayQdTbOnfN5lfw,@LensNyoni,Billie Eilish - THE GREATEST (Live from Apple Music's Artist of the Year 2024),Billie Eilish live performance,2026-05-02 05:30:40
UgzRYvNTWGeRIqdRkeZ4AaABAg,rATtPCVsDtk,she&#39;s the greatest.,2024-12-19T17:02:42Z,14,0,UChCQxXCbiqYB58B9LtQTmxg,@mkk-art8648,Billie Eilish - THE GREATEST (Live from Apple Music's Artist of the Year 2024),Billie Eilish live performance,2026-05-02 05:30:40
UgyGgHyOVU-xuUfyyEx4AaABAg,rATtPCVsDtk,She’s perfect in so many ways,2025-02-02T18:18:03Z,3,0,UCph2EuV7YeN9Qytzwt44Beg,@iherrera2561,Billie Eilish - THE GREATEST (Live from Apple Music's Artist of the Year 2024),Billie Eilish live performance,2026-05-02 05:30:40
UgzT8kDv6vmy35I345l4AaABAg,rATtPCVsDtk,❤BILLIE FAN FOR EVER❤,2025-01-18T12:34:10Z,2,0,UCLu-fcL7yH2qOHxNq5984hQ,@Remmy_theARTIST,Billie Eilish - THE GREATEST (Live from Apple Music's Artist of the Year 2024),Billie Eilish live performance,2026-05-02 05:30:40
UgwHzPKqcnOOhvVS31N4AaABAg,rATtPCVsDtk,like if Billie deserved the Grammy AOTY,2025-02-04T22:00:11Z,1,0,UCC7PtkOJ-onRrIrUKbaLmYA,@andreagermanotta6662,Billie Eilish - THE GREATEST (Live from Apple Music's Artist of the Year 2024),Billie Eilish live performance,2026-05-02 05:30:40
UgxSo7FrC31Vl-eTQBR4AaABAg,rATtPCVsDtk,Billie you have a beautiful voice just like your stunning looks!!!!!!!!!!!!!!!!!,2024-12-25T00:24:36Z,3,0,UC6krgI-uj7z_g8THyD3C0tw,@jimmyaustin4325,Billie Eilish - THE GREATEST (Live from Apple Music's Artist of the Year 2024),Billie Eilish live performance,2026-05-02 05:30:40
Ugzhxj8evg5AakBMvI14AaABAg,rATtPCVsDtk,"<a href=""https://www.youtube.com/watch?v=rATtPCVsDtk&amp;t=126"">2:06</a> yas",2024-12-27T06:09:11Z,3,0,UCam1raNRGnM1cOu2WvMpFCg,@Yourfavdtinews,Billie Eilish - THE GREATEST (Live from Apple Music's Artist of the Year 2024),Billie Eilish live performance,2026-05-02 05:30:40
Ugz7I9alWonOsD1B3at4AaABAg,rATtPCVsDtk,You both look so amazing continue to be like that and we&#39;ll like you forever and Billie happy birthday later❤,2024-12-19T17:20:01Z,6,0,UCv13aJGaMx6aTJGzgHwoBAQ,@ornellalawson-e2k,Billie Eilish - THE GREATEST (Live from Apple Music's Artist of the Year 2024),Billie Eilish live performance,2026-05-02 05:30:40
UgySgumQDE80damVGyR4AaABAg,rATtPCVsDtk,You change my life will you come to my birthday,2025-01-29T01:19:38Z,1,0,UCNRkicACMsah69jPNYRavRw,@HolasoyNazaret,Billie Eilish - THE GREATEST (Live from Apple Music's Artist of the Year 2024),Billie Eilish live performance,2026-05-02 05:30:40
Ugxf478vHeMUzGr7NCt4AaABAg,rATtPCVsDtk,she should have won the at least 3 Grammies with a album that good,2025-02-04T21:21:46Z,0,0,UCppHHhORjGg5wnowtmOShzA,@CjReppn,Billie Eilish - THE GREATEST (Live from Apple Music's Artist of the Year 2024),Billie Eilish live performance,2026-05-02 05:30:40
UgxOrstMzJVKwDapzaB4AaABAg,rATtPCVsDtk,"I’m so sorry about the Grammys, I felt really bad when you started crying.<br>Your a winner in everyone’s hearts and everyone online will make sure of it. <br><br>This album was yet your best work which will NEVER be forgotten and you were one of the top people I was hoping to see win along with Chappell and Ariana. <br>Have a great 2025 sending love to you and your brother &lt;3",2025-02-05T10:03:55Z,5,0,UCL9SGE0ZbvVcDEc7xUeFSCQ,@Grace_1011,Billie Eilish - THE GREATEST (Live from Apple Music's Artist of the Year 2024),Billie Eilish live performance,2026-05-02 05:30:40
UgzdZ_D4BLsZIIHvTBF4AaABAg,rATtPCVsDtk,Listening to her voice is the best feeling in the world 😭😭🫶🏻🫶🏻😍🔥,2024-12-19T17:06:52Z,6,0,UC-Dfi1DyKCn8fN2Y5RoNs8w,@clairedamianos2559,Billie Eilish - THE GREATEST (Live from Apple Music's Artist of the Year 2024),Billie Eilish live performance,2026-05-02 05:30:40
UgyduIVsZGmwj6TfX8V4AaABAg,rATtPCVsDtk,"HAPPY NEW YEAR BILLIE, WE LOVE YOU SO MUCH🎉🎉💙💙",2025-01-01T02:58:01Z,4,0,UCX1iltCTSGF443Cl2r6qCcw,@imjjei-z5,Billie Eilish - THE GREATEST (Live from Apple Music's Artist of the Year 2024),Billie Eilish live performance,2026-05-02 05:30:40
UgwbNKqu5oyDSc8kC3V4AaABAg,rATtPCVsDtk,Baby you deserve those Grammys 😭😭😔,2025-02-03T08:35:25Z,0,0,UC5Eo2lDTG7GwEFERiIUmbKw,@NayeliVasquez-h4d,Billie Eilish - THE GREATEST (Live from Apple Music's Artist of the Year 2024),Billie Eilish live performance,2026-05-02 05:30:40
UgwZimI3NTNrB_h50Eh4AaABAg,rATtPCVsDtk,Te Adoro hermosa ❤❤❤,2025-02-14T10:32:44Z,2,0,UCdb5LWMcc7Y7XSbVbnD7yCw,@ChelooFarias281,Billie Eilish - THE GREATEST (Live from Apple Music's Artist of the Year 2024),Billie Eilish live performance,2026-05-02 05:30:40
UgyuoGq_ETiN5h413b94AaABAg,rATtPCVsDtk,I love these live unplugged versions. They add such a deepening touch to her songs. Absolutely amazing. He’s very good too.,2024-12-22T21:49:57Z,13,0,UCmxbsg8WYfQ6C_6OL9HPvuQ,@UTJK.,Billie Eilish - THE GREATEST (Live from Apple Music's Artist of the Year 2024),Billie Eilish live performance,2026-05-02 05:30:40
Ugyg0b6UYD4sf-eBDPN4AaABAg,rATtPCVsDtk,His voice is soothing,2024-12-19T17:53:59Z,9,0,UCdYbIr784rJdwbeCxCacphw,@heybibleex_,Billie Eilish - THE GREATEST (Live from Apple Music's Artist of the Year 2024),Billie Eilish live performance,2026-05-02 05:30:40
Ugzjb5XUyTFDtKKIocd4AaABAg,rATtPCVsDtk,Oh Billie the woman u are.. ❤️,2024-12-19T17:45:50Z,4,0,UCV691eXNugYYFFkifoigiCQ,@i-LoveBillie-Eilish-forever,Billie Eilish - THE GREATEST (Live from Apple Music's Artist of the Year 2024),Billie Eilish live performance,2026-05-02 05:30:40
UgxUKLCpd4-32o8DHix4AaABAg,rATtPCVsDtk,Her vocals are just beyond.,2025-02-15T15:21:59Z,2,0,UCjZnbjlpn3gNPhSntM4bi0Q,@anoopsingh0507,Billie Eilish - THE GREATEST (Live from Apple Music's Artist of the Year 2024),Billie Eilish live performance,2026-05-02 05:30:40
Ugz4YTylrzIyXhRG6S94AaABAg,rATtPCVsDtk,Wow! She sings way better in Live Action,2025-01-25T04:21:23Z,1,0,UCgPQ48Go2jhDvDRzJDfwqJQ,@elgatoremendado1115,Billie Eilish - THE GREATEST (Live from Apple Music's Artist of the Year 2024),Billie Eilish live performance,2026-05-02 05:30:40
UgxVoWCxIzzqAkV-8454AaABAg,rATtPCVsDtk,"I arrived late , I was busy, it&#39;s good to see Billie and his brother",2024-12-19T17:54:57Z,5,1,UClI82ht2P3R2jOc5tt6QnQQ,@Sasukeuchiha-ur6bn,Billie Eilish - THE GREATEST (Live from Apple Music's Artist of the Year 2024),Billie Eilish live performance,2026-05-02 05:30:40
UgyXVY_GoMcYB2c2S2h4AaABAg,rATtPCVsDtk,Happy birthday Billie<br>Happy birthday for me<br>And happy birthday for people born in this month😊,2024-12-19T17:07:04Z,7,0,UC1-8kjZ9uLkefkDfN3bbxhQ,@Depresongg,Billie Eilish - THE GREATEST (Live from Apple Music's Artist of the Year 2024),Billie Eilish live performance,2026-05-02 05:30:40
Ugws7EvmvRTtgzIBWwp4AaABAg,rATtPCVsDtk,The queen ❤,2024-12-20T12:09:08Z,2,0,UCz5gGkMdgBDN7WnzXBUk6EQ,@Lord_welly,Billie Eilish - THE GREATEST (Live from Apple Music's Artist of the Year 2024),Billie Eilish live performance,2026-05-02 05:30:40
UgybZjDUDIcIILWrC2V4AaABAg,rATtPCVsDtk,You don’t deserve the Grammys<br>They DESERVE you &lt;3,2025-02-05T10:05:13Z,1,0,UCL9SGE0ZbvVcDEc7xUeFSCQ,@Grace_1011,Billie Eilish - THE GREATEST (Live from Apple Music's Artist of the Year 2024),Billie Eilish live performance,2026-05-02 05:30:40
Ugx1EQH9vFGLBWHZpDV4AaABAg,rATtPCVsDtk,🥺🥺,2024-12-24T00:02:31Z,0,0,UCdtNdO-vXcHoCOV3ajsZN1Q,@OshayRuiters-u2o,Billie Eilish - THE GREATEST (Live from Apple Music's Artist of the Year 2024),Billie Eilish live performance,2026-05-02 05:30:40
UgyGYdrEEV5z0iAjGil4AaABAg,rATtPCVsDtk,HAPPY BIRTHDAY BILLIE EILISH AND FAMILY!!!! I AND THE FANS ACROSS THE WORLD LOVE YOU!!!!,2024-12-24T06:09:51Z,4,0,UC6RFeDUKfbqGSiCuDU8NReQ,@worldfamousgamer9191,Billie Eilish - THE GREATEST (Live from Apple Music's Artist of the Year 2024),Billie Eilish live performance,2026-05-02 05:30:40
UgxniY6o8pQ_SFNNtrB4AaABAg,rATtPCVsDtk,Billie Eilish vocal is like heaven!💭,2024-12-19T17:03:41Z,9,0,UCuGKo16zHbaI1NUJuU77ROg,@miss_angel32,Billie Eilish - THE GREATEST (Live from Apple Music's Artist of the Year 2024),Billie Eilish live performance,2026-05-02 05:30:40
UgwzPAJuocOto1cS9lN4AaABAg,rATtPCVsDtk,Her voice is so calming.,2024-12-19T17:05:40Z,4,0,UCuGKo16zHbaI1NUJuU77ROg,@miss_angel32,Billie Eilish - THE GREATEST (Live from Apple Music's Artist of the Year 2024),Billie Eilish live performance,2026-05-02 05:30:40
UgzLX1Ig2c3E8SH0oXZ4AaABAg,rATtPCVsDtk,❤,2024-12-24T15:43:24Z,1,0,UCmL8o0jlEOhsP7ge0L12UqQ,@bob_zeez1,Billie Eilish - THE GREATEST (Live from Apple Music's Artist of the Year 2024),Billie Eilish live performance,2026-05-02 05:30:40
UgyjPSoWa6s7UXpzbHh4AaABAg,rATtPCVsDtk,❤❤❤❤❤,2024-12-24T05:07:21Z,1,0,UCeB3P_eqG0YyNSvsBT1V2zQ,@user-hdhdhehvwnd,Billie Eilish - THE GREATEST (Live from Apple Music's Artist of the Year 2024),Billie Eilish live performance,2026-05-02 05:30:40
UgwjHZLHELuo-N6Ve-R4AaABAg,rATtPCVsDtk,❤❤❤,2024-12-21T04:17:36Z,0,0,UCjL-ujr9u3a4R_yb9yGYbYA,@gisele.c312,Billie Eilish - THE GREATEST (Live from Apple Music's Artist of the Year 2024),Billie Eilish live performance,2026-05-02 05:30:40
Ugwlx69pL4JlUDuRmC54AaABAg,rATtPCVsDtk,❤❤❤❤❤,2025-02-13T05:50:53Z,1,0,UCzideJqpFUQbY9LgfVXEgWg,@ginadesbois,Billie Eilish - THE GREATEST (Live from Apple Music's Artist of the Year 2024),Billie Eilish live performance,2026-05-02 05:30:40
UgxO4Wp4ha0Lha4cvFd4AaABAg,rATtPCVsDtk,"Billie owned this year. Hope the same thing happens in 2025 as well. Love you Billie, love you..💙",2024-12-19T17:03:27Z,4,0,UC4nRLCUm5GLCunSZIYWcGQw,@iwantbilliemerch,Billie Eilish - THE GREATEST (Live from Apple Music's Artist of the Year 2024),Billie Eilish live performance,2026-05-02 05:30:40
Ugy7t6SR-Gi5KHESc5R4AaABAg,rATtPCVsDtk,THE GREATEST SONG BY THE GREATEST ARTIST!!,2024-12-19T17:05:24Z,5,0,UCC_NIKskZAUyXe-681mI7ug,@diyaa06,Billie Eilish - THE GREATEST (Live from Apple Music's Artist of the Year 2024),Billie Eilish live performance,2026-05-02 05:30:40
UgwhztQZKdOLJfLUIEt4AaABAg,rATtPCVsDtk,"‏‪<a href=""https://www.youtube.com/watch?v=rATtPCVsDtk&amp;t=235"">3:55</a>‬‏ I like this part very much ✨💙",2024-12-20T19:40:20Z,13,0,UCZumPpmmAEn4uFnQPO6QDmQ,@zh_tk,Billie Eilish - THE GREATEST (Live from Apple Music's Artist of the Year 2024),Billie Eilish live performance,2026-05-02 05:30:40
Ugyqx5rwb3M2GEhddTN4AaABAg,rATtPCVsDtk,لايهم عدم حصولك على الجائزة، لكنك حصلت على قلوبنا❤,2025-02-07T07:57:29Z,1,0,UCV873yhl7NeyIAMNqzKdmwA,@laylaalsalehi4806,Billie Eilish - THE GREATEST (Live from Apple Music's Artist of the Year 2024),Billie Eilish live performance,2026-05-02 05:30:40
UgzSplkVuvFTYy1E5E94AaABAg,rATtPCVsDtk,te amo momllie,2024-12-30T06:24:08Z,1,0,UCfkw6mciMc5evWpaJS1QAzQ,@luzjuanolo,Billie Eilish - THE GREATEST (Live from Apple Music's Artist of the Year 2024),Billie Eilish live performance,2026-05-02 05:30:40
UgycRz2RMISOApgYTK94AaABAg,rATtPCVsDtk,BILLIE U FUCKING DESERVE A GRAMMY IDFC IF U DIDNT GET ONE IMA GO GET GOLD ILLEGALY IF I HAVE TO (jk) BUT U WILL SOME HOW MAKE ONE AND SEND IT TO U IDK HOW BUT I WILL AND IMA GIVE IT TO U AT A CONCERT IF I HAVE TO (i just checked and i cant. Im broke) BUT YEAH BILLIE U FUCK DESERVED ONE OK? THAT ALBUM WAS A PIECE OF ART WORK ART PIECE OR THE ART PIECES ! I ❤ U BILLIE,2025-02-05T21:44:38Z,4,1,UCKs2L6Lv6UGIh04iYulaNAg,@1ilita-Roo,Billie Eilish - THE GREATEST (Live from Apple Music's Artist of the Year 2024),Billie Eilish live performance,2026-05-02 05:30:40
Ugy6mn2BmQINhLDEJVx4AaABAg,rATtPCVsDtk,&quot;AND Waiteeeeeeeeed&quot; I LOVE YOU BILLIE💙,2024-12-19T17:09:40Z,4,0,UCz-3N3BOqWVDUnOeYDR6x0Q,@Drharleysawyer,Billie Eilish - THE GREATEST (Live from Apple Music's Artist of the Year 2024),Billie Eilish live performance,2026-05-02 05:30:40
Ugw4hVMWhvN2LKPPRkd4AaABAg,rATtPCVsDtk,why does Finneas look so much like Kurt Cobain omg,2025-02-06T20:45:32Z,7,1,UCTawjv8Qf4vCTY1W3VAgWdw,@GioiaBorelli,Billie Eilish - THE GREATEST (Live from Apple Music's Artist of the Year 2024),Billie Eilish live performance,2026-05-02 05:30:40
UgwP8BdARTknotpZT_t4AaABAg,rATtPCVsDtk,i love finneas harmonies,2024-12-20T23:13:22Z,0,0,UCk50UvtPyUH2nCyP8fee1Kw,@kyksdelrey,Billie Eilish - THE GREATEST (Live from Apple Music's Artist of the Year 2024),Billie Eilish live performance,2026-05-02 05:30:40
UgwGBcW7BwfEcYd7H0l4AaABAg,rATtPCVsDtk,Guys help im crying,2025-01-12T16:13:02Z,0,0,UCKCXMAw1raCy1wX53ahKyiQ,@sleepcanwait_,Billie Eilish - THE GREATEST (Live from Apple Music's Artist of the Year 2024),Billie Eilish live performance,2026-05-02 05:30:40
UgzhB3T34jIlcbMZMBx4AaABAg,rATtPCVsDtk,"I still do not understand. So I listened to Hit Me Hard and Soft again, from start to finish. Every note, every lyric, every transition. It only made me more sure—this is the greatest pop masterpiece since 2010.<br><br>It makes me angry. It makes me exhausted. I can only imagine how Billie Eilish feels. The weight of pouring yourself into an album like this, only to have it overlooked. It is frustrating, and it is disheartening.<br><br>I do not know how to move past this disappointment. But maybe that is what great music does—it pulls you in, makes you feel, and refuses to let go. Hit Me Hard and Soft is not just an album. It is a universe of emotion, crafted with intention, depth, and vision.<br><br>Years from now, this album will still be here. It will still be played, studied, and admired. Awards are temporary. Impact is forever. Billie Eilish did not just make music—she created something timeless.",2025-02-05T15:13:07Z,7,0,UCw6RSPU5CyAvqL22W25n5UQ,@SJ_Capital-kn4gu,Billie Eilish - THE GREATEST (Live from Apple Music's Artist of the Year 2024),Billie Eilish live performance,2026-05-02 05:30:40
Ugwq6ajwNLUDU0v5uuF4AaABAg,rATtPCVsDtk,Fineas giving some spicy notes❤🔥,2024-12-19T18:34:57Z,10,5,UC_sQMpVjM1JP_HdLEHzfAzg,@Nornuni13,Billie Eilish - THE GREATEST (Live from Apple Music's Artist of the Year 2024),Billie Eilish live performance,2026-05-02 05:30:40
UgwLKK05nyCR_tlh8Wt4AaABAg,rATtPCVsDtk,BILLIE GOT ROBBED 😭,2025-02-03T19:25:18Z,77,2,UCml3xo3wthc8883KM4jTZWg,@soupghgg,Billie Eilish - THE GREATEST (Live from Apple Music's Artist of the Year 2024),Billie Eilish live performance,2026-05-02 05:30:40
UgxBnxkFzLTwDwa2Cdh4AaABAg,rATtPCVsDtk,💗💗💗,2025-04-11T06:56:20Z,0,0,UCasLT8iB8t6hwMyM1DzwR2w,@luellay,Billie Eilish - THE GREATEST (Live from Apple Music's Artist of the Year 2024),Billie Eilish live performance,2026-05-02 05:30:40
Ugwg_3uFrfgqLsohePd4AaABAg,rATtPCVsDtk,billie i beg of you please make a christmas album,2024-12-20T22:51:20Z,0,0,UC_GwAlqrkKlkqbqf4bfGCLw,@imaslimeycapybara,Billie Eilish - THE GREATEST (Live from Apple Music's Artist of the Year 2024),Billie Eilish live performance,2026-05-02 05:30:40
UgyGVvH04dUN9GF03qJ4AaABAg,rATtPCVsDtk,KSI COOKED 🗣️🗣️🔥,2024-12-23T16:21:06Z,3,1,UCBJMl5BxIFBQp20stGFmG9w,@DoubleZ94,Billie Eilish - THE GREATEST (Live from Apple Music's Artist of the Year 2024),Billie Eilish live performance,2026-05-02 05:30:40
Ugx7YieQB_LvHRq13LB4AaABAg,rATtPCVsDtk,Billie fans are allowed to like this comment.,2024-12-19T18:08:06Z,12,0,UCX1WExHR54bhWHtEYQeNl8w,@lena_drls,Billie Eilish - THE GREATEST (Live from Apple Music's Artist of the Year 2024),Billie Eilish live performance,2026-05-02 05:30:40
UgzsS4wjnDLOmIIQTut4AaABAg,rATtPCVsDtk,first,2024-12-19T17:01:13Z,4,1,UCssruS50NieFbbYqSc4fQzw,@forgottenhisdevotion,Billie Eilish - THE GREATEST (Live from Apple Music's Artist of the Year 2024),Billie Eilish live performance,2026-05-02 05:30:40
UgwWRwBmNKCG8TJQiDl4AaABAg,rATtPCVsDtk,Smoother than butter,2025-04-17T14:11:36Z,0,0,UC5KNYFVDo5TIAisZTH3KjRQ,@bittersweet_gurll,Billie Eilish - THE GREATEST (Live from Apple Music's Artist of the Year 2024),Billie Eilish live performance,2026-05-02 05:30:40
UgxcQ5m8MV_l7OOvxMt4AaABAg,rATtPCVsDtk,Respect those who are in heaven.,2024-12-25T16:27:03Z,0,0,UCau-obExgb8_lbL8sMQu8rw,@LuizGustavoGrandeCoração,Billie Eilish - THE GREATEST (Live from Apple Music's Artist of the Year 2024),Billie Eilish live performance,2026-05-02 05:30:40
Ugx8vfFzNiNst1gdAc14AaABAg,rATtPCVsDtk,"Merecías el Grammy, Beyoncé robando como siempre.",2025-02-03T05:01:32Z,6,0,UCXcGBUM904DfvPLQ5Ledjww,@dkaze9769,Billie Eilish - THE GREATEST (Live from Apple Music's Artist of the Year 2024),Billie Eilish live performance,2026-05-02 05:30:40
UgxwiixFddhawIfiGkp4AaABAg,rATtPCVsDtk,"This girl who didnt win at the Grammys but  Beyoncé won for best country? bro I hear people make way better country music then her! and plus billie gets way more love then Beyoncé! something aint adding up plus Beyoncé&#39;s reaction to winning seemed fake!<br><br>edit: I also read that Beyoncé made 1 country song back in 2016 &quot;Daddy Lessons&quot; and her 2nd one was in 2024  called  &quot;16 Carriages&quot;  see the year diff Beyoncé should have been a country singer from day one cuz she&#39;s from Texas she&#39;s not even a country singer bro! she only doing it now cuz its trending! nah shit was deff rigged! plus i see country artist like Morgan Wallan, Jelly roll, Luke Bryan, and there&#39;s more who have been making country music for years and maybe for a couple year who make better and do better with the numbers then Beyoncé and all the others still didn&#39;t win bro! even my mother who said Beyoncé should have been making country music from the start!",2025-02-04T13:56:52Z,3,0,UCC1SQw6ZQZ97KVN-8VnG4kQ,@Nibbler324,Billie Eilish - THE GREATEST (Live from Apple Music's Artist of the Year 2024),Billie Eilish live performance,2026-05-02 05:30:40
Ugx_ZcSEGVkjrMA5gOh4AaABAg,rATtPCVsDtk,"Billie, what happened to you at the Grammys is horrible and a rip-off. Ogala, that Beyo girl should wipe her ass. I don&#39;t know anything about her, but it&#39;s true that you should have won.",2025-02-06T05:21:46Z,3,0,UCA7lLX9FMEAxcKXduJYbaOw,@dorislanzas1027,Billie Eilish - THE GREATEST (Live from Apple Music's Artist of the Year 2024),Billie Eilish live performance,2026-05-02 05:30:40
UgwGyQQ2oL2hh9ryfSl4AaABAg,rATtPCVsDtk,TWO SUPER STARS!,2024-12-27T22:09:11Z,0,0,UC8YKaTZpxCjSO7qVZGX4dRA,@lucasbd95,Billie Eilish - THE GREATEST (Live from Apple Music's Artist of the Year 2024),Billie Eilish live performance,2026-05-02 05:30:40
Ugyah5zUpsqOqHVUl1t4AaABAg,rATtPCVsDtk,Happy new year 2025 ❤❤❤❤❤❤❤❤❤❤,2024-12-31T22:12:37Z,1,0,UCZunQLehziQPNzEWGBSfOLg,@LilyHM-v7l,Billie Eilish - THE GREATEST (Live from Apple Music's Artist of the Year 2024),Billie Eilish live performance,2026-05-02 05:30:40
Ugz9RAaWlYUwz6zGkER4AaABAg,rATtPCVsDtk,I love Billie Eilish I adore Billie Eilish,2024-12-26T20:14:15Z,0,0,UCFnCBfBW8Yo8wG8f3zme7uQ,@AEONCDTA,Billie Eilish - THE GREATEST (Live from Apple Music's Artist of the Year 2024),Billie Eilish live performance,2026-05-02 05:30:40
Ugx3yMyB75uNHhnlQQl4AaABAg,rATtPCVsDtk,Reminds me of myself but younger before I figured things out,2025-04-23T02:37:11Z,0,0,UC0gBuKlrsivoO14pSGpDu2A,@Elizabeth-nq9ly,Billie Eilish - THE GREATEST (Live from Apple Music's Artist of the Year 2024),Billie Eilish live performance,2026-05-02 05:30:40
UgzaPUn1uBtsuoLTXT14AaABAg,rATtPCVsDtk,❤❤❤,2024-12-22T17:57:54Z,0,0,UCdyfYqzX7bJIM_QiILkmjnw,@anitadeckha4021,Billie Eilish - THE GREATEST (Live from Apple Music's Artist of the Year 2024),Billie Eilish live performance,2026-05-02 05:30:40
UgxrnD411JTuIjeIJL54AaABAg,rATtPCVsDtk,بيلي 😭😭😭😭❤❤❤,2025-02-13T20:24:33Z,1,0,UCAFeHTj6_uIhh0m3fUiDhyw,@مأمون-ب9ح,Billie Eilish - THE GREATEST (Live from Apple Music's Artist of the Year 2024),Billie Eilish live performance,2026-05-02 05:30:40
UgwIMTYYvK7cD8FxF-d4AaABAg,rATtPCVsDtk,Good song,2025-01-28T14:04:56Z,1,0,UCLfDbf1pa6WAVThKjyfd4yQ,@Theinhtikechannel,Billie Eilish - THE GREATEST (Live from Apple Music's Artist of the Year 2024),Billie Eilish live performance,2026-05-02 05:30:40
UgwFWOURQpQQ2Nr96bh4AaABAg,rATtPCVsDtk,The reason i respect Billie so much is because my name is Bentley and everyone always bullied me and called me bentley eillish but it never made me sad cause i always looked up to u Billie eillish,2025-01-06T09:43:07Z,2,0,UCqwJJcqyVLDEr6hsfzE8DwA,@RiotOfLag,Billie Eilish - THE GREATEST (Live from Apple Music's Artist of the Year 2024),Billie Eilish live performance,2026-05-02 05:30:40
UgyGPL5MCgkvNg04iV54AaABAg,rATtPCVsDtk,que linda versionn!!,2025-01-17T22:25:55Z,0,0,UCbTe3izCSbsdfrdjZ1VMaxw,@juancarlosperezespinoza6373,Billie Eilish - THE GREATEST (Live from Apple Music's Artist of the Year 2024),Billie Eilish live performance,2026-05-02 05:30:40
UgwSN7YR40rS5_TPeGp4AaABAg,rATtPCVsDtk,I love you billie🥰,2025-02-08T17:29:17Z,2,0,UCOfncq5ieSg6KGUWcmo4biA,@JHEYPRINCESKPR,Billie Eilish - THE GREATEST (Live from Apple Music's Artist of the Year 2024),Billie Eilish live performance,2026-05-02 05:30:40
UgyNDqzLJIsFA_hHxSR4AaABAg,rATtPCVsDtk,She’s saved today’s music. So much crap out there but she is just perfect,2025-01-04T11:58:49Z,0,0,UCTNtNDum00q7J1biuNuFeHA,@cuddlz88,Billie Eilish - THE GREATEST (Live from Apple Music's Artist of the Year 2024),Billie Eilish live performance,2026-05-02 05:30:40
UgxWJNppfdLujv8JPqt4AaABAg,rATtPCVsDtk,💙,2025-01-07T15:03:41Z,0,0,UCq12sPb0rzC8Y8OJVzEMCFQ,@adayagmurn,Billie Eilish - THE GREATEST (Live from Apple Music's Artist of the Year 2024),Billie Eilish live performance,2026-05-02 05:30:40
UgxnGvLH00gafKj-x9B4AaABAg,rATtPCVsDtk,Ganhou o Grammy do meu coração.,2025-02-17T18:19:43Z,1,0,UCP2JHiEYDUmLU6YMBnNWJ_g,@amilcarseabra6859,Billie Eilish - THE GREATEST (Live from Apple Music's Artist of the Year 2024),Billie Eilish live performance,2026-05-02 05:30:40
UgyZzY82xCgauEglYzZ4AaABAg,rATtPCVsDtk,"Если бы я умер,  я бы хотел оказаться в раю Билли",2025-02-12T07:41:11Z,1,0,UCmHJv_UWL4GVDBBQ_3edh4A,@darkmining2342,Billie Eilish - THE GREATEST (Live from Apple Music's Artist of the Year 2024),Billie Eilish live performance,2026-05-02 05:30:40
UgwmGiVFkDRCggf7-1R4AaABAg,rATtPCVsDtk,Merecia o grammy e .,2025-02-06T16:32:36Z,2,0,UCeXA0GVtM0grzd87Pw_-gEA,@alessandraDev,Billie Eilish - THE GREATEST (Live from Apple Music's Artist of the Year 2024),Billie Eilish live performance,2026-05-02 05:30:40
UgwcMAcGtB9WKvdNiHx4AaABAg,rATtPCVsDtk,❤,2024-12-20T11:59:11Z,0,0,UC4pyhvu67UGdnByycblUuqw,@ndubamunansangu2875,Billie Eilish - THE GREATEST (Live from Apple Music's Artist of the Year 2024),Billie Eilish live performance,2026-05-02 05:30:40
UgwxxiwNkFxXH8tYboh4AaABAg,rATtPCVsDtk,GAWDDDDD still not over this.,2025-05-16T19:36:30Z,0,0,UCL_JFfY3lzBuFXOhBH6-GKw,@Skylar_4349,Billie Eilish - THE GREATEST (Live from Apple Music's Artist of the Year 2024),Billie Eilish live performance,2026-05-02 05:30:40
Ugy4Mfylu0_2MQO2rhF4AaABAg,rATtPCVsDtk,❤❤❤,2024-12-22T20:58:55Z,0,0,UCoZULtyJdEjRH7Tm8v7wmOQ,@Alice-ol6eh,Billie Eilish - THE GREATEST (Live from Apple Music's Artist of the Year 2024),Billie Eilish live performance,2026-05-02 05:30:40
UgyEhNrG8U7aADaZhh14AaABAg,rATtPCVsDtk,❤,2024-12-29T05:38:08Z,0,0,UCR3mEGs8y27ZneISDkBlJrA,@JeanpieerTorrefonseca,Billie Eilish - THE GREATEST (Live from Apple Music's Artist of the Year 2024),Billie Eilish live performance,2026-05-02 05:30:40
UgznyQtnm7Qe-GV5mHB4AaABAg,rATtPCVsDtk,❤❤❤,2024-12-31T07:19:29Z,0,0,UCqyPH3Yl7xmGUm0HW8e0H6A,@Аружан-я7ь7х,Billie Eilish - THE GREATEST (Live from Apple Music's Artist of the Year 2024),Billie Eilish live performance,2026-05-02 05:30:40
UgyaO6on9NcJLGRm3S14AaABAg,rATtPCVsDtk,Billie deserved to win the Gramys ❤ who votet for Beyoncé the Gramys made a mistake ❤,2025-02-05T13:23:08Z,1,0,UCAQCiewcwjFWQc6SO1gIt-Q,@rebeccarebecca7382,Billie Eilish - THE GREATEST (Live from Apple Music's Artist of the Year 2024),Billie Eilish live performance,2026-05-02 05:30:40
Ugz9boOTZXMcmd73CSZ4AaABAg,rATtPCVsDtk,✨,2024-12-21T14:38:17Z,0,0,UCXVp8Jtz7smsBeOHL3q5_WQ,@josiebei,Billie Eilish - THE GREATEST (Live from Apple Music's Artist of the Year 2024),Billie Eilish live performance,2026-05-02 05:30:40
UgzbMrl3c3S6DN3IR3l4AaABAg,rATtPCVsDtk,❤️❤️❤️,2025-03-24T08:28:16Z,0,0,UC5ayCyk3Vvr5voTd7IqS1sA,@ЧелЧеловеков-ш7с,Billie Eilish - THE GREATEST (Live from Apple Music's Artist of the Year 2024),Billie Eilish live performance,2026-05-02 05:30:40
Ugz2fDnLQayUsOmI7lt4AaABAg,rATtPCVsDtk,You deserve that Grammy I didn’t even know SHE had a new album,2025-02-17T01:04:25Z,1,0,UC7cfa_lBEcVo35C4hljzhTQ,@JoseRivas-vb9db,Billie Eilish - THE GREATEST (Live from Apple Music's Artist of the Year 2024),Billie Eilish live performance,2026-05-02 05:30:40
UgwAFNvew-ItjB7QxwZ4AaABAg,rATtPCVsDtk,I love youuuuuuuuu!,2024-12-20T18:38:18Z,0,0,UCOVBwsLRmF8J2LopAoERfXA,@tanjiou,Billie Eilish - THE GREATEST (Live from Apple Music's Artist of the Year 2024),Billie Eilish live performance,2026-05-02 05:30:40
Ugy5MV0bjB8NAaiN9kd4AaABAg,rATtPCVsDtk,Billie is the greatest❤,2025-08-16T07:30:44Z,2,0,UCwO3F1vyf1jv2ZuMynPmG7w,@Tayebeh1389,Billie Eilish - THE GREATEST (Live from Apple Music's Artist of the Year 2024),Billie Eilish live performance,2026-05-02 05:30:40
UgyAgbxIsiyADHmodwJ4AaABAg,rATtPCVsDtk,"<a href=""https://www.youtube.com/watch?v=rATtPCVsDtk&amp;t=266"">4:26</a> i feel like I’m floating",2025-10-06T00:06:05Z,2,0,UC86Lw0HY7oLjpRBC_2-wEDw,@nya-u6d,Billie Eilish - THE GREATEST (Live from Apple Music's Artist of the Year 2024),Billie Eilish live performance,2026-05-02 05:30:40
UgxpfePPb842y9h2yLB4AaABAg,rATtPCVsDtk,👍👍👍👍👍,2024-12-20T10:30:12Z,0,0,UCOraECnQwn6EnNhcUG6aOnQ,@ارینتنها-د7ش,Billie Eilish - THE GREATEST (Live from Apple Music's Artist of the Year 2024),Billie Eilish live performance,2026-05-02 05:30:40
UgzqACaaQGbTMfcs5lB4AaABAg,rATtPCVsDtk,"Billie im so sorry you didnt win album of the year, but we love you and to us you won.",2025-02-03T13:25:30Z,1,0,UCXTp-lh_dTEsbuLdDNXXDhg,@yourone_andonly1,Billie Eilish - THE GREATEST (Live from Apple Music's Artist of the Year 2024),Billie Eilish live performance,2026-05-02 05:30:40
Ugwk2Q4TrpIy01BEpZd4AaABAg,rATtPCVsDtk,Wooooo❤,2024-12-21T03:55:18Z,0,0,UClNiDdKLhMzJCiw7oUhqb_g,@baaaaaalllllll,Billie Eilish - THE GREATEST (Live from Apple Music's Artist of the Year 2024),Billie Eilish live performance,2026-05-02 05:30:40
UgznN69jhJ3UtA4b8Tt4AaABAg,rATtPCVsDtk,❤,2025-02-12T22:16:22Z,0,0,UC7HXnQSdSyHQqcCLG9sDQKw,@barbaraneuhausermusic,Billie Eilish - THE GREATEST (Live from Apple Music's Artist of the Year 2024),Billie Eilish live performance,2026-05-02 05:30:40
Ugw5yx48b_3aydEMO4Z4AaABAg,rATtPCVsDtk,Her vocals 😍,2025-09-22T01:44:59Z,1,0,UCoREZX9erpwixS-yZeYAr6w,@AllikaChambers,Billie Eilish - THE GREATEST (Live from Apple Music's Artist of the Year 2024),Billie Eilish live performance,2026-05-02 05:30:40
UgxcboyiLd0WAFNRDUR4AaABAg,rATtPCVsDtk,بيليييي احبكككك 😭🌷🌷,2024-12-20T16:17:42Z,2,0,UCtqE5ZwVmQUFN61qz_eOxow,@SAFA-JOHN,Billie Eilish - THE GREATEST (Live from Apple Music's Artist of the Year 2024),Billie Eilish live performance,2026-05-02 05:30:40
Ugx3677tSSc55iFoCAF4AaABAg,rATtPCVsDtk,This song is about Billie and her brother that lives still in her heart and mind 😢ours too,2026-03-18T00:09:50Z,1,0,UCHayODxiN8mnDg81A2rit3g,@ymm420,Billie Eilish - THE GREATEST (Live from Apple Music's Artist of the Year 2024),Billie Eilish live performance,2026-05-02 05:30:40
UgwtglTZQKsrm1TnPfJ4AaABAg,rATtPCVsDtk,WoW WOW what did i just watch 3 times in a row,2024-12-24T10:38:42Z,1,0,UCvZr2RgwOS1ygww1Ys-dcyQ,@Chels1204,Billie Eilish - THE GREATEST (Live from Apple Music's Artist of the Year 2024),Billie Eilish live performance,2026-05-02 05:30:40
Ugy4Ol17aAVlpTTYVaN4AaABAg,rATtPCVsDtk,❤,2025-03-01T18:16:00Z,0,0,UCK0H8C0LUBYDH4MERpd8TNA,@MaryamAlali-q9e,Billie Eilish - THE GREATEST (Live from Apple Music's Artist of the Year 2024),Billie Eilish live performance,2026-05-02 05:30:40
UgxEDnfc7Mr1pqmPcpp4AaABAg,rATtPCVsDtk,Only the Best!!! Ever!!!,2025-02-09T04:31:14Z,1,0,UC3oF0ej9t82AuDhnYmjDXqg,@neomahenry8171,Billie Eilish - THE GREATEST (Live from Apple Music's Artist of the Year 2024),Billie Eilish live performance,2026-05-02 05:30:40
UgyrBVgWXXb1P6wwPy94AaABAg,rATtPCVsDtk,بیلی آیلیش you can&#39;t belive you are ❤very kind in fan mind,2025-01-24T08:10:42Z,1,0,UCWqk0cZj6Q1YseGYG7qjuKQ,@AbolfazlKokaby,Billie Eilish - THE GREATEST (Live from Apple Music's Artist of the Year 2024),Billie Eilish live performance,2026-05-02 05:30:40
Ugzti4HmsIVjgD0fV894AaABAg,rATtPCVsDtk,Love you bibi ❤,2025-04-26T15:03:58Z,1,0,UC4i55xNC7NtWWh5tHAAcuQQ,@natyvss8,Billie Eilish - THE GREATEST (Live from Apple Music's Artist of the Year 2024),Billie Eilish live performance,2026-05-02 05:30:40
UgypezlzJw3Vi46jfrh4AaABAg,rATtPCVsDtk,She is the greatest,2025-08-18T10:34:01Z,2,0,UCXbMeu5u2mQ9lrTnik7X7-w,@chukoyo,Billie Eilish - THE GREATEST (Live from Apple Music's Artist of the Year 2024),Billie Eilish live performance,2026-05-02 05:30:40
UgxIhJ4vbsUsJoUj4LV4AaABAg,rATtPCVsDtk,❤,2025-03-15T20:38:54Z,0,0,UCEx1JFJNAm_dbgXd9rEPnPg,@maedehaminzadeh,Billie Eilish - THE GREATEST (Live from Apple Music's Artist of the Year 2024),Billie Eilish live performance,2026-05-02 05:30:40
UgyXrsKYcf6N5EgUd3B4AaABAg,rATtPCVsDtk,❤❤❤❤❤❤,2025-01-31T23:49:43Z,0,0,UCBi-bbIsXovVA-9KJb2sgqA,@rayssamel,Billie Eilish - THE GREATEST (Live from Apple Music's Artist of the Year 2024),Billie Eilish live performance,2026-05-02 05:30:40
UgwcvM4A97h5m1gVTnN4AaABAg,rATtPCVsDtk,I loveeeeeee youuuuuuuu Billie ❤️😭😭😭❤️❤️❤️❤️❤️❤️❤️,2025-01-01T23:12:06Z,0,0,UCy4wMJjUOpjQtns6_lo8IdQ,@ericaandrade7266,Billie Eilish - THE GREATEST (Live from Apple Music's Artist of the Year 2024),Billie Eilish live performance,2026-05-02 05:30:40
UgzJoNC449l9XVIsHbN4AaABAg,rATtPCVsDtk,HEY GUYS DID ANYONE OF YOU READ THE CORAN . I&#39;M LOOKING FOR THE ENGLISH VERSION,2025-01-17T15:04:31Z,0,0,UCmjIWfFIIssPFTYDOOMsl3w,@awake_mind_x,Billie Eilish - THE GREATEST (Live from Apple Music's Artist of the Year 2024),Billie Eilish live performance,2026-05-02 05:30:40
Ugymb7o_0KedxNmG8gt4AaABAg,rATtPCVsDtk,"Finneas is just a Musical Genius, the combination with Billie is one of a kind",2025-07-23T00:44:41Z,0,0,UCWJekOzVW6H35nyLwx3XeKQ,@Bibedibabedibu1,Billie Eilish - THE GREATEST (Live from Apple Music's Artist of the Year 2024),Billie Eilish live performance,2026-05-02 05:30:40
Ugz8CDUV4vsJyFo5bgt4AaABAg,rATtPCVsDtk,I wish Billie she will come to Cambodia,2026-03-04T05:13:57Z,1,0,UCzqURhgS6rUqz5iyH7vkJFA,@ChunPariska,Billie Eilish - THE GREATEST (Live from Apple Music's Artist of the Year 2024),Billie Eilish live performance,2026-05-02 05:30:40
Ugwt4TMh-WGN22_C3P94AaABAg,rATtPCVsDtk,Your voice fu%king always unique like yourself,2024-12-27T04:18:07Z,0,0,UCL1w16Fk3M5wHpxwYHT_4Og,@mahnaz0270,Billie Eilish - THE GREATEST (Live from Apple Music's Artist of the Year 2024),Billie Eilish live performance,2026-05-02 05:30:40
UgxqDHQlfYJR1bir91F4AaABAg,rATtPCVsDtk,My angel,2024-12-25T22:05:10Z,0,0,UCHr_zTBNQ7txRe3BDEnmjzA,@Parnadreamer,Billie Eilish - THE GREATEST (Live from Apple Music's Artist of the Year 2024),Billie Eilish live performance,2026-05-02 05:30:40
UgwA_AW4c0bDEFV64n54AaABAg,rATtPCVsDtk,"I would love acoustic songs on Spotify, it&#39;s even better than studio",2025-05-25T14:31:33Z,1,0,UC8EdZFBZ6LqWCkSDGTcXNnQ,@luanabarros6242,Billie Eilish - THE GREATEST (Live from Apple Music's Artist of the Year 2024),Billie Eilish live performance,2026-05-02 05:30:40
UgxSaAWrTYP-oRpUEwt4AaABAg,rATtPCVsDtk,😍,2024-12-20T15:41:52Z,0,0,UCt94n-Wpll-8UxT1tVeU4eA,@imzatul5369,Billie Eilish - THE GREATEST (Live from Apple Music's Artist of the Year 2024),Billie Eilish live performance,2026-05-02 05:30:40
Ugyef-xXfroiL3ognbV4AaABAg,rATtPCVsDtk,😍,2025-01-28T19:07:05Z,0,0,UCXMpNDCTM5egn6fAJLk98xw,@CristianeSilva-zv9mp,Billie Eilish - THE GREATEST (Live from Apple Music's Artist of the Year 2024),Billie Eilish live performance,2026-05-02 05:30:40
UgzrvZDWexwP9H8CyhV4AaABAg,rATtPCVsDtk,Mi esposa,2024-12-20T22:00:57Z,0,0,UCSXoc08bTnbq4EJIp1GCg7w,@GiovannyMaldonado-u7i,Billie Eilish - THE GREATEST (Live from Apple Music's Artist of the Year 2024),Billie Eilish live performance,2026-05-02 05:30:40
Ugy3SP-XWPiyRB2cCNR4AaABAg,rATtPCVsDtk,I wish to see this song live :&#39;&#39;&#39;&#39;&#39;&#39;&#39;&#39;&#39;&#39;&#39;,2025-01-31T11:53:56Z,0,0,UCiIRziPIzZotbETIaFeBsTg,@Useridknow,Billie Eilish - THE GREATEST (Live from Apple Music's Artist of the Year 2024),Billie Eilish live performance,2026-05-02 05:30:40
UgwAjlqbHOisutqbihx4AaABAg,rATtPCVsDtk,😍😍😍,2025-02-06T18:30:50Z,0,0,UCCgkjGNKVTFLoQO2dEkon3A,@kellyaddams-z8s,Billie Eilish - THE GREATEST (Live from Apple Music's Artist of the Year 2024),Billie Eilish live performance,2026-05-02 05:30:40
UgwesXrqjn5AuW-As7R4AaABAg,rATtPCVsDtk,Rest in peace xxxtentacion 😢😢😢❤❤❤❤,2024-12-30T04:47:23Z,1,0,UCjPGEc9JvML1lUq5hhQQaIA,@r_i_v_i_n_d_u,Billie Eilish - THE GREATEST (Live from Apple Music's Artist of the Year 2024),Billie Eilish live performance,2026-05-02 05:30:40
UgyYWrLnMDyl1WJUDrN4AaABAg,rATtPCVsDtk,TE AMO.    luit nikite oficial  RIO \BRASIL,2025-01-07T06:12:06Z,1,0,UCfWshvIQIQ1Gf3zVcBgvcfA,@Luiz-b1f5l,Billie Eilish - THE GREATEST (Live from Apple Music's Artist of the Year 2024),Billie Eilish live performance,2026-05-02 05:30:40
UgwsANh7O5F3J5IE_XB4AaABAg,rATtPCVsDtk,aww mybillie and finneas love you both xoxo,2025-01-31T19:24:21Z,0,0,UC4ocrpGJMyjNRMC7oHAD6SQ,@mariuskristensen1867,Billie Eilish - THE GREATEST (Live from Apple Music's Artist of the Year 2024),Billie Eilish live performance,2026-05-02 05:30:40
UgxUlXYJ1dgBMfeGL254AaABAg,rATtPCVsDtk,I want that sweater!,2025-03-20T04:37:01Z,0,0,UCWmDR7DOripPci7J129Nc3w,@13dmharris,Billie Eilish - THE GREATEST (Live from Apple Music's Artist of the Year 2024),Billie Eilish live performance,2026-05-02 05:30:40
UgwFBR6keMDnpvIbl714AaABAg,rATtPCVsDtk,love yoou Billie,2025-02-17T18:51:49Z,1,0,UCu7yJry39hpRGgcy-PSosOA,@쨘-d6o,Billie Eilish - THE GREATEST (Live from Apple Music's Artist of the Year 2024),Billie Eilish live performance,2026-05-02 05:30:40
UgxYFOzTf5hNoZJjsYB4AaABAg,rATtPCVsDtk,Wonderful voice.Nice brother.,2025-02-13T16:34:42Z,1,0,UCRD5Mqm8d_fSCpK2-ApK0kw,@judyhyland499,Billie Eilish - THE GREATEST (Live from Apple Music's Artist of the Year 2024),Billie Eilish live performance,2026-05-02 05:30:40
UgyUnrwcy5E_BrEE-EF4AaABAg,rATtPCVsDtk,Te queremos Billie ❤❤😊,2025-02-08T20:25:48Z,1,0,UCxZqsLGm_PUouM1C0vzQkmA,@DianaOrtiz-d9c,Billie Eilish - THE GREATEST (Live from Apple Music's Artist of the Year 2024),Billie Eilish live performance,2026-05-02 05:30:40
Ugykax9CfeVHVGmUtkZ4AaABAg,rATtPCVsDtk,&quot;I LOVED YOU AND I STILL DO&quot; 🙁....,2025-03-29T21:09:04Z,0,0,UCaGgMIG_rqF9nj-bw_lZ3Jg,@seb4stard,Billie Eilish - THE GREATEST (Live from Apple Music's Artist of the Year 2024),Billie Eilish live performance,2026-05-02 05:30:40
UgyYVVFuksPh4lKM2bF4AaABAg,rATtPCVsDtk,I love billie,2024-12-27T23:47:45Z,0,0,UCKyv41lIQ1sImreDxZxOntw,@DayanaDaboin-v3i,Billie Eilish - THE GREATEST (Live from Apple Music's Artist of the Year 2024),Billie Eilish live performance,2026-05-02 05:30:40
UgxeKD9S_5mNomUaAV14AaABAg,rATtPCVsDtk,❤❤❤❤❤❤,2025-11-16T11:02:04Z,1,0,UCa2Q0S-kbe9hdXYXPEf6KLA,@Robloxlover-u5m,Billie Eilish - THE GREATEST (Live from Apple Music's Artist of the Year 2024),Billie Eilish live performance,2026-05-02 05:30:40
UgzOPZc-N-QcrQcaXl14AaABAg,rATtPCVsDtk,Guys l was at the Billie show,2024-12-22T16:06:55Z,0,0,UCq0_rjBNxdWVF1NdLbj-Vfw,@mainsqueez13,Billie Eilish - THE GREATEST (Live from Apple Music's Artist of the Year 2024),Billie Eilish live performance,2026-05-02 05:30:40
UgzH9xA6nEnGRclIepF4AaABAg,rATtPCVsDtk,BEAUTIFULE VOISE,2025-02-13T14:35:20Z,1,0,UCv_pjGJjv1_fMONgC0PdnwQ,@Lipkiysol,Billie Eilish - THE GREATEST (Live from Apple Music's Artist of the Year 2024),Billie Eilish live performance,2026-05-02 05:30:40
UgwIlnQwbyHzm_Tv6514AaABAg,rATtPCVsDtk,Billie is the one true vocal artist... and all the autotune fakes can not even dream of doing what you do!!!,2025-02-05T05:59:14Z,1,0,UCsQ0HpJrcCUA4NCUcW7tFBg,@JoeBongusto,Billie Eilish - THE GREATEST (Live from Apple Music's Artist of the Year 2024),Billie Eilish live performance,2026-05-02 05:30:40
UgzNuy55QFYwrV8cH_N4AaABAg,rATtPCVsDtk,Billie is THE GREATEST.,2024-12-21T19:25:39Z,0,0,UCKbhEeJgTDs7Qma--zEc9dw,@MAYBEME._M,Billie Eilish - THE GREATEST (Live from Apple Music's Artist of the Year 2024),Billie Eilish live performance,2026-05-02 05:30:40
UgwXwQRLMrlcC-lHa4l4AaABAg,rATtPCVsDtk,i have been on that bridge in the first photo like 100000 times i live nearby there 😭,2024-12-24T15:43:31Z,0,0,UCEBUulirVobOSRh17HOsC_g,@booknerd019,Billie Eilish - THE GREATEST (Live from Apple Music's Artist of the Year 2024),Billie Eilish live performance,2026-05-02 05:30:40
UgxQbBTIz5romEiQxjN4AaABAg,rATtPCVsDtk,They are so special and so talented. They must feel the pressure but still stay grounded. It’s a lovely relationship,2026-03-07T23:31:19Z,1,0,UCeQBIE6MQwVOrdPvIz1LlPg,@Julie-e8m,Billie Eilish - THE GREATEST (Live from Apple Music's Artist of the Year 2024),Billie Eilish live performance,2026-05-02 05:30:40
UgxExlwJ4KQ8sfjt-954AaABAg,rATtPCVsDtk,❤❤❤❤❤❤❤❤,2024-12-24T10:18:18Z,0,0,UCBaslSAKIgViWc4do3NyDFA,@Stacysternizki,Billie Eilish - THE GREATEST (Live from Apple Music's Artist of the Year 2024),Billie Eilish live performance,2026-05-02 05:30:40
Ugx_-NTyQXwuWaVnDyR4AaABAg,rATtPCVsDtk,This needs more views,2024-12-30T07:44:18Z,0,0,UCv3EW6oQa7jy7sCBvmlCtBA,@simo006,Billie Eilish - THE GREATEST (Live from Apple Music's Artist of the Year 2024),Billie Eilish live performance,2026-05-02 05:30:40
Ugyu9NSi26jc1C21RSp4AaABAg,rATtPCVsDtk,The greatest is the greatest fr,2025-03-17T18:32:17Z,0,0,UCSn6wQCROjldCeprIk30PTg,@manram5122,Billie Eilish - THE GREATEST (Live from Apple Music's Artist of the Year 2024),Billie Eilish live performance,2026-05-02 05:30:40
UgxzwlxKLQoiUinRJgV4AaABAg,rATtPCVsDtk,you are beautiful ❤❤❤,2024-12-23T13:35:32Z,1,0,UChSfy5mOQu9hjDuNvlZVLRg,@معصومهفراهانی,Billie Eilish - THE GREATEST (Live from Apple Music's Artist of the Year 2024),Billie Eilish live performance,2026-05-02 05:30:40
UgyrsH_gVRyuqgSaFrx4AaABAg,rATtPCVsDtk,😍😭❤️,2024-12-20T21:34:50Z,0,0,UCA6PKjWqU36c8SKwFpMDgww,@justf-ingerik,Billie Eilish - THE GREATEST (Live from Apple Music's Artist of the Year 2024),Billie Eilish live performance,2026-05-02 05:30:40
Ugz3tULhCuyohmO7GnJ4AaABAg,rATtPCVsDtk,"2024年、恋をした。愛した。それは奇跡だった。<br>「BIRDS OF A FEATHER」<br>「なぜ、私を泣かせるの？」<br>「私のこの涙を拭ってよ」<br>「私の手を引いて」",2025-02-03T09:53:51Z,1,0,UChH75JEf8b9kITXJFCMvzJw,@メグイズム,Billie Eilish - THE GREATEST (Live from Apple Music's Artist of the Year 2024),Billie Eilish live performance,2026-05-02 05:30:40
UgzZngEQdB1CMCdZuvZ4AaABAg,rATtPCVsDtk,❤❤❤❤❤,2025-02-03T19:35:52Z,0,0,UCxq0iFmpHq_6hvxHIdOrvPA,@أوتاكو-ن1ر,Billie Eilish - THE GREATEST (Live from Apple Music's Artist of the Year 2024),Billie Eilish live performance,2026-05-02 05:30:40
UgxB85D0Er__n7Juks14AaABAg,rATtPCVsDtk,"MERRY CHRISTMAS BILLIE EILISH AND FINNEAS AND MAGGIE BAIRD O&#39;CONNEL AND PATRICK BAIRD O&#39;CONNEL AND CLAUDIA SULEWSKI , I LOVE Y&#39;ALL GOD BLESS Y&#39;ALL, I HOPE ONE DAY WE GET TO MAKE MUSIC TOGETHER~WORLDFAMOUSGAMER.",2024-12-26T03:28:56Z,1,0,UC6RFeDUKfbqGSiCuDU8NReQ,@worldfamousgamer9191,Billie Eilish - THE GREATEST (Live from Apple Music's Artist of the Year 2024),Billie Eilish live performance,2026-05-02 05:30:40
Ugz9druDtKkmVAL2rHx4AaABAg,rATtPCVsDtk,this song live is unrealllll,2025-07-26T02:53:59Z,0,0,UCcuUv_-_WEWJWFDu79UJcyA,@Sarassparkles,Billie Eilish - THE GREATEST (Live from Apple Music's Artist of the Year 2024),Billie Eilish live performance,2026-05-02 05:30:40
UgzKVg6UH-IqP-piFsp4AaABAg,rATtPCVsDtk,so talented,2025-04-21T04:25:33Z,0,0,UCTjGmotq-AwiUWayDX1Za-Q,@SysPopxo,Billie Eilish - THE GREATEST (Live from Apple Music's Artist of the Year 2024),Billie Eilish live performance,2026-05-02 05:30:40
Ugw1p0sT0irPDZ5shbB4AaABAg,rATtPCVsDtk,Люблю тебя. Sveta.  ❤  I feel the same way.           st. Kenig.,2024-12-24T20:06:25Z,0,0,UCvvM_VAVQnYAwzGFMnpwkIg,@СветланаМосвитина,Billie Eilish - THE GREATEST (Live from Apple Music's Artist of the Year 2024),Billie Eilish live performance,2026-05-02 05:30:40
UgymYRvAS9VjABdpy594AaABAg,rATtPCVsDtk,🫀💞,2025-01-18T08:26:50Z,1,0,UCUpBtOHYxY-W47iki0lr43w,@claudmanuhutu8248,Billie Eilish - THE GREATEST (Live from Apple Music's Artist of the Year 2024),Billie Eilish live performance,2026-05-02 05:30:40
Ugz2Gm8D4e4SQtU8uZF4AaABAg,rATtPCVsDtk,Finneas and Billie are such a cute duo❤,2024-12-21T22:41:28Z,1,0,UCZ96n26a8KhTT8Sy5mRoahw,@playmobilfamiliesalzer2226,Billie Eilish - THE GREATEST (Live from Apple Music's Artist of the Year 2024),Billie Eilish live performance,2026-05-02 05:30:40
UgxjmIn8sVbHhNrO7LV4AaABAg,rATtPCVsDtk,"OH MY FUCKING GOD, how can a song be this painful? It&#39;s brilliant and sad as fuck, I&#39;ve been here so many times...",2024-12-30T07:08:52Z,1,0,UCeP9trXPD2SQFYkASTyTCdQ,@anathing963,Billie Eilish - THE GREATEST (Live from Apple Music's Artist of the Year 2024),Billie Eilish live performance,2026-05-02 05:30:40
UgwgDxUbDijlDrzPpdh4AaABAg,rATtPCVsDtk,"Finneas and his guitar are always  my spotlight, so gnarly",2025-05-29T04:34:02Z,1,0,UCqalQupUdgT5xjrAr99_2jQ,@rubikguy6446,Billie Eilish - THE GREATEST (Live from Apple Music's Artist of the Year 2024),Billie Eilish live performance,2026-05-02 05:30:40
Ugwg73u4AxFBYIcFwrd4AaABAg,rATtPCVsDtk,THIS SHOULD HAVE BEEN THE GRAMMYS PERFORMANCE PLEASEE BILLIE,2025-02-07T19:16:34Z,0,0,UC-p71QcqBEPzf17YEw4e7WA,@belle8324,Billie Eilish - THE GREATEST (Live from Apple Music's Artist of the Year 2024),Billie Eilish live performance,2026-05-02 05:30:40
UgyJdZxw2vhYMy9VOlR4AaABAg,rATtPCVsDtk,i love my brother too.,2024-12-31T02:13:32Z,0,0,UCEu3z3rIaTbRZFF5RIwiQbg,@SayfullhoroR,Billie Eilish - THE GREATEST (Live from Apple Music's Artist of the Year 2024),Billie Eilish live performance,2026-05-02 05:30:40
UgyFOt7NFONbg28XLrR4AaABAg,rATtPCVsDtk,Love you Billie Eyelash,2025-01-02T02:00:48Z,0,0,UC1leqQLuTt_FhOAoZHwzfqA,@Jushachillguy,Billie Eilish - THE GREATEST (Live from Apple Music's Artist of the Year 2024),Billie Eilish live performance,2026-05-02 05:30:40
Ugz_1DlnVu700oEqvUV4AaABAg,rATtPCVsDtk,What a strong 💪 bond,2025-02-13T17:43:43Z,1,0,UCV6NPIEyC4_P0nGqkY0qGZw,@Imnt_khaya,Billie Eilish - THE GREATEST (Live from Apple Music's Artist of the Year 2024),Billie Eilish live performance,2026-05-02 05:30:40
UgwVsN2GytKAQ6z222t4AaABAg,rATtPCVsDtk,thankss darlingg 🫂,2024-12-23T09:37:32Z,1,0,UCxRsKqo7mCkp77zW65bPY0g,@naaarrrraaa,Billie Eilish - THE GREATEST (Live from Apple Music's Artist of the Year 2024),Billie Eilish live performance,2026-05-02 05:30:40
Ugxr6NPhcAS5o53JToN4AaABAg,rATtPCVsDtk,I LOVE YOU BILLIE!!!<br>I LOVE YOU FINNEAS!!🥹❤️,2024-12-20T13:58:04Z,0,0,UCfQKEge5fVQ76bOjhTP8oiw,@Luanna_olliver,Billie Eilish - THE GREATEST (Live from Apple Music's Artist of the Year 2024),Billie Eilish live performance,2026-05-02 05:30:40
Ugy1UK76sEaPOtEV0nh4AaABAg,rATtPCVsDtk,"<a href=""https://www.youtube.com/watch?v=rATtPCVsDtk&amp;t=240"">4:00</a> I can&#39;t see from here on, otherwise I will cry until morning..",2025-01-31T11:56:48Z,2,0,UCiIRziPIzZotbETIaFeBsTg,@Useridknow,Billie Eilish - THE GREATEST (Live from Apple Music's Artist of the Year 2024),Billie Eilish live performance,2026-05-02 05:30:40
UgwRvuuv7_yqTyqf2YF4AaABAg,rATtPCVsDtk,This is one thé most beautiful song i&#39;ve heard,2025-01-26T06:34:55Z,0,0,UCqzPibaQuCugCLrSYfgBT6Q,@maximecoubes1872,Billie Eilish - THE GREATEST (Live from Apple Music's Artist of the Year 2024),Billie Eilish live performance,2026-05-02 05:30:40
UgyuY-ZfvyFjsY1kGVx4AaABAg,rATtPCVsDtk,Billy ❤❤❤,2024-12-21T21:21:37Z,0,0,UCQsx7ueCB1BrLm3jxjq7cXg,@DavidReyes-es8eq,Billie Eilish - THE GREATEST (Live from Apple Music's Artist of the Year 2024),Billie Eilish live performance,2026-05-02 05:30:40
Ugz99Fy7qN0aIhyidVB4AaABAg,rATtPCVsDtk,billie you don&#39;t have to try i&#39;m satisfied,2024-12-20T14:18:50Z,0,0,UC19SOzGf23Cb_k_B67Ukdmw,@Concepts-hg1iy,Billie Eilish - THE GREATEST (Live from Apple Music's Artist of the Year 2024),Billie Eilish live performance,2026-05-02 05:30:40
UgwooZmofsW1-LbMGv14AaABAg,rATtPCVsDtk,"Como para estár en la playa de noche con un melón con vino y con una fogata,  mirando la mujer que te gusta ❤",2025-01-03T01:28:46Z,1,0,UCzwJFYF1WkP7GlGLwQCaRRA,@jhóse707M.urbana,Billie Eilish - THE GREATEST (Live from Apple Music's Artist of the Year 2024),Billie Eilish live performance,2026-05-02 05:30:40
UgyHroP15Xi_lOowI4F4AaABAg,rATtPCVsDtk,my fav song of the album😭,2025-01-22T20:53:02Z,0,0,UC9ZXnIQJ3AvnpX3_A5RGE8Q,@zeynab4167,Billie Eilish - THE GREATEST (Live from Apple Music's Artist of the Year 2024),Billie Eilish live performance,2026-05-02 05:30:40
UgzisySOjCpkgJ-lwjN4AaABAg,rATtPCVsDtk,im sorry billy they upset with me over ditty and made you pay for it you already know you deserve every one i couldnt let em get away with what he is ❤,2025-02-03T23:42:27Z,1,0,UCIGXpqLJOMQVhvcq7Nf-rGw,@boogiman136,Billie Eilish - THE GREATEST (Live from Apple Music's Artist of the Year 2024),Billie Eilish live performance,2026-05-02 05:30:40
UgyQ4iI2tDO4U8ycpTN4AaABAg,rATtPCVsDtk,"El momento <a href=""https://www.youtube.com/watch?v=rATtPCVsDtk&amp;t=280"">4:40</a> es simplemente...😩",2025-04-21T21:26:09Z,0,0,UCeGXXlgxmf6Ia-C-hfm6yqQ,@EvaGarciaPenataro,Billie Eilish - THE GREATEST (Live from Apple Music's Artist of the Year 2024),Billie Eilish live performance,2026-05-02 05:30:40
UgwZW_7XlweN08U_A7V4AaABAg,rATtPCVsDtk,simply a spectacle😮‍💨❤️✨🌪️<br>Anyone in 2025?,2025-02-21T16:02:18Z,0,0,UCu0vT2Usa3Aa9jpAh-yWGZQ,@sanemdellons,Billie Eilish - THE GREATEST (Live from Apple Music's Artist of the Year 2024),Billie Eilish live performance,2026-05-02 05:30:40
UgziHivFC7oJnx8kWUF4AaABAg,rATtPCVsDtk,Hauntingly beautiful.,2025-07-29T12:21:45Z,1,0,UCKd_8av2MTzyekDrbYWeCHQ,@frncmks,Billie Eilish - THE GREATEST (Live from Apple Music's Artist of the Year 2024),Billie Eilish live performance,2026-05-02 05:30:40
UgwdRT5eTrWVsxX_eQ94AaABAg,rATtPCVsDtk,❤❤❤❤❤❤❤❤❤❤❤❤❤.,2024-12-26T02:28:39Z,0,0,UCg9zkL62XluJeWdb9OIBARQ,@jeronimotamayolopera4834,Billie Eilish - THE GREATEST (Live from Apple Music's Artist of the Year 2024),Billie Eilish live performance,2026-05-02 05:30:40
Ugx3un4Qn4avuG489654AaABAg,rATtPCVsDtk,PRECIOUS.,2025-05-20T19:06:48Z,0,0,UCDbHC3dtpKnHhFwDtHUnkRA,@LelandDowning,Billie Eilish - THE GREATEST (Live from Apple Music's Artist of the Year 2024),Billie Eilish live performance,2026-05-02 05:30:40
UgwpN7j4THv5x4ZVVTt4AaABAg,rATtPCVsDtk,Que coisa mais linda🥹,2024-12-20T18:04:28Z,1,0,UCPqrBQ_r-UIGn-95JHvVgFg,@NilsonVersace,Billie Eilish - THE GREATEST (Live from Apple Music's Artist of the Year 2024),Billie Eilish live performance,2026-05-02 05:30:40
UgxwvUKGSsh9siAMS8p4AaABAg,rATtPCVsDtk,One word.... WOW!,2025-01-04T15:01:58Z,1,0,UC7WTlkXa0C1B03vKwJwGFFQ,@joanneparsons495,Billie Eilish - THE GREATEST (Live from Apple Music's Artist of the Year 2024),Billie Eilish live performance,2026-05-02 05:30:40
Ugw-AO_VzNA1jlKW8Kl4AaABAg,rATtPCVsDtk,💥!!!&#39;,2024-12-24T04:39:47Z,0,0,UCJv1gmdCVu3yqSrok9UJloA,@JuanignacioDalmau-pq9mr,Billie Eilish - THE GREATEST (Live from Apple Music's Artist of the Year 2024),Billie Eilish live performance,2026-05-02 05:30:40
UgxdmjBpl-tVraEwL6Z4AaABAg,rATtPCVsDtk,🎉,2025-01-07T10:40:14Z,0,0,UCv8QTUPJ9bG1iP1Z-Ia8Anw,@Jdotsim,Billie Eilish - THE GREATEST (Live from Apple Music's Artist of the Year 2024),Billie Eilish live performance,2026-05-02 05:30:40
UgzSesr_niuXpt-xkuR4AaABAg,rATtPCVsDtk,Damn Finease hitting them notes,2025-09-23T14:32:46Z,2,0,UCFyGqSvb4N9wPz8EGPt4eAA,@loumil4038,Billie Eilish - THE GREATEST (Live from Apple Music's Artist of the Year 2024),Billie Eilish live performance,2026-05-02 05:30:40
UgxREEwgCmdPX8Johhd4AaABAg,rATtPCVsDtk,🎉🎉.,2024-12-23T12:51:02Z,0,0,UC822Sq3oPXZiGMjd9L8nWYQ,@FininhoDealgo-h5u,Billie Eilish - THE GREATEST (Live from Apple Music's Artist of the Year 2024),Billie Eilish live performance,2026-05-02 05:30:40
UgzGMt8ux1OzlXNVif54AaABAg,rATtPCVsDtk,🖖💓,2025-02-04T11:35:42Z,0,0,UCSUmxEjJ0lZ-Sd2jhaXJgXw,@KrisEilish9,Billie Eilish - THE GREATEST (Live from Apple Music's Artist of the Year 2024),Billie Eilish live performance,2026-05-02 05:30:40
Ugw2UeZ9w2KfGEWeqjR4AaABAg,rATtPCVsDtk,Como logran hacerlo todo con tanta tranquilidad...((?,2024-12-21T18:35:07Z,0,0,UC7cMyR7BEYaxhEp3qwSuI9g,@1toscods,Billie Eilish - THE GREATEST (Live from Apple Music's Artist of the Year 2024),Billie Eilish live performance,2026-05-02 05:30:40
Ugyt_nYr6sSRxvODsFF4AaABAg,rATtPCVsDtk,I love you billie❤,2025-02-02T15:24:47Z,0,0,UCKcyg77hb01tJIQbewObvIw,@henriettaparagh216,Billie Eilish - THE GREATEST (Live from Apple Music's Artist of the Year 2024),Billie Eilish live performance,2026-05-02 05:30:40
UgxNVChCjwX_PR3fWDB4AaABAg,rATtPCVsDtk,I love you Billie eilish❤,2024-12-30T00:23:59Z,0,0,UCLv1tHHsfatk5WdR1bTZprw,@miaviguerasx,Billie Eilish - THE GREATEST (Live from Apple Music's Artist of the Year 2024),Billie Eilish live performance,2026-05-02 05:30:40
UgxaAYn1WeEH_7wlagV4AaABAg,rATtPCVsDtk,definitely deserved album of the year,2025-02-06T02:39:44Z,1,0,UCCFdejy8cj0lBCg3LGPR9yQ,@miranda2925,Billie Eilish - THE GREATEST (Live from Apple Music's Artist of the Year 2024),Billie Eilish live performance,2026-05-02 05:30:40
Ugxjibb_-X03BlLvUdV4AaABAg,rATtPCVsDtk,M encanta Billie Eillis hermosa voz,2025-06-05T04:50:48Z,0,0,UCJkm0riyLNPOKgAMo-C2uhw,@noesanchez972,Billie Eilish - THE GREATEST (Live from Apple Music's Artist of the Year 2024),Billie Eilish live performance,2026-05-02 05:30:40
UgzTtLcSWlGAxrZlJNl4AaABAg,rATtPCVsDtk,The note change is so… 😍,2025-01-31T04:36:32Z,0,0,UCmkcqN_zAXar5mt-hnapeow,@Marilyn._.is_the_DIVA,Billie Eilish - THE GREATEST (Live from Apple Music's Artist of the Year 2024),Billie Eilish live performance,2026-05-02 05:30:40
UgwGHsisNu5UWSOOmot4AaABAg,rATtPCVsDtk,"billie, THE GRETEST❤",2025-04-21T08:41:42Z,0,0,UC7ztNG5MRlE3i9mQ3H_r-CQ,@dominikjonás-z6h,Billie Eilish - THE GREATEST (Live from Apple Music's Artist of the Year 2024),Billie Eilish live performance,2026-05-02 05:30:40
UgzFIcOz7xcuCql6HSN4AaABAg,rATtPCVsDtk,"Tô com a rinite atacada, billie te amo",2024-12-23T06:15:03Z,0,0,UCfR1LlVkWdfDBJ5nxu_CI0g,@Andersonsantos__,Billie Eilish - THE GREATEST (Live from Apple Music's Artist of the Year 2024),Billie Eilish live performance,2026-05-02 05:30:40
UgwhmUISA_U9QnTSm7N4AaABAg,rATtPCVsDtk,Bille I love you,2024-12-27T16:08:25Z,0,0,UCfdNMgwJy__-Trun5K4hMDA,@mynameismonnhi,Billie Eilish - THE GREATEST (Live from Apple Music's Artist of the Year 2024),Billie Eilish live performance,2026-05-02 05:30:40
UgwiUVjjH2b0glYC23N4AaABAg,rATtPCVsDtk,why she&#39;s so pretty🥺,2025-06-14T11:11:15Z,0,0,UCrrknZRTukVenTUBom-swyg,@ahmadkariadi5881,Billie Eilish - THE GREATEST (Live from Apple Music's Artist of the Year 2024),Billie Eilish live performance,2026-05-02 05:30:40
UgyfvIAPHxKgwYuLb494AaABAg,rATtPCVsDtk,Billie eilish voice vs world,2024-12-21T03:36:12Z,0,0,UC0T_VgCHNXM9NBdSdA7U05w,@AilAldukia,Billie Eilish - THE GREATEST (Live from Apple Music's Artist of the Year 2024),Billie Eilish live performance,2026-05-02 05:30:40
UgzbTWSCGJrUmmNSsAp4AaABAg,rATtPCVsDtk,YOUR PERFECT BILLIE EILISH,2025-01-18T05:11:55Z,0,0,UCXy0ftYLUXxu7K3k8gnfRCQ,@dfwannie_00,Billie Eilish - THE GREATEST (Live from Apple Music's Artist of the Year 2024),Billie Eilish live performance,2026-05-02 05:30:40
UgwCKHzXk2_BY_2QhH54AaABAg,rATtPCVsDtk,Listen and want to listen again.😊,2024-12-23T04:36:44Z,1,0,UC7fPUKqkHywuRn8qWcVD3Fg,@Lorn-Production,Billie Eilish - THE GREATEST (Live from Apple Music's Artist of the Year 2024),Billie Eilish live performance,2026-05-02 05:30:40
UgxrCEQ1zQuuU9cEH5Z4AaABAg,rATtPCVsDtk,i hope they make more music with more of finneas’s vocals… he’s a great singer as well,2024-12-20T22:52:24Z,0,0,UC_GwAlqrkKlkqbqf4bfGCLw,@imaslimeycapybara,Billie Eilish - THE GREATEST (Live from Apple Music's Artist of the Year 2024),Billie Eilish live performance,2026-05-02 05:30:40
Ugw6FnrtPgPrLYVx2IF4AaABAg,rATtPCVsDtk,The greatest is one of my fav in the album,2025-01-15T20:52:10Z,0,0,UC-gSLqJW2gFEUUqdirDMjAw,@omarerrabaany6411,Billie Eilish - THE GREATEST (Live from Apple Music's Artist of the Year 2024),Billie Eilish live performance,2026-05-02 05:30:40
UgwGBTizm5X5sObwopV4AaABAg,rATtPCVsDtk,I love you Billie 🖤,2024-12-28T23:25:21Z,0,0,UCqbUKtJ8p_xUUhVrx4OGqIQ,@MouadeUio,Billie Eilish - THE GREATEST (Live from Apple Music's Artist of the Year 2024),Billie Eilish live performance,2026-05-02 05:30:40
Ugwi3RmrC8SmIr808Kx4AaABAg,rATtPCVsDtk,I ❤️ you Billie,2025-01-31T08:13:50Z,1,0,UCLMkfbphyY4KYf9FTN9-3Jg,@khristianzurita1662,Billie Eilish - THE GREATEST (Live from Apple Music's Artist of the Year 2024),Billie Eilish live performance,2026-05-02 05:30:40
UgwMjOXAlWf7CeFvGEt4AaABAg,rATtPCVsDtk,Lots of blessing,2025-01-30T22:44:20Z,0,0,UCSCaXM9AmK6AGXjFVhsL6Xg,@badiami-n8l,Billie Eilish - THE GREATEST (Live from Apple Music's Artist of the Year 2024),Billie Eilish live performance,2026-05-02 05:30:40
Ugy76vz0qbO6Ph18ood4AaABAg,rATtPCVsDtk,WE LOVE YOU BİLLİE!,2025-03-30T08:12:39Z,0,0,UC49j2IFAVDpsxrRhtG-fjLQ,@NSWILY,Billie Eilish - THE GREATEST (Live from Apple Music's Artist of the Year 2024),Billie Eilish live performance,2026-05-02 05:30:40
UgyyDfzqpMqiIxzOtXF4AaABAg,rATtPCVsDtk,I NEED THIS VERSION ON SPOTIFY!!!!,2025-01-07T20:07:21Z,1,0,UCPqIu_-r0F2VodMafEyHA6Q,@juliapacheco691,Billie Eilish - THE GREATEST (Live from Apple Music's Artist of the Year 2024),Billie Eilish live performance,2026-05-02 05:30:40
UgzCLII16dmQffJUEPx4AaABAg,rATtPCVsDtk,lets go billieeee,2024-12-27T13:45:09Z,0,0,UC96Wx3VhRrRcET1CKbfleSQ,@MarNav-b2i,Billie Eilish - THE GREATEST (Live from Apple Music's Artist of the Year 2024),Billie Eilish live performance,2026-05-02 05:30:40
UgxOzG23kBtx9dfXh714AaABAg,rATtPCVsDtk,I LOVE MY BABIES SO MUCH,2024-12-24T22:16:21Z,0,0,UCKabg_E0ieq47P2KaLkhMOQ,@LucasEilish,Billie Eilish - THE GREATEST (Live from Apple Music's Artist of the Year 2024),Billie Eilish live performance,2026-05-02 05:30:40
UgxFEYMeS6GW0zbhv_h4AaABAg,rATtPCVsDtk,😇,2024-12-20T19:27:45Z,0,0,UCAzu6DDHyy3Iq8h1sVoh16Q,@JasmineMoniquex,Billie Eilish - THE GREATEST (Live from Apple Music's Artist of the Year 2024),Billie Eilish live performance,2026-05-02 05:30:40
UgwkNNpciha-sIneSZZ4AaABAg,rATtPCVsDtk,You&#39;re the best Billie 😍,2025-03-19T01:19:21Z,0,0,UCNfli_cqixWBbjkg7gyKqhQ,@Bods1985,Billie Eilish - THE GREATEST (Live from Apple Music's Artist of the Year 2024),Billie Eilish live performance,2026-05-02 05:30:40
Ugwn8jkCxXvAt7vDwBt4AaABAg,rATtPCVsDtk,my heart in an album fr,2025-05-31T20:42:49Z,0,0,UCnGyejIRwDBwRcqvAe6UlHw,@Alonah.l,Billie Eilish - THE GREATEST (Live from Apple Music's Artist of the Year 2024),Billie Eilish live performance,2026-05-02 05:30:40
UgxdN6JP1ocsW-J6MmZ4AaABAg,rATtPCVsDtk,❤❤❤  Love,2024-12-25T22:29:40Z,1,0,UCkwLX__UKW2sNkIBeLr0w0g,@natsimon-leblond4703,Billie Eilish - THE GREATEST (Live from Apple Music's Artist of the Year 2024),Billie Eilish live performance,2026-05-02 05:30:40
UgwHJUCkQb3aRfY3sNJ4AaABAg,rATtPCVsDtk,Im in tears,2024-12-24T10:38:03Z,0,0,UCvZr2RgwOS1ygww1Ys-dcyQ,@Chels1204,Billie Eilish - THE GREATEST (Live from Apple Music's Artist of the Year 2024),Billie Eilish live performance,2026-05-02 05:30:40
UgwDdMofRuKMOxuavh54AaABAg,rATtPCVsDtk,👏👏👏,2025-02-02T20:00:43Z,0,0,UCz4hkuw8QRx17SKDiCA6iXg,@Jéssica_kiara,Billie Eilish - THE GREATEST (Live from Apple Music's Artist of the Year 2024),Billie Eilish live performance,2026-05-02 05:30:40
UgxIVyCOl2dw7fTlSyN4AaABAg,rATtPCVsDtk,"not gonna lie, I&#39;m crying the shit out of me with this song, I&#39;m dealing with a 15 years break up and I&#39;m 32 , so this song represent exactly how I felt right then, not getting back the same love as you gave is hard to accept. Thank you so much Billie and Finneas for this song, probably you will never read this but, thak you from the bottom of my heart and soul ❤",2025-11-01T03:14:04Z,1,0,UCW134Pq0mQ2MUNWl7qCwrnQ,@santiagoinfante3,Billie Eilish - THE GREATEST (Live from Apple Music's Artist of the Year 2024),Billie Eilish live performance,2026-05-02 05:30:40
Ugzzz7VJwcs-u43KKgp4AaABAg,rATtPCVsDtk,🎉🎉🎉.,2024-12-23T12:50:59Z,0,0,UC822Sq3oPXZiGMjd9L8nWYQ,@FininhoDealgo-h5u,Billie Eilish - THE GREATEST (Live from Apple Music's Artist of the Year 2024),Billie Eilish live performance,2026-05-02 05:30:40
UgzC_uXcX9KOIfncCsF4AaABAg,rATtPCVsDtk,Love they both❤,2025-02-03T00:36:24Z,2,0,UCnT-bW8jlp92OJOGCDrW-dA,@destripandomodaybeauty8034,Billie Eilish - THE GREATEST (Live from Apple Music's Artist of the Year 2024),Billie Eilish live performance,2026-05-02 05:30:40
UgwqMqzT6D5U8qbdAk94AaABAg,rATtPCVsDtk,that off mic ??? just took out my soul,2025-04-17T03:15:48Z,0,0,UCifoakNQiLpk9ro5bmJKF_g,@roseaidatulazita1092,Billie Eilish - THE GREATEST (Live from Apple Music's Artist of the Year 2024),Billie Eilish live performance,2026-05-02 05:30:40
UgwxASqAxKgXMk4pan14AaABAg,rATtPCVsDtk,This song and Bittersuite are my favorites :)),2025-01-09T01:24:09Z,0,0,UCS_ZpBHYWzZBZ7MpHa8VsXA,@chantalbarazarte,Billie Eilish - THE GREATEST (Live from Apple Music's Artist of the Year 2024),Billie Eilish live performance,2026-05-02 05:30:40
Ugy82QdQSR49_KwDMIN4AaABAg,rATtPCVsDtk,Billie Eilish I love you so much ❤❤,2025-01-03T08:58:02Z,1,0,UCYxJDeJRYwtLdAr7Ez1qelg,@Billie_fan.512,Billie Eilish - THE GREATEST (Live from Apple Music's Artist of the Year 2024),Billie Eilish live performance,2026-05-02 05:30:40
Ugz38foCzIeGr3qEGhZ4AaABAg,rATtPCVsDtk,So you&#39;re telling me this didn&#39;t win the Grammy?,2025-02-18T10:43:39Z,0,0,UCaQPM-Kxozp-lGdYuAkzsEA,@Selam_Zii,Billie Eilish - THE GREATEST (Live from Apple Music's Artist of the Year 2024),Billie Eilish live performance,2026-05-02 05:30:40
UgzjyZVg2d7oKBPw38Z4AaABAg,rATtPCVsDtk,Im only waiting for the original video of the greatest 😭😭😭😭,2025-01-16T20:37:40Z,0,0,UCZqKvxpg5o_HsqoY63cOE4A,@Imnotrox,Billie Eilish - THE GREATEST (Live from Apple Music's Artist of the Year 2024),Billie Eilish live performance,2026-05-02 05:30:40
Ugxqp4vcvUya9-RVcsh4AaABAg,rATtPCVsDtk,She is the greatest.,2025-06-20T13:59:46Z,0,0,UCuRsYNwfQyWAjHbUCPy0E-g,@emmyskin,Billie Eilish - THE GREATEST (Live from Apple Music's Artist of the Year 2024),Billie Eilish live performance,2026-05-02 05:30:40
UgyJglFVvOrb-wyK0UJ4AaABAg,rATtPCVsDtk,Hoooow did they not win anything at the Grammy&#39;s with music like this ❤,2025-02-12T06:04:13Z,0,0,UCqA4TwgK_gpSlXFNicOwF1Q,@amandaridler3222,Billie Eilish - THE GREATEST (Live from Apple Music's Artist of the Year 2024),Billie Eilish live performance,2026-05-02 05:30:40
UgxTfhVjzO1qfI6z5_J4AaABAg,rATtPCVsDtk,As soon as she started singing I felt like I had an eargasm I swear,2024-12-21T21:10:14Z,0,0,UCtiALThQE8Lsi04yGSIlKvQ,@Isastealingyour_visa,Billie Eilish - THE GREATEST (Live from Apple Music's Artist of the Year 2024),Billie Eilish live performance,2026-05-02 05:30:40
UgyYIiVHMmyBEgz2vwB4AaABAg,rATtPCVsDtk,A Billie cantando sem microfone cara..... tô chorando,2025-01-07T20:07:56Z,0,0,UCPqIu_-r0F2VodMafEyHA6Q,@juliapacheco691,Billie Eilish - THE GREATEST (Live from Apple Music's Artist of the Year 2024),Billie Eilish live performance,2026-05-02 05:30:40
UgzG3dXXoB6vS37e51V4AaABAg,rATtPCVsDtk,LOVO You Billie,2024-12-22T12:33:57Z,0,0,UCdizmcGG1WNxBoV9lPxPheA,@Billie-k2k,Billie Eilish - THE GREATEST (Live from Apple Music's Artist of the Year 2024),Billie Eilish live performance,2026-05-02 05:30:40
UgzHw-o4P_ehOLRa-zF4AaABAg,rATtPCVsDtk,"even though this is not the same as the recorded version, it&#39;s just as amazing",2025-01-06T16:54:29Z,0,0,UCt80zmNoLpNjRH-kyIq5Hcg,@tmanrong,Billie Eilish - THE GREATEST (Live from Apple Music's Artist of the Year 2024),Billie Eilish live performance,2026-05-02 05:30:40
Ugxc9F6NANxDJpr4j_x4AaABAg,rATtPCVsDtk,Billie 💚💚,2025-01-08T16:02:54Z,1,0,UCw9Y1xpajVRRSJ-RHKTtsqQ,@SoSo_VG8764,Billie Eilish - THE GREATEST (Live from Apple Music's Artist of the Year 2024),Billie Eilish live performance,2026-05-02 05:30:40
UgyDAJalRbD4kWltLOx4AaABAg,rATtPCVsDtk,You Are The Greatest,2024-12-25T10:43:07Z,0,0,UCjRZv4HlrMfSFfQhrEb32fA,@kivx__55,Billie Eilish - THE GREATEST (Live from Apple Music's Artist of the Year 2024),Billie Eilish live performance,2026-05-02 05:30:40
UgyBJcUObrTFcOOXRB54AaABAg,rATtPCVsDtk,Loveeee her,2025-01-27T13:28:05Z,0,0,UCvYd9-qTNjwzBWR6Qg8_fmA,@Kocham_skyr_alpro,Billie Eilish - THE GREATEST (Live from Apple Music's Artist of the Year 2024),Billie Eilish live performance,2026-05-02 05:30:40
Ugzhd0Ke4a_wYEBDfPJ4AaABAg,rATtPCVsDtk,This performance alone deserves a freakin grammy!,2025-02-09T03:28:19Z,1,0,UCnT6_biC4VBdh29MMw6tk4w,@lowkeyaxl644,Billie Eilish - THE GREATEST (Live from Apple Music's Artist of the Year 2024),Billie Eilish live performance,2026-05-02 05:30:40
UgwTmh4L_N0-KDf-dfV4AaABAg,rATtPCVsDtk,Meu amor 🧚💙,2024-12-20T12:31:51Z,0,0,UC3aNtuFuPedHHIrbXqpQFKQ,@jessicamourao7819,Billie Eilish - THE GREATEST (Live from Apple Music's Artist of the Year 2024),Billie Eilish live performance,2026-05-02 05:30:40
UgxPcVB9GCt0LKcRxXN4AaABAg,rATtPCVsDtk,Topping everything else out!!!!,2025-02-09T04:33:18Z,1,0,UC3oF0ej9t82AuDhnYmjDXqg,@neomahenry8171,Billie Eilish - THE GREATEST (Live from Apple Music's Artist of the Year 2024),Billie Eilish live performance,2026-05-02 05:30:40
UgxpuIK3nHzog4dMkIR4AaABAg,rATtPCVsDtk,"To everyone who&#39;s ever loved someone pathologically selfish, I hope you can hear your worth in this song &lt;3",2025-02-06T16:51:50Z,0,0,UC1rJll_yplW58Q1MdJMv_9A,@BlackB1rd1e,Billie Eilish - THE GREATEST (Live from Apple Music's Artist of the Year 2024),Billie Eilish live performance,2026-05-02 05:30:40
Ugx4RxjK7QKuVpcYOOd4AaABAg,rATtPCVsDtk,I have goosebumps at the end OMG,2025-09-24T13:52:01Z,1,0,UCA0GK0oQtPoh3NvzeKe6oRA,@MatheusSilva-x6m3e,Billie Eilish - THE GREATEST (Live from Apple Music's Artist of the Year 2024),Billie Eilish live performance,2026-05-02 05:30:40
Ugxk5yPkbNwb9uN6d1V4AaABAg,rATtPCVsDtk,Slay Beyoncé didn’t deserve the Grammys bc she always win and she doesn’t even do anything I hate that fake smile she has slay Billie u deserved the grammys,2025-02-07T07:08:20Z,0,0,UCBqJtDFnsktoLS0RWH8Fufg,@YeabsiraYohannes-f9q,Billie Eilish - THE GREATEST (Live from Apple Music's Artist of the Year 2024),Billie Eilish live performance,2026-05-02 05:30:40
UgxlW5otl1bs-FuokUl4AaABAg,rATtPCVsDtk,Billie you are a life-saver,2025-02-23T07:34:50Z,1,0,UC0ITJcf3BmSMn--msLp1qgg,@Lumenvox-avenor,Billie Eilish - THE GREATEST (Live from Apple Music's Artist of the Year 2024),Billie Eilish live performance,2026-05-02 05:30:40
UgwPliW7mgs81lk_lpJ4AaABAg,rATtPCVsDtk,"Yes, this pain will end soon. ❤",2025-01-11T16:12:01Z,0,0,UCDf9ymUxAYT5uwnhiZB94Ag,@HamidAW,Billie Eilish - THE GREATEST (Live from Apple Music's Artist of the Year 2024),Billie Eilish live performance,2026-05-02 05:30:40
Ugx8ChPZmfXnW8ZoNbB4AaABAg,rATtPCVsDtk,I be edging to billie,2025-04-26T04:44:10Z,0,0,UCD4c6URoWtc5Tpdj03rWRIQ,@karinahernandez1442,Billie Eilish - THE GREATEST (Live from Apple Music's Artist of the Year 2024),Billie Eilish live performance,2026-05-02 05:30:40
UgwAdmkvz3DY5bgBwUd4AaABAg,rATtPCVsDtk,I love you Billie you are awesome...a😊,2025-01-25T03:32:23Z,1,0,UCw-FutVnXBtCp-s52f2Ee8Q,@DeniseWilliams-t1x,Billie Eilish - THE GREATEST (Live from Apple Music's Artist of the Year 2024),Billie Eilish live performance,2026-05-02 05:30:40
Ugz4tfVN6_So3k4rbYJ4AaABAg,rATtPCVsDtk,Always sublime &amp; forever,2025-02-10T16:54:25Z,2,0,UCM3d35vH_JUbjreE-MhBuNA,@Lily-xb3nr,Billie Eilish - THE GREATEST (Live from Apple Music's Artist of the Year 2024),Billie Eilish live performance,2026-05-02 05:30:40
UgzI9U0Sz740QSEqQol4AaABAg,rATtPCVsDtk,The album has many good songs but this one&#39;s my favorite,2025-07-14T06:16:17Z,0,0,UCGFv_OKcXUzzd-peTxIpfCQ,@LeonardoAero,Billie Eilish - THE GREATEST (Live from Apple Music's Artist of the Year 2024),Billie Eilish live performance,2026-05-02 05:30:40
UgyMyaFLrCWKM9QLfCp4AaABAg,rATtPCVsDtk,te amo,2025-01-06T07:13:02Z,0,0,UCU8Mp8fMYBFpV1hzT-Tf6tw,@julilestrade,Billie Eilish - THE GREATEST (Live from Apple Music's Artist of the Year 2024),Billie Eilish live performance,2026-05-02 05:30:40
Ugz3ICJOlSehTNXXeV94AaABAg,rATtPCVsDtk,Bella.,2024-12-25T02:29:36Z,0,0,UC-ciaLPzcGk76y3LztHCHhw,@aptkan,Billie Eilish - THE GREATEST (Live from Apple Music's Artist of the Year 2024),Billie Eilish live performance,2026-05-02 05:30:40
UgwfuK8qZWg4Vx9o9Yx4AaABAg,rATtPCVsDtk,Billie eilish is best 💓💓💓💓💓😭💓💓😊😊😊🌟🌟🎖🎖🏆🏆♥️♥️🎆🎇✨,2025-01-05T18:19:25Z,0,0,UCY9n15wGhy2GxNEioi83uCQ,@hadjerladjimi4144,Billie Eilish - THE GREATEST (Live from Apple Music's Artist of the Year 2024),Billie Eilish live performance,2026-05-02 05:30:40
Ugyp7pvTm5xOedPbHv14AaABAg,rATtPCVsDtk,You are the best singer in the world. And my best friend,2025-02-05T03:59:24Z,0,0,UCQGHTJ4VPK2LdbVCH_TfNxA,@dianenoe5560,Billie Eilish - THE GREATEST (Live from Apple Music's Artist of the Year 2024),Billie Eilish live performance,2026-05-02 05:30:40
Ugw9K8uCOQwC0W7zb394AaABAg,rATtPCVsDtk,My goodness😱😱 You young people are super deep!! 🥰🥰👃✌️🇨🇦,2025-01-04T07:58:17Z,1,0,UC1z2z8RMBVQNxkUG0JwTdPg,@galeparker1067,Billie Eilish - THE GREATEST (Live from Apple Music's Artist of the Year 2024),Billie Eilish live performance,2026-05-02 05:30:40
UgzkldhBzwYbIOPt2tp4AaABAg,rATtPCVsDtk,i feel like this song,2025-04-16T00:17:13Z,0,0,UCgUJcD61ebgJ-aUNvNyeeKQ,@rileyswife,Billie Eilish - THE GREATEST (Live from Apple Music's Artist of the Year 2024),Billie Eilish live performance,2026-05-02 05:30:40
Ugx2_NJAfV4S0hurX7N4AaABAg,rATtPCVsDtk,"This is great, no one sings after you 🥹🧿✨🤍",2024-12-20T11:47:11Z,2,0,UCcqjhTdolpNXt2GL52_-fXg,@Mimi-x1g2l,Billie Eilish - THE GREATEST (Live from Apple Music's Artist of the Year 2024),Billie Eilish live performance,2026-05-02 05:30:40
UgwOrgeYOY0LKjq1j4F4AaABAg,rATtPCVsDtk,what a talented family &lt;3,2025-08-13T22:08:19Z,0,0,UCcK42N7OWcOROqS4AMz2jmw,@91karol,Billie Eilish - THE GREATEST (Live from Apple Music's Artist of the Year 2024),Billie Eilish live performance,2026-05-02 05:30:40
Ugw2bYDhvL2WYqzOndh4AaABAg,rATtPCVsDtk,"AYEEEEE THE HARMONY FROM FINNEAS WHEN HE DID GaVe YoU,😩😩😩 LISTENNNNNN HE DESERVES SO MUCH MORE RECOGNITON !!!!!!",2025-04-04T07:05:44Z,1,0,UC10ow85Kg8tvxprHHkCU2YQ,@amarisgonzales9686,Billie Eilish - THE GREATEST (Live from Apple Music's Artist of the Year 2024),Billie Eilish live performance,2026-05-02 05:30:40
UgzOI7aR6tzT5j3SKRB4AaABAg,rATtPCVsDtk,Your the greatest I love you Billie 🫶🏻🫶🏻🇯🇲,2025-01-10T01:17:09Z,1,0,UCn7NOKkkW6hjLQJ_oScCpyA,@Glenford-rn2ou,Billie Eilish - THE GREATEST (Live from Apple Music's Artist of the Year 2024),Billie Eilish live performance,2026-05-02 05:30:40
UgwqYrwRaiIV-NRINEN4AaABAg,210Uq0WmBDI,randomly dropping this on your account after it being out for almost a year is so real,2025-09-18T23:25:59Z,9227,44,UCQgDvG1FHd-q71ZvAn3ElZA,@stateofgraceetv,Billie Eilish - WILDFLOWER (COLORS Performance),Billie Eilish live performance,2026-05-02 05:30:42
UgzAj5PaXFAjPps6nNd4AaABAg,210Uq0WmBDI,how can a song be so hurtful and so BEAUTIFUL at the same time,2025-09-18T20:22:01Z,6325,55,UCRtjGinwOsKd9h7R8Cr6dDA,@zeynepdd7,Billie Eilish - WILDFLOWER (COLORS Performance),Billie Eilish live performance,2026-05-02 05:30:42
UgyMxIc9aeP2F77aLV54AaABAg,210Uq0WmBDI,Congratulations on the Grammy,2026-02-02T04:37:07Z,944,23,UCz9I4oJfhye2yCSOOHyoSkQ,@truenorthdirections,Billie Eilish - WILDFLOWER (COLORS Performance),Billie Eilish live performance,2026-05-02 05:30:42
UgxhkMBvXvEeeEDj5td4AaABAg,210Uq0WmBDI,Anyone who listens this masterpiece in 2026?,2026-01-01T06:29:59Z,447,8,UCq3I63lnKbZDqmaHaZQloqg,@ldcc4860,Billie Eilish - WILDFLOWER (COLORS Performance),Billie Eilish live performance,2026-05-02 05:30:42
UgxVrGJHK6mX4Fld6z94AaABAg,210Uq0WmBDI,This song touches my soul every single time.,2025-09-18T20:02:55Z,1366,16,UClsx1LC-CFZfbP16IvKQn8A,@lllaayyyaann,Billie Eilish - WILDFLOWER (COLORS Performance),Billie Eilish live performance,2026-05-02 05:30:42
UgwVeCK9rROxHpVYIDN4AaABAg,210Uq0WmBDI,"imagine just casually chilling with your hands in your pockets and serving VOCALS, RUNS, RIFFS, T A L E N T. jesus christ, her &amp; her voice just take me places i’ve never been before and i love that so much",2025-09-18T21:53:55Z,3068,50,UC9iTiG3pyqDvb-tmCY5-kbQ,@ytkala23,Billie Eilish - WILDFLOWER (COLORS Performance),Billie Eilish live performance,2026-05-02 05:30:42
UgyqlBitsh1FhvSvoTR4AaABAg,210Uq0WmBDI,her vocals have improved so much over time she’s a great singer,2025-09-18T20:00:43Z,267,8,UCBYLaGSDXVFAURaHDF-OTHg,@jeannescomet,Billie Eilish - WILDFLOWER (COLORS Performance),Billie Eilish live performance,2026-05-02 05:30:42
Ugx0QQqIQzhxf42wqmt4AaABAg,210Uq0WmBDI,I love Billie Eilish anyone love her?,2026-05-02T04:35:26Z,0,0,UCVshQUHiOyO9lKHO76eLbkQ,@GracieBueno-z9f,Billie Eilish - WILDFLOWER (COLORS Performance),Billie Eilish live performance,2026-05-02 05:30:42
UgwbLEnPAVBCjkRKe5V4AaABAg,210Uq0WmBDI,i can‘t get over how beautiful billies voice is,2025-09-18T20:01:15Z,119,0,UCO-PN34Z9oYck8q3RjcwqVw,@tth0ughts,Billie Eilish - WILDFLOWER (COLORS Performance),Billie Eilish live performance,2026-05-02 05:30:42
UgzIq0Eg_vqGvG3eqv94AaABAg,210Uq0WmBDI,"Wildflower it&#39;s so good, such a deep feeling, and your voice conveys exactly that feeling, I love you",2025-09-18T20:05:21Z,219,0,UCm-JApwPqgoSqa6ZXREpLYg,@Vick_Edits0,Billie Eilish - WILDFLOWER (COLORS Performance),Billie Eilish live performance,2026-05-02 05:30:42
UgxqcNTiLbdD-8lC__V4AaABAg,210Uq0WmBDI,"<a href=""https://www.youtube.com/watch?v=210Uq0WmBDI&amp;t=146"">2:26</a> I STARTED TO FLOAT 🔥",2025-09-18T20:14:39Z,491,3,UCf4b73A25OaxNlYrPNWUDlQ,@IloveSoukoku-22,Billie Eilish - WILDFLOWER (COLORS Performance),Billie Eilish live performance,2026-05-02 05:30:42
UgzbMq32vuvrPzcminp4AaABAg,210Uq0WmBDI,Billie Eilish is my favorite singer,2026-05-02T04:35:45Z,0,0,UCVshQUHiOyO9lKHO76eLbkQ,@GracieBueno-z9f,Billie Eilish - WILDFLOWER (COLORS Performance),Billie Eilish live performance,2026-05-02 05:30:42
Ugwul2MPy7-49zlE28d4AaABAg,210Uq0WmBDI,her vocals are insane🔥,2025-09-18T20:01:58Z,291,1,UCFk9LJDbUUezkBFpGYx3w7A,@afkbirdie,Billie Eilish - WILDFLOWER (COLORS Performance),Billie Eilish live performance,2026-05-02 05:30:42
UgwJo8QVMl_FBtiujY14AaABAg,210Uq0WmBDI,Billie&#39;s ability to inspire us with her angelic voice is a talent,2025-09-18T20:02:01Z,99,7,UClFDTPiMwDQpppSO-gnkFAQ,@HeisenbergFam,Billie Eilish - WILDFLOWER (COLORS Performance),Billie Eilish live performance,2026-05-02 05:30:42
UgxM_0wPWY4TfdMa_oR4AaABAg,210Uq0WmBDI,her voice is so ethereal and heavenly,2025-09-18T20:03:08Z,104,0,UCh3VKM9qaMcFWvqaoqbMnkw,@GalaxyDeer,Billie Eilish - WILDFLOWER (COLORS Performance),Billie Eilish live performance,2026-05-02 05:30:42
UgwopTEk9o8Ys3XRXTd4AaABAg,210Uq0WmBDI,if this doesn’t win a grammy this year imma cry,2025-11-08T11:10:45Z,383,11,UCEfyeepNNE7N7sdpzlvHjNg,@kaumbekanntt,Billie Eilish - WILDFLOWER (COLORS Performance),Billie Eilish live performance,2026-05-02 05:30:42
UgyeWjSM-hzK9lBsrqN4AaABAg,210Uq0WmBDI,"Some songs you hear, and some songs you feel. Wildflower is definitely the second",2025-09-18T20:07:03Z,83,0,UCUBMLUekhkN_IoaS7c_IAtQ,@wassimkingstars2810,Billie Eilish - WILDFLOWER (COLORS Performance),Billie Eilish live performance,2026-05-02 05:30:42
Ugx5gmXItzUacPnjuMR4AaABAg,210Uq0WmBDI,"<a href=""https://www.youtube.com/watch?v=210Uq0WmBDI&amp;t=15"">0:15</a> &quot;things fall apart and time breaks your heart&quot;",2025-09-18T20:03:24Z,727,36,UCpBTV3RMyau1gQNCCvpZaKw,@mosharraine,Billie Eilish - WILDFLOWER (COLORS Performance),Billie Eilish live performance,2026-05-02 05:30:42
UgzcCvljT82ufAw7zgZ4AaABAg,210Uq0WmBDI,"SHE&#39;S AN ICON, SHE&#39;S A LEGEND AND SHE IS THE MOMENT",2025-09-18T20:02:36Z,162,2,UCklkt1bGwrZR-R_zJNpMLaQ,@måneskinedits,Billie Eilish - WILDFLOWER (COLORS Performance),Billie Eilish live performance,2026-05-02 05:30:42
UgwsxdIG7zc7-g3U2bB4AaABAg,210Uq0WmBDI,SHE&#39;S GONNA WIN THE GRAMMY GUYS TRUST!!!! 🙏🏻🏆,2026-02-01T18:28:44Z,86,1,UCv4u0pm5OmYza_ZM-2rpMyw,@PokemonGamerClan,Billie Eilish - WILDFLOWER (COLORS Performance),Billie Eilish live performance,2026-05-02 05:30:42
UgwioGRAjoQVzrki59Z4AaABAg,210Uq0WmBDI,"Billie,  I&#39;m Nada , from Gaza...<br>Thank you for standing with us ....<br>U&#39;ve made my entire week❤❤",2025-09-19T09:44:21Z,290,18,UCn85hbdiXy4_Dwd26WYqudw,@LifewithNADA.48,Billie Eilish - WILDFLOWER (COLORS Performance),Billie Eilish live performance,2026-05-02 05:30:42
UgzMmNhp34PWQYhr7wt4AaABAg,210Uq0WmBDI,"Wildflower is definitely one of her best songs yet. The vocals to the lyrics, this song gives me a massive amount of comfort. 💙",2025-09-18T20:11:58Z,254,1,UCda-mdjHE360-_mSsM3pXIA,@LiviaLaMonica,Billie Eilish - WILDFLOWER (COLORS Performance),Billie Eilish live performance,2026-05-02 05:30:42
Ugzv7rxxRUnZbGJusmB4AaABAg,210Uq0WmBDI,"Imagine being fourteen the start of making music then years later becoming one of the greatest music artist of all time , so proud of you Billie🥹🫶🏼🫶🏼",2025-09-18T22:36:46Z,462,3,UCiTevM0CZaySlhbtuDw7yYw,@gisellexx2,Billie Eilish - WILDFLOWER (COLORS Performance),Billie Eilish live performance,2026-05-02 05:30:42
UgxMUds8NXjQLVJAuXt4AaABAg,210Uq0WmBDI,Y&#39;ALL SHE WIN THE GRAMMY,2026-02-02T07:35:44Z,66,4,UCFs378ziDp5q-hmt1O88GdA,@marsyaaxars,Billie Eilish - WILDFLOWER (COLORS Performance),Billie Eilish live performance,2026-05-02 05:30:42
UgxO2-xKtzACoBbt0CZ4AaABAg,210Uq0WmBDI,"THE VOCALS <a href=""https://www.youtube.com/watch?v=210Uq0WmBDI&amp;t=195"">3:15</a>",2025-09-18T20:15:29Z,655,7,UCnXQqPz8-JHTplTcs05q2OQ,@bella18_be,Billie Eilish - WILDFLOWER (COLORS Performance),Billie Eilish live performance,2026-05-02 05:30:42
UgyssQ20brM4vvAk9Hd4AaABAg,210Uq0WmBDI,"Am I having Deja vu or something? I’m so glad she’s back. It’s so crazy to hear her voice from when she was a newly 16 year old at the time of appearing on ‘COLORS’ for the first time to when she returned at 22 years of age. Like Gurllll, if this Billie could tell that Billie that she would win 9 Grammys, 2 Oscar’s, 2 golden globes, 8 VMAS, 9 AMAS, become the number 1 artist on Spotify, having all of her favorite artists fan girl/boy over her, 14 Spotify Billion Plaques, dominating the world with her music, and still touching the hearts of many years later. She would piss her pants. I’m so proud of her and how far she came. Congratulations Billie👏🏽👏🏽❤️",2025-09-18T20:35:23Z,1021,7,UCe0k8A9vzMkYb33ezAZ9cNQ,@andrew.ramdat,Billie Eilish - WILDFLOWER (COLORS Performance),Billie Eilish live performance,2026-05-02 05:30:42
UgwIzMKKoDUSXtrkMi94AaABAg,210Uq0WmBDI,LOVE YOU BILLIE,2025-09-18T20:00:31Z,131,0,UCzktYoSqfSAHTKFRBeU7wNg,@emmilymtz,Billie Eilish - WILDFLOWER (COLORS Performance),Billie Eilish live performance,2026-05-02 05:30:42
UgxlLaT59pBmMUbxT2V4AaABAg,210Uq0WmBDI,Just found out about this girl donating 11.5 MILLION DOLLARS from her tour to charity and calling our billionares to mark zuckerburgs face at an algorithm. Gained a fan for life right here.,2025-10-31T22:04:55Z,154,11,UCfC3ZKhZOTuv_7WJwxKdiCw,@eve_deeee5,Billie Eilish - WILDFLOWER (COLORS Performance),Billie Eilish live performance,2026-05-02 05:30:42
UgzOWNVBuSSMlnW-BNd4AaABAg,210Uq0WmBDI,Holy shit I realized this is live.... she truly is amazing.,2025-09-21T21:26:39Z,117,0,UCoiOnXv81FX6vQsjtGWjzwQ,@sanicheylautner23,Billie Eilish - WILDFLOWER (COLORS Performance),Billie Eilish live performance,2026-05-02 05:30:42
UgyjKrY-YWK5XiJsjv54AaABAg,210Uq0WmBDI,she is SUCH a good singer.. her vocal tone is so beautiful 💗,2025-09-18T20:01:26Z,152,3,UC8FmPuZLlPi0IrH6hMPfyVg,@elle_et_dani,Billie Eilish - WILDFLOWER (COLORS Performance),Billie Eilish live performance,2026-05-02 05:30:42
UgyNUzIeB46EXFExRCh4AaABAg,210Uq0WmBDI,"This song makes me cry because every time I hear it I remember relationships with emotional burdens that are too heavy and difficult to bear. Seeing Billie singing with all the emotion in her soul calms me down, and it also makes me cry, tears of hope and resilience, that&#39;s what Wildflower portrays.",2025-09-18T20:07:23Z,283,1,UCmhI1bzKiyeZ9Yomh8RyPww,@cauaxj,Billie Eilish - WILDFLOWER (COLORS Performance),Billie Eilish live performance,2026-05-02 05:30:42
UgyHosUK8eETizih6e94AaABAg,210Uq0WmBDI,Guys today she will win 🎉,2026-02-01T11:11:21Z,166,17,UCYo7w1kj1J08FQgEdMGNuVA,@MR_FIX-10,Billie Eilish - WILDFLOWER (COLORS Performance),Billie Eilish live performance,2026-05-02 05:30:42
Ugw1N_e13vZg753Pv5t4AaABAg,210Uq0WmBDI,"Oh, Wildflower is definitely getting that nomination for Best Pop Vocal Performance<br><br>Edit: Wildflower was nominated in the Record Of The Year &amp; Song Of The Year categories. Congratulations Billie.",2025-09-20T09:53:26Z,892,13,UCyPWQboHEjlPjumcne783tA,@krombapulas_michael,Billie Eilish - WILDFLOWER (COLORS Performance),Billie Eilish live performance,2026-05-02 05:30:42
UgzyR86Fu_nf4dxcWx94AaABAg,210Uq0WmBDI,"<a href=""https://www.youtube.com/watch?v=210Uq0WmBDI&amp;t=146"">2:26</a> has us ascending",2025-09-22T19:30:27Z,502,12,UCBR8-60-B28hp2BmDPdntcQ,@YouTube,Billie Eilish - WILDFLOWER (COLORS Performance),Billie Eilish live performance,2026-05-02 05:30:42
UgxBKgz9VooODleMnM54AaABAg,210Uq0WmBDI,"<a href=""https://www.youtube.com/watch?v=210Uq0WmBDI&amp;t=180"">3:00</a> I found Heaven",2025-09-18T20:05:03Z,120,3,UCZjLuNGZArTd_fPGltzyIQg,@nikulainenmila,Billie Eilish - WILDFLOWER (COLORS Performance),Billie Eilish live performance,2026-05-02 05:30:42
UgzP60EDuRv7tRfgwFB4AaABAg,210Uq0WmBDI,Billie you won a Grammy 🥹❤️,2026-02-02T05:47:25Z,40,0,UCwqSVUryqMN9ZRqlIqdilDg,@fabioaraujo1990,Billie Eilish - WILDFLOWER (COLORS Performance),Billie Eilish live performance,2026-05-02 05:30:42
UgzyCaa0RbLqVqyqcUN4AaABAg,210Uq0WmBDI,"<a href=""https://www.youtube.com/watch?v=210Uq0WmBDI&amp;t=124"">2:04</a>  i’m singing with u billie",2025-09-18T20:05:12Z,168,5,UCGZ2e_kktsd84jDYeGPY1Dg,@AnastasiaFeliciti,Billie Eilish - WILDFLOWER (COLORS Performance),Billie Eilish live performance,2026-05-02 05:30:42
UgxKABiiGP7czXCJ3P54AaABAg,210Uq0WmBDI,It’s iconic how she came back to the very platform that featured her and introduced her to many people in the beginning after all these years,2025-09-18T23:23:37Z,76,0,UCbjfLzal2PV4DwmE2mKODxA,@amiiae,Billie Eilish - WILDFLOWER (COLORS Performance),Billie Eilish live performance,2026-05-02 05:30:42
UgzRRO5HGtx_DzIKhyF4AaABAg,210Uq0WmBDI,"She&#39;s getting better everytime, but look how her voice was gorgeous since the beginning",2025-09-18T20:30:32Z,48,0,UCd3N2aslm_LZ_6fDO3HDJYQ,@mamiedubingo,Billie Eilish - WILDFLOWER (COLORS Performance),Billie Eilish live performance,2026-05-02 05:30:42
UgxNcEgoh_lG1kYELRN4AaABAg,210Uq0WmBDI,الاغنييهههه ادمااننن.. 🌷😞,2025-12-06T07:55:01Z,24,4,UCVboQutII0LvZTIcGL9CRHA,@fgfgth-j2x,Billie Eilish - WILDFLOWER (COLORS Performance),Billie Eilish live performance,2026-05-02 05:30:42
UgyfcUxX7LatnMCTBit4AaABAg,210Uq0WmBDI,BRO OMG THIS IS SO BREATHTAKING 🥹🫶🫶,2025-09-18T20:00:49Z,71,3,UCxphyjBVyHFLRf7BivogC7Q,@BerryBubble,Billie Eilish - WILDFLOWER (COLORS Performance),Billie Eilish live performance,2026-05-02 05:30:42
UgwZ7Z36x0xThjMvEDV4AaABAg,210Uq0WmBDI,I’m so proud of Billie for this album it really doesn’t get enough love❤,2025-09-18T20:02:53Z,164,3,UC1MeuaX_pxdj2wQbTtOgQrA,@RebeccWest,Billie Eilish - WILDFLOWER (COLORS Performance),Billie Eilish live performance,2026-05-02 05:30:42
Ugy8LDQwWOtqDi8pDr14AaABAg,210Uq0WmBDI,"<a href=""https://www.youtube.com/watch?v=210Uq0WmBDI&amp;t=22"">0:22</a> I love it already",2025-09-18T20:00:43Z,202,1,UCL41rvOPKEhD6Yspur19uHg,@ax._kira,Billie Eilish - WILDFLOWER (COLORS Performance),Billie Eilish live performance,2026-05-02 05:30:42
UgxIspziuUG5jcKoO_N4AaABAg,210Uq0WmBDI,ビリーさんの声にも癒されるし、どんな洋服でも似合うと思っていて、かっこいいです❤🙏とっても良い歌や曲をありがとうございます😊🙏,2025-11-21T06:30:28Z,23,0,UCpwgS7a76vHVIX4ywle8RdQ,@satoehon,Billie Eilish - WILDFLOWER (COLORS Performance),Billie Eilish live performance,2026-05-02 05:30:42
UgyJIbzB0-ABRaMChn14AaABAg,210Uq0WmBDI,"<a href=""https://www.youtube.com/watch?v=210Uq0WmBDI&amp;t=202"">3:22</a> The raspy voice",2025-09-18T21:09:15Z,64,0,UCdcNmt4t6rduq7nAPPkcCyQ,@marias3710,Billie Eilish - WILDFLOWER (COLORS Performance),Billie Eilish live performance,2026-05-02 05:30:42
UgyJe06SDDsy0H5gyzp4AaABAg,210Uq0WmBDI,Billie is too good to not win the Grammy award,2025-09-18T20:14:55Z,21,0,UC4Ddh3lX-Tp62rruPEwZmkQ,@Reemasunshine,Billie Eilish - WILDFLOWER (COLORS Performance),Billie Eilish live performance,2026-05-02 05:30:42
UgwE4SzgmYH7W2jZ99h4AaABAg,210Uq0WmBDI,It&#39;s been a long time since this song and I keep looking at it in the back of my mind.,2025-09-18T20:03:59Z,111,0,UCsLnAvNBaATxm7sSEeUr6OA,@ilookinhereyes.mp3,Billie Eilish - WILDFLOWER (COLORS Performance),Billie Eilish live performance,2026-05-02 05:30:42
UgwXS4W6zENCwt-uz8F4AaABAg,210Uq0WmBDI,Wow. One of the greatest talents alive right now. Beautifully emotional song.,2025-11-05T02:52:59Z,30,0,UCQHPCnHNpNaiWJAjs6ETBeg,@phoebedawn6450,Billie Eilish - WILDFLOWER (COLORS Performance),Billie Eilish live performance,2026-05-02 05:30:42
UgxEHlb6N2cdGD2Br-d4AaABAg,210Uq0WmBDI,I LOVE HER SO MUCH IM GONNA CRY,2025-09-18T20:01:02Z,53,0,UCf7ta9m80AALHpMih7GMYfw,@imjustzara,Billie Eilish - WILDFLOWER (COLORS Performance),Billie Eilish live performance,2026-05-02 05:30:42
UgxIqX75OraiQu53Aph4AaABAg,210Uq0WmBDI,her voice is INCREDIBLE i cant even put it in words,2025-09-18T20:11:55Z,38,0,UCejp5iDQR-rA_y0LfT4yfsw,@Variiiiiiiii,Billie Eilish - WILDFLOWER (COLORS Performance),Billie Eilish live performance,2026-05-02 05:30:42
UgybBIk5LtMBahOTS_d4AaABAg,210Uq0WmBDI,"<a href=""https://www.youtube.com/watch?v=210Uq0WmBDI&amp;t=168"">2:48</a> this part makes me wanna levitate",2025-09-18T20:02:23Z,119,0,UCjBW27fXw5zv193d0wHBLEA,@freshloveforthefitt,Billie Eilish - WILDFLOWER (COLORS Performance),Billie Eilish live performance,2026-05-02 05:30:42
Ugx-jVYxPZOHBT2Y2bV4AaABAg,210Uq0WmBDI,most surreal voice to ever exist in this day and age,2026-02-16T05:54:35Z,8,0,UChNES6Up-mISmT7I8mB-GlA,@ahlexiahuerta9931,Billie Eilish - WILDFLOWER (COLORS Performance),Billie Eilish live performance,2026-05-02 05:30:42
UgybRnysYcQTebZ3m0B4AaABAg,210Uq0WmBDI,"the vocals are actually insane, I can never get over how amazing her voice is 😍",2025-09-18T20:58:53Z,51,0,UCPpDakO3ArY_Wf-FxIsdlmA,@eilidhfarrel4894,Billie Eilish - WILDFLOWER (COLORS Performance),Billie Eilish live performance,2026-05-02 05:30:42
UgwAFr9jm3pWlTmC47Z4AaABAg,210Uq0WmBDI,full of inspiration,2025-09-18T20:01:04Z,25,0,UC1-YI5H6BufB5EQ2L76FoYQ,@医科学の鬼channel,Billie Eilish - WILDFLOWER (COLORS Performance),Billie Eilish live performance,2026-05-02 05:30:42
UgzrL7NrLZX_lKnJE5x4AaABAg,210Uq0WmBDI,"I swear, this song makes me cry 😭😭😭",2025-10-15T18:31:56Z,27,0,UC14r1i7oe4QZSAneK1KAvnQ,@FatmaIoio,Billie Eilish - WILDFLOWER (COLORS Performance),Billie Eilish live performance,2026-05-02 05:30:42
UgxHzzZWNmWSkelDzb14AaABAg,210Uq0WmBDI,Billie’s voice is so soothing and beautiful what a masterpiece of a human,2025-09-18T20:54:06Z,29,0,UCWh8q-YSLQ5sCHxEAKIPucQ,@AmraEilish,Billie Eilish - WILDFLOWER (COLORS Performance),Billie Eilish live performance,2026-05-02 05:30:42
Ugx1eHRN0EDXbM-uS7F4AaABAg,210Uq0WmBDI,"<a href=""https://www.youtube.com/watch?v=210Uq0WmBDI&amp;t=39"">0:39</a> my favorite part🥹",2025-09-18T20:14:57Z,130,8,UCAWRiY6wTxT3T3Uvfy44aKA,@3lol_iq,Billie Eilish - WILDFLOWER (COLORS Performance),Billie Eilish live performance,2026-05-02 05:30:42
Ugym0Jp3Wz30lCkAX9x4AaABAg,210Uq0WmBDI,"<a href=""https://www.youtube.com/watch?v=210Uq0WmBDI&amp;t=167"">2:47</a>  sinnnnnnnnnnngggg 💔",2025-09-18T20:15:15Z,62,0,UCKfBx1xIZf4pH9GZ80O9ULA,@JoruyJAM,Billie Eilish - WILDFLOWER (COLORS Performance),Billie Eilish live performance,2026-05-02 05:30:42
Ugw9WumxBQHGyJncL6N4AaABAg,210Uq0WmBDI,Every single time you guys like this I will come back and watch it<br>👇🏻💙,2026-03-25T20:50:38Z,7,0,UCHpz5kVIIT7Bhfkq1FcOeOA,@XSET_Daze,Billie Eilish - WILDFLOWER (COLORS Performance),Billie Eilish live performance,2026-05-02 05:30:42
UgxZOZkLuZNAfifeIcZ4AaABAg,210Uq0WmBDI,To be this young and talented is unbelievable🔥,2025-09-18T20:08:30Z,33,2,UCUztoAK99CSE1Hz5Qg1EZqQ,@Masonmacsurak29,Billie Eilish - WILDFLOWER (COLORS Performance),Billie Eilish live performance,2026-05-02 05:30:42
UgxVZXwbVmBWiz99UAl4AaABAg,210Uq0WmBDI,I love you billie ❤❤❤,2025-09-18T20:00:28Z,41,0,UCXuRNuFAO6z0b8UZlLCvZmA,@Mb18003,Billie Eilish - WILDFLOWER (COLORS Performance),Billie Eilish live performance,2026-05-02 05:30:42
UgxBrGY6ylY3pPwljHl4AaABAg,210Uq0WmBDI,i can’t believe how far she’s come i’m so incredibly proud,2025-09-18T20:07:52Z,21,1,UCHE5DFnE0BA5LmA3URQM6Mw,@reinequestrian,Billie Eilish - WILDFLOWER (COLORS Performance),Billie Eilish live performance,2026-05-02 05:30:42
UgxqBY3aV5PShybAqpB4AaABAg,210Uq0WmBDI,"2014: I Crying, <br>2026: I Still Crying,",2026-04-12T20:24:21Z,9,0,UC0iyu37HYBF-QQHpgYSD0Xw,@creaturesofsonaria-f7z,Billie Eilish - WILDFLOWER (COLORS Performance),Billie Eilish live performance,2026-05-02 05:30:42
Ugzz-dbSIzEcYpA0qX14AaABAg,210Uq0WmBDI,"she and her voice is a miracle. I can&#39;t handle thisss, single but everytime asking this I&#39;m feeling blue",2025-10-12T11:37:25Z,40,0,UCvUddGWwXbazVtwyhwgGJsA,@Anjisilva29,Billie Eilish - WILDFLOWER (COLORS Performance),Billie Eilish live performance,2026-05-02 05:30:42
UgyZslFVb8kpn20WcUJ4AaABAg,210Uq0WmBDI,"Word can&#39;t describe how much I love Billie and her music. I&#39;m a metalhead who mostly listens to metal and rock but Billie is my guilty pleasure.<br>I&#39;ve been a fan since literally you only had the audio of Ocean Eyes on your channel. A best friend of mine showed me that song and I instantly became a fan.<br>Unfortunately the girl who introduced me to your music took her own life not long after and your music will forever be special to me. My connection with Billie is something words can&#39;t describe. I really hope I get to meet you one day so I can share my story and how much you have helped me get through life since. Your music is so calming, and whenever I&#39;m stressing out, your music helps me relax like no one else has...<br>Thank you for being such a big and important part of my life and I can&#39;t wait for more music in the future ❤",2025-09-18T21:50:06Z,130,6,UCLzc15eQ1EBgiA0L70wNXEg,@TrayXCooper,Billie Eilish - WILDFLOWER (COLORS Performance),Billie Eilish live performance,2026-05-02 05:30:42
Ugydl7lC8opn6DERQJV4AaABAg,210Uq0WmBDI,"I love you Billie Eilish, you give us a lot and if something touches our hearts we love you Billie 🥀✨💞 <br>Especially this song that made us cry and touched our feelings 🌌🌬️✨",2025-09-18T20:01:07Z,62,1,UCC8X2JetVpMOjGVZxjTQJBQ,@AbdoTb-q8b4k,Billie Eilish - WILDFLOWER (COLORS Performance),Billie Eilish live performance,2026-05-02 05:30:42
UgxENMAfdtkC5l4c6_d4AaABAg,210Uq0WmBDI,i really want her to get that grammy she deserves it so much😭,2025-11-08T19:14:51Z,14,0,UCVcgcMFqNneyq97gQFA372g,@sen.ayri.trende.ben.ayrigarda,Billie Eilish - WILDFLOWER (COLORS Performance),Billie Eilish live performance,2026-05-02 05:30:42
UgwqO6IN8NqlHojIXBZ4AaABAg,210Uq0WmBDI,"Billie breaking my heart once again, but brightening my day, she is the best.💙",2025-09-18T21:01:25Z,40,0,UC2ivL6XnWzuaJ8HKUr7UC7g,@SoyD1noo,Billie Eilish - WILDFLOWER (COLORS Performance),Billie Eilish live performance,2026-05-02 05:30:42
Ugw63nn8_jfvGceHQi14AaABAg,210Uq0WmBDI,she’s so beautiful and her voice 🪽✨,2025-09-18T20:02:09Z,22,0,UCMlyDS86tXVCFfAxAWkOqKg,@ninonino8236,Billie Eilish - WILDFLOWER (COLORS Performance),Billie Eilish live performance,2026-05-02 05:30:42
Ugz8W6Y7JS4-tj5QQhN4AaABAg,210Uq0WmBDI,"<a href=""https://www.youtube.com/watch?v=210Uq0WmBDI&amp;t=185"">3:05</a> THE NOTES HELLO?🤭",2025-09-18T20:03:01Z,25,1,UCjBW27fXw5zv193d0wHBLEA,@freshloveforthefitt,Billie Eilish - WILDFLOWER (COLORS Performance),Billie Eilish live performance,2026-05-02 05:30:42
UgyygyK8jo-DgMHjlUh4AaABAg,210Uq0WmBDI,nice outfit,2026-03-04T20:22:11Z,8,0,UC5dWxiD7QaZKMeleUyciKxw,@jakoby3409,Billie Eilish - WILDFLOWER (COLORS Performance),Billie Eilish live performance,2026-05-02 05:30:42
UgylgHvce7VKxr81N294AaABAg,210Uq0WmBDI,Her vocals are insane,2025-09-18T20:03:12Z,27,0,UCfNZkQdCs215z7emz8n0uRA,@Wherearetheavocados-r8k,Billie Eilish - WILDFLOWER (COLORS Performance),Billie Eilish live performance,2026-05-02 05:30:42
UgyEwf7ZMf5bi8oXT0x4AaABAg,210Uq0WmBDI,"<a href=""https://www.youtube.com/watch?v=210Uq0WmBDI&amp;t=87"">1:27</a> YOUR VOICEEEE 😫😫😫",2025-09-18T20:34:13Z,30,1,UCxGiJBxicjAq2Bxxob4DDrg,@alexvloging8247,Billie Eilish - WILDFLOWER (COLORS Performance),Billie Eilish live performance,2026-05-02 05:30:42
UgwqFaF-EFx3OHgewKd4AaABAg,210Uq0WmBDI,I love billie eilish ❤❤❤❤❤,2025-09-18T20:01:07Z,26,0,UCqx0_eexbpx6pRZVnd6tBfw,@billieKinia7489,Billie Eilish - WILDFLOWER (COLORS Performance),Billie Eilish live performance,2026-05-02 05:30:42
UgzHLrNspYOnSSCeysV4AaABAg,210Uq0WmBDI,CONGRATULATIONS BILLIE ✨🥳,2026-02-02T03:37:41Z,15,0,UCMWfYPJpZJ5WxMjit1Gf6_A,@inmysoul_TLH,Billie Eilish - WILDFLOWER (COLORS Performance),Billie Eilish live performance,2026-05-02 05:30:42
UgyIeQbhFePZglitcIl4AaABAg,210Uq0WmBDI,She is perfect,2025-09-18T20:01:41Z,14,0,UCRmXz6qW43aiGTkVK-4MTTw,@jozefstar1930,Billie Eilish - WILDFLOWER (COLORS Performance),Billie Eilish live performance,2026-05-02 05:30:42
UgxH4JTvlOy3dpO8_X54AaABAg,210Uq0WmBDI,"OMG THAT OUTFIT IS SO UNEXPECTEDLY GORGEOUSSSSS, and this song makes me cry every time omg i love it her voice is literally like just.. AHH",2025-09-18T23:33:40Z,59,2,UCuYop7JMiTDvKDfEp7FfLWg,@justtsofii,Billie Eilish - WILDFLOWER (COLORS Performance),Billie Eilish live performance,2026-05-02 05:30:42
Ugw7L5Q_t7CLUOrrAaR4AaABAg,210Uq0WmBDI,BILLIE EILISH 🤍🤍🤍💋,2025-09-18T20:00:29Z,23,0,UChes0ZIVwYTkby9fVleHIaQ,@YlaraLokoLoko,Billie Eilish - WILDFLOWER (COLORS Performance),Billie Eilish live performance,2026-05-02 05:30:42
Ugye2En4HARBPSYdVsB4AaABAg,210Uq0WmBDI,This song cries me every time,2026-03-08T15:14:37Z,3,0,UClE7BNlqqNjHxMsvfrBWNow,@yng.ninjaWORLD,Billie Eilish - WILDFLOWER (COLORS Performance),Billie Eilish live performance,2026-05-02 05:30:42
UgwD6IbgMUTiNnVjiq94AaABAg,210Uq0WmBDI,ビリーの声ってやっぱり安定感がすごいし美しすぎる😭❤,2025-09-20T10:41:27Z,37,0,UCf9kCVskGS1uRu6q5X7PmQw,@Junrsh,Billie Eilish - WILDFLOWER (COLORS Performance),Billie Eilish live performance,2026-05-02 05:30:42
UgwZvRQ0SOthY6U85WR4AaABAg,210Uq0WmBDI,"<a href=""https://www.youtube.com/watch?v=210Uq0WmBDI&amp;t=138"">2:18</a>. Wow, that buildup is insane",2025-09-18T20:04:40Z,58,0,UCY0doAQG68zJTWpFEFADSpQ,@gayasfcklol,Billie Eilish - WILDFLOWER (COLORS Performance),Billie Eilish live performance,2026-05-02 05:30:42
UgyR-77TnViA6qqhDCt4AaABAg,210Uq0WmBDI,"Anyone here after seeing she just donated 11.5 million dollars to charities?! You are an amazing person, Billie, and you give me hope that your generation will fix this messed up world. Thank you ❤",2025-10-31T17:58:08Z,14,0,UChIBhG5KlzgSNUpmz5xp0YQ,@graybardgaming,Billie Eilish - WILDFLOWER (COLORS Performance),Billie Eilish live performance,2026-05-02 05:30:42
UgxFBghE2yN02LSmRaZ4AaABAg,210Uq0WmBDI,SHE WON SONG OF THE YEAR WILDFLOWER GRAMMYS 2026,2026-02-02T03:37:16Z,15,0,UCMWfYPJpZJ5WxMjit1Gf6_A,@inmysoul_TLH,Billie Eilish - WILDFLOWER (COLORS Performance),Billie Eilish live performance,2026-05-02 05:30:42
UgyD_1PXYE0HB_WhuKF4AaABAg,210Uq0WmBDI,Billieee,2025-09-18T20:00:29Z,12,0,UCd4qjakzXNRobq53Ia02ihA,@ErenEilish,Billie Eilish - WILDFLOWER (COLORS Performance),Billie Eilish live performance,2026-05-02 05:30:42
Ugzfwf4W2wNxgZzp5zZ4AaABAg,210Uq0WmBDI,"<a href=""https://www.youtube.com/watch?v=210Uq0WmBDI&amp;t=173"">2:53</a> DID I CROSS THE LINE?? I love that part",2025-09-18T20:28:08Z,41,0,UClXNaN3R1peEUPiiDdS9Hvg,@NazlyRodriguezNuñez-y9y,Billie Eilish - WILDFLOWER (COLORS Performance),Billie Eilish live performance,2026-05-02 05:30:42
UgwFzbW6w6ODt39aU-t4AaABAg,210Uq0WmBDI,omg she looks so beautiful 😔,2025-09-18T20:04:29Z,12,0,UC4RsjDQ07BaXKC8CNbRMIUg,@CHOSOSNUMBERONEFAN,Billie Eilish - WILDFLOWER (COLORS Performance),Billie Eilish live performance,2026-05-02 05:30:42
UgxHTH2suLHSNdewKC54AaABAg,210Uq0WmBDI,I love youuuu,2025-11-18T11:22:28Z,2,0,UCHlv1lNiRwTjFJiwnCsj05g,@barahMoh,Billie Eilish - WILDFLOWER (COLORS Performance),Billie Eilish live performance,2026-05-02 05:30:42
UgyVHLbo6GN1EoGAKnZ4AaABAg,210Uq0WmBDI,"This version is beautiful, but the Amazon version is beyond this world",2025-09-22T03:11:40Z,11,1,UC409flxzGVXdER_gmm6cJoA,@paine2631,Billie Eilish - WILDFLOWER (COLORS Performance),Billie Eilish live performance,2026-05-02 05:30:42
UgytSyfWonjX4RX52cd4AaABAg,210Uq0WmBDI,STILL CAN&#39;T MOVE ON FROM THIS PERFORMANCE 😭😭🥀,2025-09-18T20:03:20Z,12,0,UCOAf7Pr9L935JPTlJDAHK1g,@noone-2008hi,Billie Eilish - WILDFLOWER (COLORS Performance),Billie Eilish live performance,2026-05-02 05:30:42
UgxglEvC5S4P2V3SkBp4AaABAg,210Uq0WmBDI,"<a href=""https://www.youtube.com/watch?v=210Uq0WmBDI&amp;t=105"">1:45</a> OMG THIS IS EVERYTHING",2025-09-18T20:07:42Z,37,2,UCc3YGdxMUvqj9_9v971MMdw,@MIOKIOO,Billie Eilish - WILDFLOWER (COLORS Performance),Billie Eilish live performance,2026-05-02 05:30:42
UgwaOQu6tfPqLnw-W-94AaABAg,210Uq0WmBDI,the best ever,2026-05-01T16:45:00Z,0,0,UCMjQQg5XKweCDVV03k2wt5g,@erenjeager9733,Billie Eilish - WILDFLOWER (COLORS Performance),Billie Eilish live performance,2026-05-02 05:30:42
Ugzg0IeU4-fO-bW7_Dd4AaABAg,210Uq0WmBDI,LOVE YOUUUUUU SO MUCH ❤❤❤❤❤❤❤❤❤,2025-09-18T20:00:31Z,17,0,UCsw_kNCjGbQ897_eJojls7Q,@Dowgggy9117,Billie Eilish - WILDFLOWER (COLORS Performance),Billie Eilish live performance,2026-05-02 05:30:42
Ugxsx2QsaV5xu21K7j14AaABAg,210Uq0WmBDI,the fact that she sang the whole song while closing her eyes gives me more chills,2025-09-18T20:34:07Z,8,0,UCDYgaRemCYdHEmVm_nsgpkg,@BellahAnderson,Billie Eilish - WILDFLOWER (COLORS Performance),Billie Eilish live performance,2026-05-02 05:30:42
UgzGV53w5tFQxOcDrj14AaABAg,210Uq0WmBDI,"Things fall apart<br>And time breaks your heart<br>I wasn&#39;t there, but I know<br>She was your girl<br>You showed her the world<br>But fell out of love and you both let go<br><br>[Pre-Chorus]<br>She was cryin’ on my shoulder<br>All I could do was hold her<br>Only made us closer until July<br>Now, I know that you love me<br>You don&#39;t need to remind me<br>I should put it all behind me, shouldn&#39;t I?<br><br>[Chorus]<br>But I see her in the back of my mind all the time<br>Like a fever, like I’m burning alive, like a sign<br>Did I cross the line?<br><br>[Post-Chorus]<br>(Mm) Hmm<br><br>[Verse 2]<br>Well, good things don&#39;t last (Good things don&#39;t last)<br>And life moves so fast (Life moves so fast)<br>I&#39;d never ask who was better (I&#39;d never ask who was better)<br>&#39;Cause she couldn&#39;t be (Couldn&#39;t)<br>More different from me (Different)<br>Happy and free in leather (Happy)<br><br>[Pre-Chorus]<br>And I know that you love me (You love me)<br>You don’t need to remind me (Remind me)<br>Wanna put it all behind me, but baby<br><br>[Chorus]<br>I see her in the back of my mind (Back of my mind) all the time (All the time)<br>Feels like a fever (Like a fever), like I’m burning alive (Burning alive), like a sign<br>Did I cross the line?<br><br>[Bridge]<br>You say no one knows you so well (Oh)<br>But every time you touch me, I just wonder how she felt<br>Valentine&#39;s Day, cryin’ in the hotel<br>I know you didn&#39;t mean to hurt me, so I kept it to myself<br><br>[Chorus]<br>And I wonder<br>Do you see her in the back of your mind in my eyes?<br><br>[Outro]<br>You say no one knows you so well<br>But every time you touch me, I just wonder how she felt<br>Valentine&#39;s Day, cryin&#39; in the hotel<br>I know you didn’t mean to hurt me, so I kept it to myself",2025-11-06T14:33:23Z,14,0,UCnXRIM6DNon0MSNUS9UDHEg,@Nathawear,Billie Eilish - WILDFLOWER (COLORS Performance),Billie Eilish live performance,2026-05-02 05:30:42
UgzJHo6trWkWgrXZOSp4AaABAg,210Uq0WmBDI,"IM ON THE FLOOR <a href=""https://www.youtube.com/watch?v=210Uq0WmBDI&amp;t=156"">2:36</a>",2025-09-18T20:09:47Z,49,2,UC-vAtXudYSsAzSe8k_Ia_lg,@anaiahgreen,Billie Eilish - WILDFLOWER (COLORS Performance),Billie Eilish live performance,2026-05-02 05:30:42
Ugzt4e33QS42Y97GZWB4AaABAg,210Uq0WmBDI,"<a href=""https://www.youtube.com/watch?v=210Uq0WmBDI&amp;t=68"">1:08</a> the fit goes hard",2025-09-18T20:57:25Z,66,3,UCyOxO1DQ4j9n-oeppIWYjkQ,@sarah.luv18,Billie Eilish - WILDFLOWER (COLORS Performance),Billie Eilish live performance,2026-05-02 05:30:42
Ugzs9LYugIndVudcG014AaABAg,210Uq0WmBDI,"As an orchestra conductor who listens to a lot of different music, this is one of my favorite songs out there right now.",2025-09-18T20:14:33Z,23,0,UCZOR55c1CwvK5BdlRhVHRig,@howimettheopera,Billie Eilish - WILDFLOWER (COLORS Performance),Billie Eilish live performance,2026-05-02 05:30:42
UgzE0o1VFUJn7CLPscV4AaABAg,210Uq0WmBDI,this goes through you so hard. so hard.,2026-02-24T18:53:56Z,2,0,UC6Q5DSFnpfWVSwMFuGHHHwg,@Joegrafia,Billie Eilish - WILDFLOWER (COLORS Performance),Billie Eilish live performance,2026-05-02 05:30:42
UgwcK6CHUQZ-EMhscy94AaABAg,210Uq0WmBDI,BILLIE PLEASE THE OCEAN EYES TREND!!!!!!!!!,2025-09-26T22:06:06Z,7,0,UCjVGYV2dYAle6hLsKZhqkkA,@ArleyanaMergener,Billie Eilish - WILDFLOWER (COLORS Performance),Billie Eilish live performance,2026-05-02 05:30:42
UgyIGPi1GStjEMrmO1l4AaABAg,210Uq0WmBDI,I LOVE YOU,2025-09-18T20:00:27Z,8,0,UC9qixr_yIEcocp9Dy-lBKOg,@huwanxifr,Billie Eilish - WILDFLOWER (COLORS Performance),Billie Eilish live performance,2026-05-02 05:30:42
UgyrCtwElyEsOdLAYVx4AaABAg,210Uq0WmBDI,"Song of the year, truly. You deserve that Grammy Billie, this song is a masterpiece.",2026-03-30T13:30:59Z,6,0,UCh2xktTNz0MTUIp2pPssSDw,@huongle71,Billie Eilish - WILDFLOWER (COLORS Performance),Billie Eilish live performance,2026-05-02 05:30:42
UgxHjYGMI-7PEBJD92h4AaABAg,210Uq0WmBDI,I have never clicked so fast.,2025-09-18T20:00:36Z,4,0,UCDklBMDKzlU_0zlA-k7p_xA,@cyberblazefire,Billie Eilish - WILDFLOWER (COLORS Performance),Billie Eilish live performance,2026-05-02 05:30:42
UgygJW-ZXR0T6xGC19t4AaABAg,210Uq0WmBDI,"Я в захваті від цієї вже дорослої дівчинки,,просто слідкувала ,за тими моментами,коли починалося!дякую тобі,квіточко,за ті прекрасні моменти,які я відчуваю,коли тебе чую!Ти Неймовірна!!!Люблю дуже!!!ч",2026-01-03T22:45:40Z,4,0,UCra2Sn66A-C_4nZJF5pF4vg,@OksanaTihnya,Billie Eilish - WILDFLOWER (COLORS Performance),Billie Eilish live performance,2026-05-02 05:30:42
Ugx6iAxuEUW85B9UHdl4AaABAg,210Uq0WmBDI,<b>A message to the future generations:</b><br> <i>Don&#39;t let this song die.</i>,2025-09-25T01:34:47Z,4,0,UCSQjs6rTbxGbe5YmfiHNsUw,@Ozymandias-,Billie Eilish - WILDFLOWER (COLORS Performance),Billie Eilish live performance,2026-05-02 05:30:42
Ugyto3csqS6YQq-INMh4AaABAg,210Uq0WmBDI,"Things fall apart and time breaks your heart<br>I wasn&#39;t there, but I know<br>She was your girl, you showed her the world<br>You fell out of love, and you both let go<br>She was cryin&#39; on my shoulder<br>All I could do was hold her<br>Only made us closer until July<br>And I know that you love me<br>You don&#39;t need to remind me<br>I should put it all behind me, shouldn&#39;t I?<br>But I see her in the back of my mind<br>All the time<br>Like a fever, like I&#39;m burning alive<br>Like a sign<br>Did I cross the line?<br>Mm, hm<br>Well, good things don&#39;t last (good things don&#39;t last)<br>And life moves so fast (life moves so fast)<br>I&#39;d never ask who was better (I&#39;d never ask who was better)<br>&#39;Cause she couldn&#39;t be (she couldn&#39;t be)<br>More different from me (more different from me)<br>Happy and free (happy and free) in leather<br>And I know that you love me (you love me)<br>You don&#39;t need to remind me (remind me)<br>Wanna put it all behind me, but, baby<br>I see her in the back of my mind (back of my mind)<br>All the time (all the time)<br>Feels like a fever (like a fever), like I&#39;m burning alive (burning alive)<br>Like a sign<br>Did I cross the line?<br>You say no one knows you so well (so)<br>But every time you touch me, I just wonder how she felt<br>Valentine&#39;s Day, crying in the hotel<br>I know you didn&#39;t mean to hurt me, so I kept it to myself (oh)<br>And I wonder<br>Do you see her in the back of your mind?<br>In my eyes?<br>You say no one knows you so well<br>But every time you touch me, I just wonder how she felt<br>Valentine&#39;s Day, crying in the hotel<br>I know you didn&#39;t mean to hurt me, so I kept it to myself",2026-05-01T23:44:46Z,0,0,UCbhnuonxLLFRLWAUvz5Qvyw,@eroahchronicles4119,Billie Eilish - WILDFLOWER (COLORS Performance),Billie Eilish live performance,2026-05-02 05:30:42
Ugx7iAlB61BDappBEU94AaABAg,210Uq0WmBDI,"My fav of the album ❤❤❤ <a href=""https://www.youtube.com/watch?v=210Uq0WmBDI&amp;t=76"">1:16</a>",2025-09-18T20:03:07Z,34,1,UCCgAgad5atg7QfaUR5QUGIg,@LyneJoce,Billie Eilish - WILDFLOWER (COLORS Performance),Billie Eilish live performance,2026-05-02 05:30:42
UgyXqfVGnvDZSv2cQI14AaABAg,210Uq0WmBDI,So happy it got what it deserved,2026-02-20T03:58:22Z,6,0,UCCsXtROr6MeUwt1PvP_uDZg,@jamiestephenn,Billie Eilish - WILDFLOWER (COLORS Performance),Billie Eilish live performance,2026-05-02 05:30:42
UgwsyGLZoXXxWC906SF4AaABAg,210Uq0WmBDI,Her voice is literally the most beautiful voice in the whole whorld,2025-09-23T09:56:49Z,13,0,UC6lqpisbNsonFfN_0lGlvNg,@sepidehmahmoudzadeh7237,Billie Eilish - WILDFLOWER (COLORS Performance),Billie Eilish live performance,2026-05-02 05:30:42
UgwX6SimANbCASU_BBh4AaABAg,210Uq0WmBDI,this sounds so good,2025-11-05T21:31:56Z,2,0,UCa-LyVIfYf3LBKSXp5mowiA,@Healthe-Sphere,Billie Eilish - WILDFLOWER (COLORS Performance),Billie Eilish live performance,2026-05-02 05:30:42
UgzdSNn6Dn-75B_ZN_F4AaABAg,210Uq0WmBDI,"‏‪<a href=""https://www.youtube.com/watch?v=210Uq0WmBDI&amp;t=176"">2:56</a>‬‏ إن روحي تناجيها... وعينيا تسير إثر خطاها &quot;لم يشفني سواا املي ... انني يوما اراها 💎",2025-09-19T04:00:28Z,8,0,UCtQKX4ejxa-6DkR-nYv7Zrg,@AliEladrosy38,Billie Eilish - WILDFLOWER (COLORS Performance),Billie Eilish live performance,2026-05-02 05:30:42
UgyamCmCPliONmfOoiJ4AaABAg,210Uq0WmBDI,It&#39;s Not Wildflower It&#39;s Wildfire ❤‍🔥,2025-09-26T02:07:15Z,14,0,UCw1sPKhtKgJxEVemIUiE3nA,@AKA_Ra.C,Billie Eilish - WILDFLOWER (COLORS Performance),Billie Eilish live performance,2026-05-02 05:30:42
Ugx3DZFWZJFFzd6H0kd4AaABAg,210Uq0WmBDI,Um abraço do Brasil🇧🇷💛,2025-09-18T20:01:05Z,20,0,UCustMgojcwab_uW47oC7lww,@gabyaqui55,Billie Eilish - WILDFLOWER (COLORS Performance),Billie Eilish live performance,2026-05-02 05:30:42
UgzgTd2IKQed8Z0sgbd4AaABAg,210Uq0WmBDI,راح اترك تعليقي كل مره واحد يعجب بتعليقي ارجع اسمع الاغنيه,2025-12-04T08:49:51Z,1,0,UCh9atLgltH904g5MeV_14Hw,@اوزار-50,Billie Eilish - WILDFLOWER (COLORS Performance),Billie Eilish live performance,2026-05-02 05:30:42
UgxexLwgo3kgDQXrBjB4AaABAg,210Uq0WmBDI,peace of my heart,2025-11-30T19:45:08Z,3,0,UCShlmhMpp0SZTEmvUFvopgw,@yasin.p456,Billie Eilish - WILDFLOWER (COLORS Performance),Billie Eilish live performance,2026-05-02 05:30:42
UgwNh3T3CKDzB_lxoYV4AaABAg,210Uq0WmBDI,BILLIE I LOVE YOU ❤❤❤😭😭😭,2025-09-18T20:00:41Z,13,0,UCyOEyaCMmSGxecs82AT7bfg,@Sophia_Machias,Billie Eilish - WILDFLOWER (COLORS Performance),Billie Eilish live performance,2026-05-02 05:30:42
UgxSjBktcoMGp1XCrMp4AaABAg,210Uq0WmBDI,LOVE YOUUU,2025-09-18T20:00:35Z,16,0,UCPfeYbUTVhw7YOnOM7lh8wA,@makiferrel3708,Billie Eilish - WILDFLOWER (COLORS Performance),Billie Eilish live performance,2026-05-02 05:30:42
Ugwv7rW76r1VJxXQ4Mt4AaABAg,210Uq0WmBDI,Billie Eilish’s success story inspires me sm. I pray to be on the same song with her someday. It hasn’t been easy…,2025-11-03T00:50:19Z,11,0,UCk4pLnJSMuJRQwKburCSuvg,@YCBanksMusic,Billie Eilish - WILDFLOWER (COLORS Performance),Billie Eilish live performance,2026-05-02 05:30:42
UgzJNvJiIvUo05a0xrZ4AaABAg,210Uq0WmBDI,she literally feels every song while singing,2025-09-24T15:50:37Z,5,1,UCrGlLCuktWTLXB1ex0mUhnQ,@rikidusk,Billie Eilish - WILDFLOWER (COLORS Performance),Billie Eilish live performance,2026-05-02 05:30:42
Ugx3fVXeQfeAYj7xXa14AaABAg,210Uq0WmBDI,"I dare to say this is one the best songs she&#39;s done, lyrically and sonically. Love uuuu billieeee ❤️❤️❤️",2025-09-18T20:03:49Z,16,0,UCdUN-2vSBexAWWiMmxAqUwg,@Skinny1fan,Billie Eilish - WILDFLOWER (COLORS Performance),Billie Eilish live performance,2026-05-02 05:30:42
UgyQ24qxrcobaV_i_Sp4AaABAg,210Uq0WmBDI,❤,2025-11-09T19:57:59Z,1,0,UCZ_KeoRHX-_iCiJ5xdO6fBQ,@MohamedRiyad-l8d5i,Billie Eilish - WILDFLOWER (COLORS Performance),Billie Eilish live performance,2026-05-02 05:30:42
UgwzYRPZYjotthYWMGZ4AaABAg,210Uq0WmBDI,بيلي ايليش ❤❤❤❤,2025-09-26T18:05:47Z,7,0,UCkFyICVawef7BUA1u2VKmDA,@Retaj-88j,Billie Eilish - WILDFLOWER (COLORS Performance),Billie Eilish live performance,2026-05-02 05:30:42
UgyosFlR3-5A4ZSz2c14AaABAg,210Uq0WmBDI,i think even only one word can describe this: incredible. ❤️,2025-09-18T20:05:22Z,12,0,UCgsYOox17NQX6s8bL4XoKNA,@leticiaa.29,Billie Eilish - WILDFLOWER (COLORS Performance),Billie Eilish live performance,2026-05-02 05:30:42
UgxWXkKZ-aIEMWE-ODt4AaABAg,210Uq0WmBDI,So emotional 😊,2025-12-01T10:24:39Z,4,0,UCm3P9a0lML27MAGQLzJWoiQ,@Stylecurec,Billie Eilish - WILDFLOWER (COLORS Performance),Billie Eilish live performance,2026-05-02 05:30:42
UgwAecZRSrbZ-_u3mPd4AaABAg,210Uq0WmBDI,This song hit different,2025-11-13T08:21:17Z,1,0,UCAkKqgF9TUDBPGgBjvbFJTw,@BenjaminAnsah-t7o,Billie Eilish - WILDFLOWER (COLORS Performance),Billie Eilish live performance,2026-05-02 05:30:42
Ugw1E7EjrrpzoTUXy6N4AaABAg,210Uq0WmBDI,SHE WON GUYSSSSS😢😢😢😢😢😢😢😢❤❤❤(thank you 7 likes😢),2026-04-11T17:35:50Z,11,0,UCvX3Lt6zBxdqq2w5NQuCgwA,@elsamendez4242,Billie Eilish - WILDFLOWER (COLORS Performance),Billie Eilish live performance,2026-05-02 05:30:42
UgzhtInSqhakj7BYlZZ4AaABAg,210Uq0WmBDI,"“Billie Eilish, the wildflower of my soul.” ❤️‍🩹🥹",2025-09-19T18:22:22Z,10,0,UC2DZyX_IP431j3Dbq2xxjlA,@beyzanurrrtekin,Billie Eilish - WILDFLOWER (COLORS Performance),Billie Eilish live performance,2026-05-02 05:30:42
UgxfNVjDjtjmYV-VvJF4AaABAg,210Uq0WmBDI,"I&#39;m one of those people who experience this song, this silent pain. It&#39;s like an impossible love, unfortunately. But we can&#39;t help but love someone. The heart is reason❤",2025-12-07T03:44:43Z,8,0,UC9DoTD6KBA6MPjBrAym9k2Q,@cptn_lulu,Billie Eilish - WILDFLOWER (COLORS Performance),Billie Eilish live performance,2026-05-02 05:30:42
Ugywx-_TywlKvtxGGIB4AaABAg,210Uq0WmBDI,"billie, if you can’t see i am clancy",2025-11-19T01:37:10Z,2,0,UCokFvhlEiqzm7L0J2mSXMag,@dj_ogre,Billie Eilish - WILDFLOWER (COLORS Performance),Billie Eilish live performance,2026-05-02 05:30:42
UgxMeH7aW4k07IrV9mV4AaABAg,210Uq0WmBDI,Ate,2025-09-18T20:00:21Z,9,0,UCmhI1bzKiyeZ9Yomh8RyPww,@cauaxj,Billie Eilish - WILDFLOWER (COLORS Performance),Billie Eilish live performance,2026-05-02 05:30:42
UgxAO7SZ8U_XhnF58eZ4AaABAg,210Uq0WmBDI,"<a href=""https://www.youtube.com/watch?v=210Uq0WmBDI&amp;t=92"">1:32</a> SHE&#39;S SAUR CUTE AND TINY I CAN&#39;T 😭🎀🤏🏻",2025-09-19T11:45:55Z,40,0,UCxRsKqo7mCkp77zW65bPY0g,@naaarrrraaa,Billie Eilish - WILDFLOWER (COLORS Performance),Billie Eilish live performance,2026-05-02 05:30:42
Ugxd15SdCwiiCT4Bf5N4AaABAg,210Uq0WmBDI,"Who here? Before 1 Million Views<br><a href=""https://www.youtube.com/watch?v=210Uq0WmBDI"">0:00</a>",2025-09-19T03:11:11Z,13,0,UCa3z2rTO8_H5lY2TlbhsT6Q,@SingKervens,Billie Eilish - WILDFLOWER (COLORS Performance),Billie Eilish live performance,2026-05-02 05:30:42
UgwBLw-Gm80Dye97srV4AaABAg,210Uq0WmBDI,things fall apart and time breaks your heart...,2025-11-19T21:12:43Z,1,0,UC0rsWNi639QUxralq5mMI-Q,@jhoesavage,Billie Eilish - WILDFLOWER (COLORS Performance),Billie Eilish live performance,2026-05-02 05:30:42
Ugwr9RVNKe8nOWOf8VN4AaABAg,210Uq0WmBDI,"Don’t listen alone, invite me too.",2026-02-07T01:31:33Z,3,0,UCg2BEWCkPwWsg8OoyFNnA9Q,@guvenogretmen,Billie Eilish - WILDFLOWER (COLORS Performance),Billie Eilish live performance,2026-05-02 05:30:42
UgwENIB-fIt_bfjDAld4AaABAg,210Uq0WmBDI,"Girl we&#39;ve been here since you were 17, what a milestone it has been❤",2025-09-18T20:27:24Z,12,0,UC_EOSCslI9G3UGTuOL2TDAA,@mphoricochet1017,Billie Eilish - WILDFLOWER (COLORS Performance),Billie Eilish live performance,2026-05-02 05:30:42
UgyVpk-n847cwCuxGfB4AaABAg,210Uq0WmBDI,His voice is really soothing💜,2025-09-18T20:01:12Z,12,0,UCOzqZSke7dd4jYs4JQ0rNcQ,@mnisyblex_bts16,Billie Eilish - WILDFLOWER (COLORS Performance),Billie Eilish live performance,2026-05-02 05:30:42
UgwhUSIHgiqrNiE3nSd4AaABAg,210Uq0WmBDI,🖤,2025-11-22T03:59:05Z,1,0,UCNVCLv3nTBgmGXZnoO4HNRQ,@Mohammed-71mk,Billie Eilish - WILDFLOWER (COLORS Performance),Billie Eilish live performance,2026-05-02 05:30:42
UgyTRzkWo0nkBi1wKJl4AaABAg,210Uq0WmBDI,How can people go to drugs when we have this beautiful songs 😮.,2025-12-29T17:19:04Z,3,0,UCg3rLTt-LmZrtCkWTo30bwQ,@SanJos-c3o,Billie Eilish - WILDFLOWER (COLORS Performance),Billie Eilish live performance,2026-05-02 05:30:42
Ugy5c3pqMB6jMGYGzx54AaABAg,210Uq0WmBDI,to hear her live again would be such a blessing,2025-10-01T19:22:08Z,4,0,UC5pxriBjgCjsj99C-0TpNYw,@nicolejames9518,Billie Eilish - WILDFLOWER (COLORS Performance),Billie Eilish live performance,2026-05-02 05:30:42
UgwzSZIeWhp7hN1shhd4AaABAg,210Uq0WmBDI,"WE LOVE YOU BILLIE, YOU ALWAYS KEEPING A LITTLE BIT OF EVERYONE OF US!!",2025-09-18T20:02:41Z,8,0,UC-lQL5ObMkmk265UPOyfltA,@fallinloveagainandagain,Billie Eilish - WILDFLOWER (COLORS Performance),Billie Eilish live performance,2026-05-02 05:30:42
Ugzz1KYmEuz8nw4kvP54AaABAg,210Uq0WmBDI,"<a href=""https://www.youtube.com/watch?v=210Uq0WmBDI&amp;t=148"">2:28</a> AHHH IM OBSESSED",2025-09-18T20:06:16Z,22,1,UCN8flNyRUygxyi40qZkH7Tg,@xdais.yysturn,Billie Eilish - WILDFLOWER (COLORS Performance),Billie Eilish live performance,2026-05-02 05:30:42
UgxRphxbxi1AWcNBSNd4AaABAg,210Uq0WmBDI,“things fall apart and time breaks your heart..”💔,2025-09-19T07:55:14Z,4,0,UC9qmycjCEt5vAT_oUNDMLAA,@gameplaywithSeva,Billie Eilish - WILDFLOWER (COLORS Performance),Billie Eilish live performance,2026-05-02 05:30:42
Ugx104eQcWAMvnSX-KN4AaABAg,210Uq0WmBDI,"I&#39;m 10 years old, and since I was 8 I&#39;ve loved Billie&#39;s songs. They are so beautiful, they make you feel like you&#39;re spinning... That you are free and that no one can do anything. I just... I love it. Even so, at my age... I can say that Billie&#39;s songs... are better than those in Spanish (I&#39;m Argentinian, translate this).",2025-10-29T05:42:36Z,21,3,UCMzcXqCYvQ9MaAY8DLDJpXw,@BorekaKaan,Billie Eilish - WILDFLOWER (COLORS Performance),Billie Eilish live performance,2026-05-02 05:30:42
UgxRVET3S31GWhrE3bx4AaABAg,210Uq0WmBDI,Such a queen,2026-01-27T19:41:03Z,2,0,UCNK3FYMHwT-epTyO9k4-IFw,@arianator4ever97,Billie Eilish - WILDFLOWER (COLORS Performance),Billie Eilish live performance,2026-05-02 05:30:42
UgzT8AWEGGqkWVwReBx4AaABAg,210Uq0WmBDI,"<a href=""https://www.youtube.com/watch?v=210Uq0WmBDI&amp;t=229"">3:49</a>  My favorite part",2025-09-18T20:06:57Z,21,1,UCVucqJLMHqKljduwLZgs2uQ,@isha_Jion,Billie Eilish - WILDFLOWER (COLORS Performance),Billie Eilish live performance,2026-05-02 05:30:42
UgzdniBZO8-SRPdE6fZ4AaABAg,210Uq0WmBDI,AHHH BILREE,2025-09-18T20:00:43Z,5,0,UCS7Ml5bN-HrrRy5G46B6wUg,@lilyhughes5901,Billie Eilish - WILDFLOWER (COLORS Performance),Billie Eilish live performance,2026-05-02 05:30:42
UgxYAbr-eVsn3UQo79l4AaABAg,210Uq0WmBDI,𝐆𝐀 𝐑𝐔 𝐃𝐀 𝐇𝐎 𝐊𝐥..Terpopuler masakini,2025-09-20T06:43:32Z,133,0,UC0j36eiKOQahJ3JqzmHyeuw,@KamleshSinghssssssssss,Billie Eilish - WILDFLOWER (COLORS Performance),Billie Eilish live performance,2026-05-02 05:30:42
Ugy2t9dz2wdG59lqjC94AaABAg,210Uq0WmBDI,My fav song and singer 💓🤧,2025-09-26T17:53:40Z,8,0,UCKfBx1xIZf4pH9GZ80O9ULA,@JoruyJAM,Billie Eilish - WILDFLOWER (COLORS Performance),Billie Eilish live performance,2026-05-02 05:30:42
Ugwi_pxs6J7Anuj2HmN4AaABAg,210Uq0WmBDI,"The feeling of the first time never passes, you are incredible, I love you always. ❤",2025-09-18T20:05:42Z,10,0,UCwbOiBWLUHKdLleEo34m7ew,@DayyyBrzz,Billie Eilish - WILDFLOWER (COLORS Performance),Billie Eilish live performance,2026-05-02 05:30:42
Ugz8knTiXtp4bqfEdp14AaABAg,210Uq0WmBDI,Quien aqui despues deque ganase el grammy?❤,2026-02-02T04:01:36Z,8,0,UCJmkhSl4tX6PkdzKO-ff3JA,@luisalbertopazvergara8721,Billie Eilish - WILDFLOWER (COLORS Performance),Billie Eilish live performance,2026-05-02 05:30:42
UgwOjgyuOO0iuHCGzqF4AaABAg,210Uq0WmBDI,❤shes so beautiful,2025-12-03T05:57:25Z,4,0,UC7NkYcx9jpDZOjHDsify86w,@cyvhjjg,Billie Eilish - WILDFLOWER (COLORS Performance),Billie Eilish live performance,2026-05-02 05:30:42
Ugy3Kqvo6YAmMJzKnbd4AaABAg,210Uq0WmBDI,Nice song classic vibe,2026-02-02T00:07:29Z,3,0,UClvbEaQsLeAi7zHJA7hWS7Q,@onebyonew,Billie Eilish - WILDFLOWER (COLORS Performance),Billie Eilish live performance,2026-05-02 05:30:42
UgwA-WbCqLLk-oci0lV4AaABAg,210Uq0WmBDI,My Favourite Song ever...One of the best songs ever written and produced...love you billie and finneas❤🎉,2025-09-18T20:01:22Z,14,0,UCyqY2WA9GpFhRjh7V0h7UWA,@AnurananDutta,Billie Eilish - WILDFLOWER (COLORS Performance),Billie Eilish live performance,2026-05-02 05:30:42
UgyG2tPYD9v87zJVPfl4AaABAg,210Uq0WmBDI,Core memory unlocked😢,2026-02-17T08:40:29Z,2,0,UC6NjMcaJFRPxYxUafW6Fs3w,@amaraiyapen3639,Billie Eilish - WILDFLOWER (COLORS Performance),Billie Eilish live performance,2026-05-02 05:30:42
UgxBU_9oS9V4QfyxuVp4AaABAg,210Uq0WmBDI,اغنيه ادمان 🥺😔,2026-01-21T10:04:59Z,4,0,UCcTw6rIg1Sn9_86Y-6XyxhQ,@zxjjs,Billie Eilish - WILDFLOWER (COLORS Performance),Billie Eilish live performance,2026-05-02 05:30:42
UgydfmbL-hubwQYBqUV4AaABAg,210Uq0WmBDI,her vocals always give me CHILLS !!,2025-10-12T05:36:50Z,6,0,UCMBOV4HLjBHQA22db35yeFw,@noseholekibi,Billie Eilish - WILDFLOWER (COLORS Performance),Billie Eilish live performance,2026-05-02 05:30:42
UgwUT7pPWjyzswsj4Xd4AaABAg,210Uq0WmBDI,"<a href=""https://www.youtube.com/watch?v=210Uq0WmBDI&amp;t=135"">2:15</a> voix toujours suave et détendue 😊😊❤😊😊",2025-09-18T21:11:53Z,10,0,UCpPR1KElGt_-2t8s6bJSRyA,@big4_9,Billie Eilish - WILDFLOWER (COLORS Performance),Billie Eilish live performance,2026-05-02 05:30:42
UgxZnWsZVAdZTL2FTAJ4AaABAg,210Uq0WmBDI,❤❤❤❤❤,2025-11-19T18:09:23Z,1,0,UCfRJcXuU1gmOhYSdZ1edCfQ,@deemashady3836,Billie Eilish - WILDFLOWER (COLORS Performance),Billie Eilish live performance,2026-05-02 05:30:42
UgxI8sXXLKV0kDLnjyd4AaABAg,210Uq0WmBDI,This song touches my hart 🥹,2025-11-28T09:12:55Z,3,0,UCYrzob3_uLGj3ik1kXYewJw,@FurkanKhan-q4x7e,Billie Eilish - WILDFLOWER (COLORS Performance),Billie Eilish live performance,2026-05-02 05:30:42
UgxCGlkxSikp_dxs1gN4AaABAg,210Uq0WmBDI,i don&#39;t know how i  change mood when i hear this song it enter into my heart fast as lightning 😔thank billie,2025-09-29T17:37:47Z,8,1,UCZyMjuF8xUgmSLwQMdJ1WyQ,@MutieMj,Billie Eilish - WILDFLOWER (COLORS Performance),Billie Eilish live performance,2026-05-02 05:30:42
UgyNCf2sR1GUpXXtsyd4AaABAg,210Uq0WmBDI,"Billie really is one of those rare artists who feel like an era of their own — not just because of her music, but the whole emotional language she brought with her: the vulnerability, the quiet strength, the surreal visuals, the way she turns sadness into atmosphere.<br><br>It’s like she doesn’t just sing emotions — she builds worlds out of them.",2025-10-14T07:29:56Z,4,0,UCI1c2Ci5y7rI_rZMY_AtNeQ,@fatoom_num1,Billie Eilish - WILDFLOWER (COLORS Performance),Billie Eilish live performance,2026-05-02 05:30:42
Ugyu0p6id0AGU7wDKuh4AaABAg,210Uq0WmBDI,I think my fate it&#39;s like Billie&#39;s fate,2025-11-27T17:35:51Z,2,0,UCnihygiJ4wUkAwSZDMYLlyg,@LovenessPeter-t9u7i,Billie Eilish - WILDFLOWER (COLORS Performance),Billie Eilish live performance,2026-05-02 05:30:42
UgyiSu0oOME6f1IPyWR4AaABAg,210Uq0WmBDI,"You&#39;ve crossed my line, Billie❤️‍🩹",2025-10-20T16:48:50Z,10,0,UClNb9wSUD_MG2csrL2L3_Cw,@ImenLabidi-z8h,Billie Eilish - WILDFLOWER (COLORS Performance),Billie Eilish live performance,2026-05-02 05:30:42
Ugz4CAqUGkGtib2QG4x4AaABAg,210Uq0WmBDI,How can it sound better every time I hear it😢❤,2025-09-18T20:03:11Z,5,0,UCao69efkjWyyQCOlwElVlfw,@panoklemm7423,Billie Eilish - WILDFLOWER (COLORS Performance),Billie Eilish live performance,2026-05-02 05:30:42
UgwJMmC_0LfHAi7zSC94AaABAg,210Uq0WmBDI,this song is just everything omg,2025-09-19T20:13:54Z,6,0,UClCL3zuySY7OkIQShCM3Guw,@r82827b,Billie Eilish - WILDFLOWER (COLORS Performance),Billie Eilish live performance,2026-05-02 05:30:42
UgzsjB7GAGWnrUKM-RF4AaABAg,210Uq0WmBDI,she&#39;s genuinely angelic bro,2025-11-02T14:36:20Z,1,0,UCZO2BQCzuD3QBvSPMJwTJYg,@soraya.18.12,Billie Eilish - WILDFLOWER (COLORS Performance),Billie Eilish live performance,2026-05-02 05:30:42
UgzuQAcPgQcze8kZCQd4AaABAg,210Uq0WmBDI,"<a href=""https://www.youtube.com/watch?v=210Uq0WmBDI&amp;t=1"">0:01</a> already a banger",2025-09-18T20:03:43Z,7,0,UC_FGrno_ShUpCm-6_FNXu6g,@alomartinez_,Billie Eilish - WILDFLOWER (COLORS Performance),Billie Eilish live performance,2026-05-02 05:30:42
Ugxygp3LJjfF3WytgjF4AaABAg,210Uq0WmBDI,The amount of emotion I feel with Billie’s music is unexplainable I love her sooooo much 😭🫶🏻💞,2025-09-18T21:44:18Z,7,0,UCazgY8v39QfEMNXVZtshxMg,@eden_adelin,Billie Eilish - WILDFLOWER (COLORS Performance),Billie Eilish live performance,2026-05-02 05:30:42
Ugx1ePAYo7kDS6pxYyt4AaABAg,210Uq0WmBDI,I love your voice so much❤❤❤,2025-11-30T19:30:30Z,3,0,UCysaSEkHhXMlfzcDC5QOVBA,@miguelkasozi409,Billie Eilish - WILDFLOWER (COLORS Performance),Billie Eilish live performance,2026-05-02 05:30:42
Ugxiw1OpsxuT-OIQoHh4AaABAg,210Uq0WmBDI,watching Billie always makes me cry. there is so much emotion in her voice and she&#39;s just gorgeous,2026-04-24T18:17:40Z,1,0,UCUH-6LFG_Jd7sjk9snclDAQ,@nancypinedasf7266,Billie Eilish - WILDFLOWER (COLORS Performance),Billie Eilish live performance,2026-05-02 05:30:42
UgziEhtbyifh9JrOxex4AaABAg,210Uq0WmBDI,"<a href=""https://www.youtube.com/watch?v=210Uq0WmBDI&amp;t=54"">0:54</a> this favourite part😭😭!",2025-09-18T20:19:33Z,11,0,UC5BzmDgWw_DRYEOuCbJXlvA,@łßrw_9j0,Billie Eilish - WILDFLOWER (COLORS Performance),Billie Eilish live performance,2026-05-02 05:30:42
UgxfNOQJH3usFiNmoDJ4AaABAg,210Uq0WmBDI,أفضل مغنية في العالم 💖,2025-09-26T19:29:51Z,8,2,UCRpVa3GsWGjXsKnVXOTix3g,@HhgGg-t3d,Billie Eilish - WILDFLOWER (COLORS Performance),Billie Eilish live performance,2026-05-02 05:30:42
UgzyMQLCeXs_354Xqt54AaABAg,210Uq0WmBDI,WE LOVE YOUUU,2025-09-18T20:00:27Z,11,0,UCePnkWIMy3UeSmoOCDTE2_Q,@Shana_483,Billie Eilish - WILDFLOWER (COLORS Performance),Billie Eilish live performance,2026-05-02 05:30:42
Ugzn42Ap74amqII3R_54AaABAg,210Uq0WmBDI,"If Billie doesn&#39;t win then, I swear, they were corrupted😩",2026-02-01T17:16:47Z,15,0,UC4sVInXOJTpf10jRNiOhtzQ,@AahanaR.J-g3k,Billie Eilish - WILDFLOWER (COLORS Performance),Billie Eilish live performance,2026-05-02 05:30:42
UgwaH6R2on5mztlhsyp4AaABAg,210Uq0WmBDI,🌷💗💗😭te amo Billie eilish eres mi cantante favorita 😭😭,2025-09-24T16:39:51Z,8,0,UCefKF9BMsZ9ToMi3EsSgT8Q,@MabelVillalpando-x3w,Billie Eilish - WILDFLOWER (COLORS Performance),Billie Eilish live performance,2026-05-02 05:30:42
Ugw8vI_V5ltwIVxFW-14AaABAg,210Uq0WmBDI,This song always touches my heart. I&#39;ve been listening to this woman since age 7 I&#39;m currently 14. Shes just so amazing.,2025-09-19T14:41:42Z,10,0,UCZYZs0sxwGIaKfhg29wglyQ,@JxlietteX_X-xxjx,Billie Eilish - WILDFLOWER (COLORS Performance),Billie Eilish live performance,2026-05-02 05:30:42
UgyLYBDsF3m7q7Gz2G14AaABAg,210Uq0WmBDI,WILDFLOWER BAY BILLIE EILISH,2026-03-03T23:08:29Z,2,0,UCd7CHQfEGIfD3rteF-cMjMw,@جنوته-ي1ن,Billie Eilish - WILDFLOWER (COLORS Performance),Billie Eilish live performance,2026-05-02 05:30:42
UgyvJYQkvx460jdRE4J4AaABAg,210Uq0WmBDI,billie u tricking me or just gaslighting me at this point,2025-11-18T04:44:04Z,3,0,UCZi0zKmWFw21poePR8TYc1Q,@maryannencarnacion994,Billie Eilish - WILDFLOWER (COLORS Performance),Billie Eilish live performance,2026-05-02 05:30:42
UgyQik2RAimTPXfa77B4AaABAg,210Uq0WmBDI,"She’s so, so talented….<br><br>Edit: Congratulations on the Grammy❤🎉",2025-12-19T10:46:48Z,3,0,UCvIE6L25QChKymN2ryLpn3A,@pinakibose1177,Billie Eilish - WILDFLOWER (COLORS Performance),Billie Eilish live performance,2026-05-02 05:30:42
UgzsSHjfSzOeB4Onat54AaABAg,210Uq0WmBDI,Wildflower has a special place in my heart 💙,2025-09-18T20:27:35Z,5,1,UCcwZ4IU_6pXi0y70_j7RHKQ,@EclipseTX,Billie Eilish - WILDFLOWER (COLORS Performance),Billie Eilish live performance,2026-05-02 05:30:42
UgxQbYzv4TY6pQ8XsYp4AaABAg,210Uq0WmBDI,She deserves a Grammy ❤,2025-11-11T21:39:08Z,2,0,UCU5K9qmRSnuRtgZOhWVmJyQ,@RezinStories-x,Billie Eilish - WILDFLOWER (COLORS Performance),Billie Eilish live performance,2026-05-02 05:30:42
UgzOB_f20us4xLvQRER4AaABAg,210Uq0WmBDI,BILLIE FOREVER 😻😻,2025-09-18T20:00:51Z,4,0,UCgOPkP3NnHVwgIFF7TnzVqQ,@Misa..Raiden,Billie Eilish - WILDFLOWER (COLORS Performance),Billie Eilish live performance,2026-05-02 05:30:42
UgxY8ShgCqwWzLjQX2Z4AaABAg,210Uq0WmBDI,"<a href=""https://www.youtube.com/watch?v=210Uq0WmBDI&amp;t=65"">1:05</a> MY FAV PART GO BILLIE GO I LOVE U SWEET LEARN I&#39;VE BEEN A EYELASH FOR 8 YEARS!!",2025-09-19T05:27:12Z,11,0,UCqtAvFZalVH0jnm6_KD9j1g,@Ashlynn-145,Billie Eilish - WILDFLOWER (COLORS Performance),Billie Eilish live performance,2026-05-02 05:30:42
UgybQFrgV4SBpkK7lXh4AaABAg,210Uq0WmBDI,Billie please stop I’m cry😢,2025-12-01T11:22:37Z,3,0,UCPf_M4OnBvV6R3wbN4RkX3g,@H_SH_S-c3w,Billie Eilish - WILDFLOWER (COLORS Performance),Billie Eilish live performance,2026-05-02 05:30:42
UgzCHXjUcjaM8AWhuNF4AaABAg,210Uq0WmBDI,"she is very talented, i loves her style of music really into my likings",2025-12-16T15:45:31Z,4,0,UCDZ7spbY2NW4YuwtMiTRhCA,@Uxzcvyff,Billie Eilish - WILDFLOWER (COLORS Performance),Billie Eilish live performance,2026-05-02 05:30:42
Ugy0S0MWtD9IXlZ3EPZ4AaABAg,210Uq0WmBDI,THE BEAUTY OF THIS GIRL AND THE SONG&gt;&gt;&gt;&gt;&gt;,2025-09-19T07:50:27Z,4,0,UCTMqEXgrxkNdGZd13YGpp0w,@Soontobe_DrAishh,Billie Eilish - WILDFLOWER (COLORS Performance),Billie Eilish live performance,2026-05-02 05:30:42
UgzPqBPSnxV99evP3K14AaABAg,210Uq0WmBDI,She is actually the best singer I&#39;ve ever listened to I love her voice so much,2026-01-16T21:55:26Z,2,0,UChcZfFC3fDVsLhYMfAfULwQ,@bigmacman725,Billie Eilish - WILDFLOWER (COLORS Performance),Billie Eilish live performance,2026-05-02 05:30:42
UgzrzDCefeJ66DlZukF4AaABAg,210Uq0WmBDI,I love bilie eilich,2026-04-25T11:27:23Z,1,0,UCIoep0hoNqcsz9dFn8v5dBQ,@LuuxMalak-y9b,Billie Eilish - WILDFLOWER (COLORS Performance),Billie Eilish live performance,2026-05-02 05:30:42
UgxGDqvWMwyuSQ3k8iV4AaABAg,210Uq0WmBDI,"The depth, the lyrics, the synchronisation,the meaning, the love, the commitment.❤<br>The sound is soothing. All of that is very admirable. Billie Eilish you are a work of art love💖💗 you are worth it",2025-09-18T21:19:05Z,10,0,UCq0np9DXyeDlf2_r1Q1OVIQ,@NompumeleloNgozwana-el1qi,Billie Eilish - WILDFLOWER (COLORS Performance),Billie Eilish live performance,2026-05-02 05:30:42
UgzyLqkNs2zi3vH00B54AaABAg,210Uq0WmBDI,من جاي من 2026يعلق❤❤😂😂,2026-01-06T12:17:20Z,5,0,UCRVHvwxbolxX7HVsf0eTr2A,@maisoonhamza-c5h6r,Billie Eilish - WILDFLOWER (COLORS Performance),Billie Eilish live performance,2026-05-02 05:30:42
UgxUkQmc1XO2amrWDLp4AaABAg,210Uq0WmBDI,A voice of an angel 🙏🏻🙏🏻,2025-09-18T20:01:15Z,12,0,UCChJiDws8-KqdMpQjwg4lFQ,@xoxokviirz,Billie Eilish - WILDFLOWER (COLORS Performance),Billie Eilish live performance,2026-05-02 05:30:42
Ugyr3tTC5ZlN6LVdrpl4AaABAg,210Uq0WmBDI,I love billie eilish,2025-10-28T09:20:47Z,1,0,UCkm14AfNDgLB9AVaJ37eLeQ,@serfero-o6s,Billie Eilish - WILDFLOWER (COLORS Performance),Billie Eilish live performance,2026-05-02 05:30:42
Ugyc_TJM3tCbTCIA2Hd4AaABAg,210Uq0WmBDI,💗,2025-12-02T03:56:55Z,1,0,UC4DacARiKQUuEdK0N-ZB1pg,@AndreaSalasmoran-p5t,Billie Eilish - WILDFLOWER (COLORS Performance),Billie Eilish live performance,2026-05-02 05:30:42
Ugx-KZPk19W8NF2zMeB4AaABAg,210Uq0WmBDI,❤❤,2025-11-25T15:46:50Z,1,0,UCcwWxWkb2L_-UFuCHOawdLA,@Yasindxr,Billie Eilish - WILDFLOWER (COLORS Performance),Billie Eilish live performance,2026-05-02 05:30:42
UgxUiDyFO4Fp4H02H7V4AaABAg,210Uq0WmBDI,❤❤❤,2025-12-01T21:27:42Z,1,0,UCDZoSuE7t9jEaNVPv_G-piQ,@val3ntim,Billie Eilish - WILDFLOWER (COLORS Performance),Billie Eilish live performance,2026-05-02 05:30:42
UgwQZuO1n03m2N7FOwZ4AaABAg,210Uq0WmBDI,❤❤❤❤,2025-11-19T20:07:14Z,1,0,UCLKi--PptD-4k-o_2uRxPtg,@MalakHussien-m7w,Billie Eilish - WILDFLOWER (COLORS Performance),Billie Eilish live performance,2026-05-02 05:30:42
UgwWHjMx_Scn1PRirox4AaABAg,210Uq0WmBDI,❤❤❤❤❤❤❤,2026-02-20T22:09:33Z,1,0,UC3EBA5LY-0_f3ZuKH5LagiA,@LuzMelgarejo-i1s,Billie Eilish - WILDFLOWER (COLORS Performance),Billie Eilish live performance,2026-05-02 05:30:42
Ugw7F7cHq6YDAOPGTEx4AaABAg,210Uq0WmBDI,❤,2025-12-04T13:25:19Z,1,0,UCDlnIxIzU-AFjqVBRINp_iA,@HELLO.A.B.C.D,Billie Eilish - WILDFLOWER (COLORS Performance),Billie Eilish live performance,2026-05-02 05:30:42
Ugyczi4SX_99Hlia_9t4AaABAg,210Uq0WmBDI,❤❤❤❤❤,2025-12-04T10:10:37Z,1,0,UC6YGliFA26Pd8sn21IbHg2A,@عمرالمحروق-خ3ن,Billie Eilish - WILDFLOWER (COLORS Performance),Billie Eilish live performance,2026-05-02 05:30:42
UgxMxlh4RfYvTPVlIWJ4AaABAg,210Uq0WmBDI,❤❤❤❤,2026-02-04T18:53:22Z,4,0,UCWvtumllMT65640LkvyasGg,@KeaKing_GG,Billie Eilish - WILDFLOWER (COLORS Performance),Billie Eilish live performance,2026-05-02 05:30:42
UgwA8PNfaS7d4NtrpJB4AaABAg,210Uq0WmBDI,❤❤❤❤,2026-02-12T09:43:16Z,1,0,UCZYGlX6he8k_LgVw0njum-w,@alcidesmanuelf.dasilvasilv6844,Billie Eilish - WILDFLOWER (COLORS Performance),Billie Eilish live performance,2026-05-02 05:30:42
Ugwscvj9pnAq5FL22O94AaABAg,210Uq0WmBDI,i love u ❤,2026-01-06T00:55:31Z,2,0,UCRT2yDahhOvEnmqDvwHoHSQ,@laisloboteixeira,Billie Eilish - WILDFLOWER (COLORS Performance),Billie Eilish live performance,2026-05-02 05:30:42
UgybMablZ7AWmkvRq1h4AaABAg,210Uq0WmBDI,She&#39;s solo angelical ✨🫀,2025-09-18T20:05:47Z,16,0,UC3op5W90F_tXZEBrtiB5gsw,@edwardbriize,Billie Eilish - WILDFLOWER (COLORS Performance),Billie Eilish live performance,2026-05-02 05:30:42
Ugxl3FGtYESibgY8i7d4AaABAg,210Uq0WmBDI,ON FIREEEE AND WITH A GRAMMY 🔥,2026-02-02T05:15:29Z,7,0,UCtZmrN2-NEcqaUnYTc_Auiw,@Neyup.,Billie Eilish - WILDFLOWER (COLORS Performance),Billie Eilish live performance,2026-05-02 05:30:42
Ugw_uC89-yctYrbQtLV4AaABAg,210Uq0WmBDI,Congratulations on another Grammy award. ❤,2026-02-23T22:36:27Z,1,0,UCqNO7ZhvGhLYkXFsKA4bw4A,@SarahAnderson-i2i,Billie Eilish - WILDFLOWER (COLORS Performance),Billie Eilish live performance,2026-05-02 05:30:42
UgzM-C8rzSGE3dkywVx4AaABAg,210Uq0WmBDI,"<a href=""https://www.youtube.com/watch?v=210Uq0WmBDI&amp;t=140"">2:20</a> 😢😢❤❤",2025-12-28T18:42:50Z,4,0,UCBdwVFCtp53lxxIEvOfTD0g,@yogiramdani5112,Billie Eilish - WILDFLOWER (COLORS Performance),Billie Eilish live performance,2026-05-02 05:30:42
UgyjpKdYl3daTRs3t2d4AaABAg,210Uq0WmBDI,Love this song not forcing <br>👇✔️,2025-12-04T02:07:44Z,3,0,UCctA3gGjVDnqN2Z59yEuxLg,@erinroper1843,Billie Eilish - WILDFLOWER (COLORS Performance),Billie Eilish live performance,2026-05-02 05:30:42
UgzUD9ZHTsRg1vHK6Ul4AaABAg,210Uq0WmBDI,"<a href=""https://www.youtube.com/watch?v=210Uq0WmBDI&amp;t=116"">1:56</a> mi parte favorita❤",2026-03-03T16:42:59Z,3,0,UCv04INbtZkAHY2JfUwv-tRA,@FernandoCastillo-sz6mc,Billie Eilish - WILDFLOWER (COLORS Performance),Billie Eilish live performance,2026-05-02 05:30:42
Ugw_wDvMkBeB4rSR1xJ4AaABAg,210Uq0WmBDI,My soul is touched by this song.,2025-11-14T18:49:05Z,1,0,UC8GjcP9-YYYuu5AIsTNJB1w,@Mohammadrezababaei-qp1ct,Billie Eilish - WILDFLOWER (COLORS Performance),Billie Eilish live performance,2026-05-02 05:30:42
UgwIZgD6ySHWKj2sWh94AaABAg,210Uq0WmBDI,I love you girlll! Such a beautiful voics🫶🏽,2025-09-18T20:01:01Z,7,0,UCwQmJ0a5cnAYPTX0hU9nMcg,@nanokaur8770,Billie Eilish - WILDFLOWER (COLORS Performance),Billie Eilish live performance,2026-05-02 05:30:42
UgyjucMLOt3Ccoc7LzB4AaABAg,210Uq0WmBDI,"My God, what a perfect voice Billie has and how she vocalizes😭😻",2025-09-19T16:04:29Z,5,0,UCCXSsWMLML9ydwEFSZlQgAA,@Avocaditaaa,Billie Eilish - WILDFLOWER (COLORS Performance),Billie Eilish live performance,2026-05-02 05:30:42
UgzPBJBE5M_bAKWIG-94AaABAg,210Uq0WmBDI,You are so beautiful 😍😍,2025-11-24T01:44:19Z,3,0,UChZ-fmpxQgVJFXuYQP-cDRQ,@Yahyasalem777,Billie Eilish - WILDFLOWER (COLORS Performance),Billie Eilish live performance,2026-05-02 05:30:42
UgzjcJThBixbEoyQ2Eh4AaABAg,210Uq0WmBDI,Me encanta 🥹💗🫂,2025-11-29T18:17:11Z,1,0,UCsd3O4IHvIH36kTPF_iv41w,@AngeliLüx-p2z,Billie Eilish - WILDFLOWER (COLORS Performance),Billie Eilish live performance,2026-05-02 05:30:42
UgxL_rp-CAX81FToEkF4AaABAg,210Uq0WmBDI,التقدير والاحترام للفن,2025-11-19T16:50:13Z,5,1,UCK6BUEMTlwbRv12zzjUQpIQ,@بلالالبرجواني,Billie Eilish - WILDFLOWER (COLORS Performance),Billie Eilish live performance,2026-05-02 05:30:42
Ugw3AivGsIoPlbJ7L5R4AaABAg,210Uq0WmBDI,Wonderful arrangement and lyrics. Thanks Billie for this masterpiece 🖤,2025-09-27T09:23:28Z,10,0,UCo0xwAp3niI-dgpUkIslbgg,@omranjo7,Billie Eilish - WILDFLOWER (COLORS Performance),Billie Eilish live performance,2026-05-02 05:30:42
Ugx_iqQxGviXpxlzOUp4AaABAg,210Uq0WmBDI,ABSOLUTELY PERFECT 💙,2025-09-18T20:25:38Z,4,0,UC4jjp3oGw28IR2tixNGTUoA,@rafitaampp,Billie Eilish - WILDFLOWER (COLORS Performance),Billie Eilish live performance,2026-05-02 05:30:42
UgyiPy-bm-Jz1FgbN_p4AaABAg,210Uq0WmBDI,“Well good things don’t last 🥺”,2025-10-27T12:26:09Z,1,0,UCudguw9HO0otibDKwcd_T1A,@Billiesgirl-v8z,Billie Eilish - WILDFLOWER (COLORS Performance),Billie Eilish live performance,2026-05-02 05:30:42
UgzjFk33PmEF1EMSkH54AaABAg,210Uq0WmBDI,"“My dearest Billie,<br>These days I spend my time weaving rugs and saving every penny, dreaming of the day I can marry you.<br>When I weave, I play your songs and imagine our wedding — a day where every thread I weave carries your beautiful face and the love I feel for you.<br><br>Until that magical day comes, please wait for me, as I keep working with all my heart.<br>Forever yours,<br>A rug weaver, hopelessly in love with you.”<br>❤❤❤❤❤",2025-11-12T23:27:24Z,3,0,UCdkhJ-gmZSAiSFZcvGERJiQ,@carpetiranexport,Billie Eilish - WILDFLOWER (COLORS Performance),Billie Eilish live performance,2026-05-02 05:30:42
UgxQW1mR4EVdYR5QuZt4AaABAg,210Uq0WmBDI,This song takes me to another world. 😭💔,2025-09-21T00:48:57Z,4,0,UCQeYUqeDxWax4hP0h08dulg,@MiLisa-iz1pu,Billie Eilish - WILDFLOWER (COLORS Performance),Billie Eilish live performance,2026-05-02 05:30:42
UgzQrIqWUBsjBWihx654AaABAg,210Uq0WmBDI,"His feelings were very clear in the song, and I also think there was a sadness in her voice. I love her very much, and I love the choice of music. 🥹😭❤️‍🩹❤️‍🩹❤️‍🩹❤️‍🩹",2025-09-18T20:03:06Z,6,0,UC1XusmqPRE4TUcQ10Ckw3sg,@blacpink-gg,Billie Eilish - WILDFLOWER (COLORS Performance),Billie Eilish live performance,2026-05-02 05:30:42
UgyKVCk9y8VTPAixiXR4AaABAg,210Uq0WmBDI,Justa ganadora,2026-02-02T03:33:46Z,2,0,UC1OO3zf2hYifUKhShScZRhQ,@allnerot.v6178,Billie Eilish - WILDFLOWER (COLORS Performance),Billie Eilish live performance,2026-05-02 05:30:42
Ugx2LzeoMctFYEKTsHB4AaABAg,210Uq0WmBDI,2030 who is,2026-04-13T17:00:45Z,3,0,UC1ZO3HdDR7vnBBIsXEeTJcg,@منالمنال-ه3غ6ح,Billie Eilish - WILDFLOWER (COLORS Performance),Billie Eilish live performance,2026-05-02 05:30:42
UgysyU3cAxBgayKQgWN4AaABAg,210Uq0WmBDI,How do I tell everyone to put this song into an injunction and let it flow through my veins..... 😭💗,2025-11-15T13:17:55Z,3,0,UCm5N9ytxcNkXjhUTBDfJfXA,@Venusvibe89,Billie Eilish - WILDFLOWER (COLORS Performance),Billie Eilish live performance,2026-05-02 05:30:42
UgzDYrwt2qSWVYi_uF54AaABAg,210Uq0WmBDI,"<a href=""https://www.youtube.com/watch?v=210Uq0WmBDI&amp;t=237"">3:57</a> Touches my soul fr no matter how many times i listen to it",2026-02-05T19:38:09Z,4,0,UCGWfcx7MYuGcDg1a9FVjS6g,@PhantomFoxFunky,Billie Eilish - WILDFLOWER (COLORS Performance),Billie Eilish live performance,2026-05-02 05:30:42
Ugx9Bsbmrlnbs0pOxjh4AaABAg,210Uq0WmBDI,Thank you. It makes me cry.....,2026-02-18T02:50:00Z,1,0,UCx0Y91ktNJxdf3tMQT0ebXQ,@JuneInMay,Billie Eilish - WILDFLOWER (COLORS Performance),Billie Eilish live performance,2026-05-02 05:30:42
UgxCcTEDwcvSM2tNnZl4AaABAg,210Uq0WmBDI,"I remember watching this when COLORS channel uploaded it. Was like &quot;wow, I like this live version more than the studio one&quot; and after that, I watched the video millions of times lol. Didn&#39;t expect Billie to post it here.",2025-09-18T22:59:49Z,7,0,UCCewb4cmvcIe4z1z5fKi9Hg,@BUAHAHAHAHA.mp3,Billie Eilish - WILDFLOWER (COLORS Performance),Billie Eilish live performance,2026-05-02 05:30:42
Ugxa20e9w__I2_lVs3Z4AaABAg,210Uq0WmBDI,Its 6 January 2026. I&#39;ll change my life forever..,2026-01-06T16:29:48Z,6,0,UCLyQKKXodO3WHBashWBGFaA,@suhocheonsa9,Billie Eilish - WILDFLOWER (COLORS Performance),Billie Eilish live performance,2026-05-02 05:30:42
Ugzz2b0j-n9PQxh6dQx4AaABAg,210Uq0WmBDI,Love u Billie thank u for saving my life ❤️,2026-01-08T03:44:40Z,2,0,UC3p6DUJsdUpQW8y1a0oa6pQ,@CharlieMorningstar-z9s,Billie Eilish - WILDFLOWER (COLORS Performance),Billie Eilish live performance,2026-05-02 05:30:42
UgyZWFF_FNjxoQRG3eN4AaABAg,210Uq0WmBDI,❤❤❤❤,2026-02-07T21:14:01Z,0,0,UCgL6GurJDZNT34yIYD-761Q,@ELaf-vt8dk,Billie Eilish - WILDFLOWER (COLORS Performance),Billie Eilish live performance,2026-05-02 05:30:42
UgxVoBxxR4AMkUwkAkF4AaABAg,210Uq0WmBDI,"I&#39;ve become incredibly addicted to this song, from its melody and lyrics to her beautiful voice, God bless her. I love this singer in every way.❤",2025-11-16T15:43:53Z,4,0,UC6Np74dPGNbTKoiGTkc2vAg,@just_miloudy,Billie Eilish - WILDFLOWER (COLORS Performance),Billie Eilish live performance,2026-05-02 05:30:42
UgxpDyWmR5l75j7UFRd4AaABAg,210Uq0WmBDI,I&#39;m just going to follow you because of your comments about billionaires. I 100% agree!! The greed has to stop somewhere thanks for calling it out!!!,2025-11-03T03:24:50Z,3,0,UCbP60bFq8CF7PFOB0PYxw8Q,@x-stream,Billie Eilish - WILDFLOWER (COLORS Performance),Billie Eilish live performance,2026-05-02 05:30:42
UgyP9wgNWEIx93JwBrt4AaABAg,210Uq0WmBDI,MY FAVORITE SONG 😭😭😭 this  literally makes me wanna sob everytime i hear it 💔💔💔💔,2025-09-21T14:36:52Z,4,0,UCF6RFtoWT_WKuRAHDVSpFuw,@MhSpamAcc,Billie Eilish - WILDFLOWER (COLORS Performance),Billie Eilish live performance,2026-05-02 05:30:42
Ugz1Uo8W0WNz05gVxlZ4AaABAg,210Uq0WmBDI,❤,2026-02-10T07:52:20Z,0,0,UCPg1wYkU8OSHC4KS_HH7azA,@btkxx7,Billie Eilish - WILDFLOWER (COLORS Performance),Billie Eilish live performance,2026-05-02 05:30:42
UgzKNPZJydkm0ZUb1gN4AaABAg,210Uq0WmBDI,"<a href=""https://www.youtube.com/watch?v=210Uq0WmBDI&amp;t=237"">3:57</a> chillllllsss",2025-10-16T22:21:29Z,5,1,UC15yLJnrxdy8d7Fdkgr-3AQ,@connorjake454,Billie Eilish - WILDFLOWER (COLORS Performance),Billie Eilish live performance,2026-05-02 05:30:42
UgxTaJbpU_UicsOs4a14AaABAg,210Uq0WmBDI,"My woman! Oh my woman sings sad romantic songs she has such a light voice, soft and beautiful, an angelic voice. She saved me from depression and stopped me from throwing myself off a bridge and taught me how to get over a relationship with just one song. Billie Eilish Pirate Baird O&#39;Connell you make me feel so good I hope I meet you someday in my life.❤💖",2025-09-21T05:42:32Z,5,0,UCLX_Zd-mByyez1dKuXjyvzw,@estheer_xp,Billie Eilish - WILDFLOWER (COLORS Performance),Billie Eilish live performance,2026-05-02 05:30:42
UgyhWxTTyD6XgQci5vd4AaABAg,210Uq0WmBDI,"Your voice is soothing and calming, as if it comes from deep within me. I love this type of music, and that&#39;s why you&#39;re my favorite. 🥹",2025-09-20T13:45:19Z,5,0,UCmipFtp_ALhnr2sdswddSDA,@sama_7isiem,Billie Eilish - WILDFLOWER (COLORS Performance),Billie Eilish live performance,2026-05-02 05:30:42
UgwM6QoBtNZf_f3MRBN4AaABAg,210Uq0WmBDI,Love you 💕,2026-03-04T02:27:58Z,2,0,UCQdsWULHUPgGzhxtXc9inRQ,@MadiagneThioune-l8l,Billie Eilish - WILDFLOWER (COLORS Performance),Billie Eilish live performance,2026-05-02 05:30:42
UgyIPuenlSsx2Ztch294AaABAg,210Uq0WmBDI,I fucking love you Billie thank you for giving us this masterpiece,2025-12-07T12:01:27Z,3,0,UCa0Gnu785g6k75dFz05Bg-g,@miraclephillips2059,Billie Eilish - WILDFLOWER (COLORS Performance),Billie Eilish live performance,2026-05-02 05:30:42
Ugyu9ix3DgnPrDdyk-V4AaABAg,210Uq0WmBDI,"My first female artist in the world, no need to show her body to proof that she&#39;s the best <br><br>Love you too much",2025-09-27T03:39:31Z,6,0,UCoi1l9kryvLc8WlO_hnm5aw,@elyseeciza751,Billie Eilish - WILDFLOWER (COLORS Performance),Billie Eilish live performance,2026-05-02 05:30:42
Ugz0jiponyjjwQ2B-cF4AaABAg,210Uq0WmBDI,"Magnificent, really nice to listen to, it’s a change from my own more energetic songs🎵👍",2025-12-03T19:15:04Z,5,0,UCarYXpaxbUunwEFA0xfz5FA,@Bélorz,Billie Eilish - WILDFLOWER (COLORS Performance),Billie Eilish live performance,2026-05-02 05:30:42
UgymkdMVxWTBl2KFpON4AaABAg,210Uq0WmBDI,❤❤❤❤❤❤❤❤,2025-10-26T19:15:25Z,2,0,UCDHQEZ-3q4eL_WiOr8iovmA,@لقدوعيمحمد,Billie Eilish - WILDFLOWER (COLORS Performance),Billie Eilish live performance,2026-05-02 05:30:42
Ugw-2VDFJzDI-ue6ZgJ4AaABAg,210Uq0WmBDI,"‏‪<a href=""https://www.youtube.com/watch?v=210Uq0WmBDI&amp;t=134"">2:14</a>‬‏ my favorite songs",2025-12-07T20:59:12Z,3,0,UCVlbXu5QHSouR6naER0DawQ,@MalakAlqaisee,Billie Eilish - WILDFLOWER (COLORS Performance),Billie Eilish live performance,2026-05-02 05:30:42
UgxrdTrUi6VSByHwfZd4AaABAg,210Uq0WmBDI,We grew up alongside her &amp; her vocals have bloomed so much. Seeing this after her last one is crazy. May she experience the highest blessings in this new era of her life/career❤,2025-09-18T20:26:15Z,4,0,UC9bToPLTy9VrvWSNR0mKByg,@ANNI.mp4,Billie Eilish - WILDFLOWER (COLORS Performance),Billie Eilish live performance,2026-05-02 05:30:42
Ugzy2PriL3LVrBdE-Jh4AaABAg,210Uq0WmBDI,Her VOCOLS are so wonderful Billie ❤,2025-09-18T21:02:05Z,4,0,UCWenY6vC-yQKfYJDwl3oOtg,@laylah-editor,Billie Eilish - WILDFLOWER (COLORS Performance),Billie Eilish live performance,2026-05-02 05:30:42
UgxZiEH3BXCEPZfxWP54AaABAg,210Uq0WmBDI,❤ amazing!!!,2026-03-04T12:36:19Z,2,0,UCpxWM7MulPz6aPdll8XJAuA,@NYXORA-26,Billie Eilish - WILDFLOWER (COLORS Performance),Billie Eilish live performance,2026-05-02 05:30:42
Ugz_aF4hrKUyXS7t3U14AaABAg,210Uq0WmBDI,"<a href=""https://www.youtube.com/watch?v=210Uq0WmBDI"">0:00</a> and am falling how beautiful this is cuz its the queen ofccc🔥❤️❤️",2025-09-18T20:02:31Z,7,0,UC06FLx9R-xURb9kN1ueJiCw,@A.Krauss3,Billie Eilish - WILDFLOWER (COLORS Performance),Billie Eilish live performance,2026-05-02 05:30:42
UgxXJfmhyw0B2-S-jnR4AaABAg,210Uq0WmBDI,"Your voice is magical, Billie.  Thanks for being you. 💗",2025-09-22T00:31:35Z,6,3,UC0IEO6WrqwJAjAL7FUjVnvA,@luccaeyes,Billie Eilish - WILDFLOWER (COLORS Performance),Billie Eilish live performance,2026-05-02 05:30:42
UgyGa8xmiiF2qkXpzpR4AaABAg,210Uq0WmBDI,Your voice is like heaven billie ✨i addicted to your voice 💗you are a such great singer 😉 your voice touched my heart ❤️ i really appreciate your talent what a voice I ever heard like a therapy ....❤,2025-10-12T17:06:19Z,4,0,UCDgchCTPutErF8ysDA2P6ag,@Aaruushii.04,Billie Eilish - WILDFLOWER (COLORS Performance),Billie Eilish live performance,2026-05-02 05:30:42
UgwJB7BhK2wRNGJ-gC54AaABAg,210Uq0WmBDI,Billie makes me wanna cry man I love her so much,2026-02-20T16:22:32Z,2,0,UC00sFQ3NQiLDhcPyE0CxBnA,@Armani-i4p,Billie Eilish - WILDFLOWER (COLORS Performance),Billie Eilish live performance,2026-05-02 05:30:42
UgzCKv0qsObK10Vei_x4AaABAg,210Uq0WmBDI,"Billie, I’m not heartbroken but you’ve broken me a thousand times over. The songwriting, the rendition of just another you. It’s beautiful and painful and out of this world. You were robbed of your Grammy, but they will never robbed us from you. This voice you have, this writing is hard to describe. It’s indescribable and generations will listen to it. You make our lives full. Bless you, Billie! Thank you for your music.❤",2025-09-23T20:34:27Z,5,1,UC_DXfTevnc4e2TBgub7iYrA,@Janellerdn,Billie Eilish - WILDFLOWER (COLORS Performance),Billie Eilish live performance,2026-05-02 05:30:42
UgzzK8nHIlfq-CUXdFp4AaABAg,210Uq0WmBDI,OMGGGGGG LOVE U BILLIEEE ❤❤❤,2025-09-18T20:01:23Z,4,1,UCWzCSZ1kIhiQ9OcwvYOZpRg,@livvvvv11,Billie Eilish - WILDFLOWER (COLORS Performance),Billie Eilish live performance,2026-05-02 05:30:42
UgwT-fD4bEpKLg0jgTJ4AaABAg,210Uq0WmBDI,This is so beautiful and amazing and all of the above greatness I&#39;m going to cry ❤❤❤😭😭😭😭,2025-09-24T00:18:31Z,6,2,UCM9OkbCvCRsn_x09s29NZmw,@ZayviaChurch,Billie Eilish - WILDFLOWER (COLORS Performance),Billie Eilish live performance,2026-05-02 05:30:42
UgyJ4bkceOpkHCYHfUF4AaABAg,210Uq0WmBDI,I love you ❤,2025-11-27T10:39:18Z,2,0,UCp73SB-YFY6ib5juZFZW-wg,@anayasheikh5568,Billie Eilish - WILDFLOWER (COLORS Performance),Billie Eilish live performance,2026-05-02 05:30:42
UgwGUZaqfEnTr8eM2oh4AaABAg,210Uq0WmBDI,"‏‪<a href=""https://www.youtube.com/watch?v=210Uq0WmBDI&amp;t=230"">3:50</a>‬‏ ✨",2025-09-18T20:53:22Z,6,1,UCPFQvzWs5AbAUU5QmfSN7mA,@s_i7x,Billie Eilish - WILDFLOWER (COLORS Performance),Billie Eilish live performance,2026-05-02 05:30:42
UgzGkiYbNZATOZknwIZ4AaABAg,210Uq0WmBDI,"I&#39;m burning alive right now:) <a href=""https://www.youtube.com/watch?v=210Uq0WmBDI&amp;t=81"">1:21</a>",2025-09-18T20:10:02Z,19,2,UCZyZcLIbqS24zgl4BZDFNag,@DonyNim,Billie Eilish - WILDFLOWER (COLORS Performance),Billie Eilish live performance,2026-05-02 05:30:42
Ugwz_Ob2v040-n1d35F4AaABAg,210Uq0WmBDI,"<a href=""https://www.youtube.com/watch?v=210Uq0WmBDI&amp;t=45"">0:45</a> how could I?",2025-09-18T20:06:39Z,11,0,UC-AlmLot9JV6daYFHmoDHgA,@Shihab_Siddique,Billie Eilish - WILDFLOWER (COLORS Performance),Billie Eilish live performance,2026-05-02 05:30:42
Ugx_8VQSM3W0IXmK2jp4AaABAg,210Uq0WmBDI,❤❤,2025-11-08T09:29:24Z,1,0,UCzscsSq_S78sdHSbI9tTCsQ,@Ptdojacare33,Billie Eilish - WILDFLOWER (COLORS Performance),Billie Eilish live performance,2026-05-02 05:30:42
Ugx5ajdRp41EuM6nrQR4AaABAg,210Uq0WmBDI,"جميل 😭 ‏‪<a href=""https://www.youtube.com/watch?v=210Uq0WmBDI&amp;t=71"">1:11</a>‬‏",2025-11-22T18:06:41Z,11,0,UCiERReVCVigb0Op70WyBbcQ,@HfalKarem,Billie Eilish - WILDFLOWER (COLORS Performance),Billie Eilish live performance,2026-05-02 05:30:42
Ugz0jofbH6FEcD54U814AaABAg,210Uq0WmBDI,"Billie Eilish lives at 154 Allen avenue, Glendale, CA in a huge compound with loads of space for lots of people, bring tents. Her house is a sanctuary for everyone wishing to escape ICE operations. Let&#39;s all share this property for the greater good of humanity. ALL WELCOME.",2026-02-02T20:55:36Z,3,0,UCbKUKZb8PHU9slNwkndZgoA,@meta4282,Billie Eilish - WILDFLOWER (COLORS Performance),Billie Eilish live performance,2026-05-02 05:30:42
UgzGYiZ4AVzRlLFUnQ14AaABAg,210Uq0WmBDI,Anyone in December 2025 ?,2025-12-04T19:25:31Z,18,4,UCsbL8moxeecWczYQ4chmh8Q,@aishaalharbi6692,Billie Eilish - WILDFLOWER (COLORS Performance),Billie Eilish live performance,2026-05-02 05:30:42
UgyQAGGTEi6L3g7kjjR4AaABAg,210Uq0WmBDI,Billie the best ♥️,2025-11-12T13:01:31Z,1,0,UCyALHJ0bXrbhq8PrMs47F4Q,@Лучі,Billie Eilish - WILDFLOWER (COLORS Performance),Billie Eilish live performance,2026-05-02 05:30:42
Ugw5dnovNcBnacjTVBd4AaABAg,210Uq0WmBDI,"‏‪<a href=""https://www.youtube.com/watch?v=210Uq0WmBDI&amp;t=158"">2:38</a>‬‏ like.....",2025-09-26T18:58:42Z,4,0,UC4WCmURy7L4brZV0sD06_0Q,@سباࢪڪية,Billie Eilish - WILDFLOWER (COLORS Performance),Billie Eilish live performance,2026-05-02 05:30:42
UgwfHFtkBhnd7l6si8R4AaABAg,210Uq0WmBDI,I GOT GIVEN A BADGE BECAUSE I WAS THE FIRST TO WATCH THIS AHH!,2025-09-26T17:40:51Z,4,3,UCakzmopxPvpCeUfhV9iT7qA,@Itsjustricky,Billie Eilish - WILDFLOWER (COLORS Performance),Billie Eilish live performance,2026-05-02 05:30:42
UgzMbzDZrLuQxdiMfih4AaABAg,210Uq0WmBDI,How y’all mad when she was trying to defend you dirt bags lol,2026-02-05T08:36:21Z,3,0,UCpapDv9GzYc7VK5uHHeuroA,@xxDestinyM4,Billie Eilish - WILDFLOWER (COLORS Performance),Billie Eilish live performance,2026-05-02 05:30:42
UgzcXeEf16LGQ4Pm-ZF4AaABAg,210Uq0WmBDI,"Oh my God, the amount of emotion in this song!",2025-11-17T21:45:03Z,1,0,UCdYRddvQjUH_63Bm2pIwy0A,@PrinceMahmoud-i7v,Billie Eilish - WILDFLOWER (COLORS Performance),Billie Eilish live performance,2026-05-02 05:30:42
UgzXbhmp4QEvlmPRiRh4AaABAg,210Uq0WmBDI,Your mansion is on the stolen land of the Gabrielono-Tongva Indian Tribe. GIve it back!!,2026-02-04T03:46:29Z,9,1,UCu9H9SgmQ253IXChCV5zeFg,@5cotxy,Billie Eilish - WILDFLOWER (COLORS Performance),Billie Eilish live performance,2026-05-02 05:30:42
UgwkfQ4VdvdB0yoGIn14AaABAg,210Uq0WmBDI,"🩵 <a href=""https://www.youtube.com/watch?v=210Uq0WmBDI&amp;t=221"">3:41</a> 💔",2025-09-19T02:52:44Z,4,0,UCpapDv9GzYc7VK5uHHeuroA,@xxDestinyM4,Billie Eilish - WILDFLOWER (COLORS Performance),Billie Eilish live performance,2026-05-02 05:30:42
UgxjQZ_FpWxR2hW9nzd4AaABAg,210Uq0WmBDI,"So early <a href=""https://www.youtube.com/watch?v=210Uq0WmBDI&amp;t=32"">0:32</a>",2025-09-18T20:02:06Z,6,0,UCCEDytPoik6GnR337h_wF-Q,@E_EQ4,Billie Eilish - WILDFLOWER (COLORS Performance),Billie Eilish live performance,2026-05-02 05:30:42
Ugw4jStTbpBh1OfPV914AaABAg,210Uq0WmBDI,❤❤❤,2025-11-11T14:50:42Z,1,0,UC3HTo8SvwOi9-_V8J9OzqEg,@MarianaPereiraLobato-hb2qk,Billie Eilish - WILDFLOWER (COLORS Performance),Billie Eilish live performance,2026-05-02 05:30:42
UgzVQAHP1We8fJqiCdV4AaABAg,210Uq0WmBDI,"Banger <a href=""https://www.youtube.com/watch?v=210Uq0WmBDI&amp;t=13"">0:13</a>",2025-10-01T14:48:12Z,5,0,UCfrwezb3Osfg6msiDrSAbSg,@CleoEsau-g6l,Billie Eilish - WILDFLOWER (COLORS Performance),Billie Eilish live performance,2026-05-02 05:30:42
UgzUds-GuC8IX28gF6F4AaABAg,210Uq0WmBDI,Give back the land that your mansion is built on 😂,2026-02-07T11:38:40Z,3,1,UClB9Cl2PkkMKDQ3LUZyE08A,@kingocowata,Billie Eilish - WILDFLOWER (COLORS Performance),Billie Eilish live performance,2026-05-02 05:30:42
UgwZocAXvGwSvysBRFV4AaABAg,210Uq0WmBDI,Wildflower growing on stolen land,2026-02-04T14:28:11Z,5,1,UCGz6jG2B89oxJdJlBFaUxnA,@brendasg155,Billie Eilish - WILDFLOWER (COLORS Performance),Billie Eilish live performance,2026-05-02 05:30:42
UgzDxXw2H3BfDKSFi7x4AaABAg,210Uq0WmBDI,She is pretty,2025-11-16T17:44:54Z,1,0,UCbs6Qa-n3DTgwqGST_zzGyQ,@softie-c5t,Billie Eilish - WILDFLOWER (COLORS Performance),Billie Eilish live performance,2026-05-02 05:30:42
Ugziqg1uQp1Ja8ScqyN4AaABAg,210Uq0WmBDI,"Just came here to see if she was any good or not, it’s not for me.  That being said. The land wasn’t stolen…it was conquered. There is a difference. 😂😂😂",2026-02-08T12:28:44Z,3,0,UCT2YAy7V-7i4Z5BAMbZG2kg,@mattl1758,Billie Eilish - WILDFLOWER (COLORS Performance),Billie Eilish live performance,2026-05-02 05:30:42
Ugx8qeSBSslwv-kDU1x4AaABAg,210Uq0WmBDI,"GIVE BACK YOUR LAND (MANSION) BILLIE, IT IS STOLEN!",2026-02-03T18:12:26Z,5,3,UCl-3IDg4jGlFsT_NiqfGXXA,@stasiasmith7186,Billie Eilish - WILDFLOWER (COLORS Performance),Billie Eilish live performance,2026-05-02 05:30:42
UgzUliVihcCO8txDpdR4AaABAg,210Uq0WmBDI,Give back the LA masion to Tongva Tribe. Stolen land.,2026-02-02T17:10:31Z,3,0,UC_BFX_mQV3c9hbO79rg1epQ,@martini3642,Billie Eilish - WILDFLOWER (COLORS Performance),Billie Eilish live performance,2026-05-02 05:30:42
UgxOcZR4FeTpMvEa2tx4AaABAg,210Uq0WmBDI,love you Billieee😭😭😭😭😭😭 😭😭,2026-04-24T19:45:18Z,2,0,UCuyntg9Y9RSl3WYAlEd_0aw,@ShaanTheSheep-hehe,Billie Eilish - WILDFLOWER (COLORS Performance),Billie Eilish live performance,2026-05-02 05:30:42
UgxRdHruQ6Rpb9fufrR4AaABAg,210Uq0WmBDI,Give your house back hypocrite,2026-02-03T04:52:31Z,3,0,UCX_o7Uz1cqZzt1WbDROAYog,@badtoro,Billie Eilish - WILDFLOWER (COLORS Performance),Billie Eilish live performance,2026-05-02 05:30:42
Ugx9ecgZUOfZwK1hqm14AaABAg,210Uq0WmBDI,firsst,2025-09-18T20:00:19Z,9,2,UC23EaLEq2kuCU6C6vmBJmwQ,@RYAD_OOO,Billie Eilish - WILDFLOWER (COLORS Performance),Billie Eilish live performance,2026-05-02 05:30:42
UgwQGV40cvez8NX4PfN4AaABAg,210Uq0WmBDI,Nice outfit bro just chop your hair off and become a dude already puppet,2026-02-08T13:19:11Z,4,0,UCNdnJUw9I9HmLzOP5iXGiQg,@Thetimechamber333,Billie Eilish - WILDFLOWER (COLORS Performance),Billie Eilish live performance,2026-05-02 05:30:42
UgylAXe_yDpf2jQT13J4AaABAg,210Uq0WmBDI,♥️,2026-02-08T03:59:04Z,0,0,UCPToNbQNrNMTCr-Tx8GwOfQ,@MarutAngkit,Billie Eilish - WILDFLOWER (COLORS Performance),Billie Eilish live performance,2026-05-02 05:30:42
UgwrkF1ZYF10QYUv3N54AaABAg,210Uq0WmBDI,I like how you kept it concise.,2025-10-29T21:25:07Z,0,0,UCDwgePtOD5XhUMMBLiqVLIg,@LoriCopeland-k6j,Billie Eilish - WILDFLOWER (COLORS Performance),Billie Eilish live performance,2026-05-02 05:30:42
UgxI-sBhcVNKpX9cX8p4AaABAg,210Uq0WmBDI,She sooo pretty🤩🤩,2025-11-27T19:16:28Z,1,0,UCqPzD0IPbTOLLkrrkwU4pUg,@Sszxhh,Billie Eilish - WILDFLOWER (COLORS Performance),Billie Eilish live performance,2026-05-02 05:30:42
Ugy1VbmjXheSm7kXus14AaABAg,210Uq0WmBDI,And you Style FRESH AF,2025-11-25T09:11:07Z,1,0,UCZ9LUkzp3hI52CH5Gf2ltDA,@Hollows7.18,Billie Eilish - WILDFLOWER (COLORS Performance),Billie Eilish live performance,2026-05-02 05:30:42
Ugxnecj8CMHvu9pMcTl4AaABAg,210Uq0WmBDI,"дякую!!!! неймовірно красиво ,  зворушливо!",2025-12-16T10:13:15Z,1,0,UC8XmdpBx-pLTw0l9Q145SMw,@InnaSmolii,Billie Eilish - WILDFLOWER (COLORS Performance),Billie Eilish live performance,2026-05-02 05:30:42
Ugy4-sOiqjH7KaT4vq14AaABAg,210Uq0WmBDI,💜💛🌈,2025-11-20T17:17:14Z,1,0,UCszvPYbbwFG5tkVjh7c_OZw,@1MiguelMiranda7Bmickey,Billie Eilish - WILDFLOWER (COLORS Performance),Billie Eilish live performance,2026-05-02 05:30:42
UgymOfEyE97H1Hn3SHx4AaABAg,210Uq0WmBDI,Grammy deserve this song❤.,2026-03-07T15:53:53Z,0,0,UCcvZ1abAWS5axNAVxn5uzjQ,@wowwow8302,Billie Eilish - WILDFLOWER (COLORS Performance),Billie Eilish live performance,2026-05-02 05:30:42
UgzCnlqfsRqN5u_i4EN4AaABAg,210Uq0WmBDI,One like = one hug from Billie,2025-11-14T07:10:11Z,1,0,UCRWaZuO8kLFMk6hAFJmrFvQ,@eipaing3646,Billie Eilish - WILDFLOWER (COLORS Performance),Billie Eilish live performance,2026-05-02 05:30:42
Ugy1qnhfguQaypJV8vh4AaABAg,210Uq0WmBDI,So beautiful song,2025-12-04T02:59:46Z,1,0,UCA_KeT-RbqpyzjIG0_L_i2Q,@rinaruziana4529,Billie Eilish - WILDFLOWER (COLORS Performance),Billie Eilish live performance,2026-05-02 05:30:42
Ugy3orYEnLRlIZmFqsV4AaABAg,210Uq0WmBDI,I lived this 👌 son,2025-11-21T16:09:15Z,2,0,UCaN-u1JjkSEPtaBaH1T7AwA,@ShaimaaElkade-y1r,Billie Eilish - WILDFLOWER (COLORS Performance),Billie Eilish live performance,2026-05-02 05:30:42
UgzaWvlLV49XYg5gymZ4AaABAg,210Uq0WmBDI,❤️❤️,2026-03-02T17:47:43Z,0,0,UCxHHMKK1Z2VoIUAW313xKkQ,@AbeerAlbaghli-i5u,Billie Eilish - WILDFLOWER (COLORS Performance),Billie Eilish live performance,2026-05-02 05:30:42
UgwQ4CmKIDY4yzS1AJd4AaABAg,210Uq0WmBDI,اعشقهاااا,2026-03-24T22:07:10Z,0,0,UCQaaQ8py7gu6Pj3On7jbekA,@queen-wh3cd,Billie Eilish - WILDFLOWER (COLORS Performance),Billie Eilish live performance,2026-05-02 05:30:42
UgycI1uY0gw2Hi619RR4AaABAg,210Uq0WmBDI,OMG HER VOICEE 😍😝,2025-11-23T10:45:56Z,2,0,UCjJSeNPVbkOvGd8UHFT2QSg,@ellathequeen10,Billie Eilish - WILDFLOWER (COLORS Performance),Billie Eilish live performance,2026-05-02 05:30:42
UgwkbXFrnOzVfEI9MfB4AaABAg,210Uq0WmBDI,❤,2026-02-14T20:36:38Z,0,0,UClyxxP-_5CRKSvJjWoOqWHw,@Julio1223,Billie Eilish - WILDFLOWER (COLORS Performance),Billie Eilish live performance,2026-05-02 05:30:42
Ugy-PmQ9kqnAKOyLT7F4AaABAg,210Uq0WmBDI,oh Billie 😢😢 I love you,2025-12-03T05:11:53Z,1,0,UC3AvRldm5oBMzVV-7_j5W7g,@munnchyy2x86,Billie Eilish - WILDFLOWER (COLORS Performance),Billie Eilish live performance,2026-05-02 05:30:42
UgxtGoaLYRan7yEHqXJ4AaABAg,210Uq0WmBDI,I love you girl ❤🎉😊,2025-11-30T07:35:52Z,2,0,UCDJpdsCjIfGcqErQMb3K9vg,@hussainalyami4300,Billie Eilish - WILDFLOWER (COLORS Performance),Billie Eilish live performance,2026-05-02 05:30:42
UgzSimH_ucC3852Nmsl4AaABAg,210Uq0WmBDI,השיר מדהים! 🤍🤍,2025-12-09T16:58:25Z,1,0,UC55X9Yj5gZkIcHB3mSaH-tQ,@Meme_Cc67,Billie Eilish - WILDFLOWER (COLORS Performance),Billie Eilish live performance,2026-05-02 05:30:42
UgyGJcc40Ge6pk0gd254AaABAg,210Uq0WmBDI,timeless classic,2026-03-22T07:07:50Z,0,0,UCazTqkjKHD8x8Ytj4h2zJIg,@eilizsxh,Billie Eilish - WILDFLOWER (COLORS Performance),Billie Eilish live performance,2026-05-02 05:30:42
Ugx_gdBPOpgQGx4QYLp4AaABAg,210Uq0WmBDI,❤😊,2026-02-28T21:32:57Z,1,0,UCD7-4RlBUW0SW9L-_uvRD9Q,@nicolasnascimento-i9p,Billie Eilish - WILDFLOWER (COLORS Performance),Billie Eilish live performance,2026-05-02 05:30:42
Ugwuh3renCoThILzAPt4AaABAg,210Uq0WmBDI,😭😭😭😭🥺🥺,2025-12-02T03:16:03Z,2,0,UCMPWG0Z35qcRIu70oluybew,@MateoGarcía-e6c,Billie Eilish - WILDFLOWER (COLORS Performance),Billie Eilish live performance,2026-05-02 05:30:42
UgyTN9IpxzffOgpW0dR4AaABAg,210Uq0WmBDI,❤,2026-02-11T03:56:03Z,0,0,UCpojPrHYFOrihifmRt7Adbw,@PhyoeWai-x7q,Billie Eilish - WILDFLOWER (COLORS Performance),Billie Eilish live performance,2026-05-02 05:30:42
Ugx0LSqb0FVdWvEPNBl4AaABAg,210Uq0WmBDI,ILove:-(,2025-11-28T06:43:02Z,1,0,UChxUvAzkJ7UFtyTHTct304Q,@جواناحمدالكويكبي,Billie Eilish - WILDFLOWER (COLORS Performance),Billie Eilish live performance,2026-05-02 05:30:42
UgxIlB-z_vP1hBqpuoB4AaABAg,210Uq0WmBDI,Omg I love😭,2025-11-28T18:53:56Z,2,0,UCDo8xS6W9_yXiamb4Ldg3NQ,@Hii88876,Billie Eilish - WILDFLOWER (COLORS Performance),Billie Eilish live performance,2026-05-02 05:30:42
UgwpE9t-QQpe5WYslI54AaABAg,210Uq0WmBDI,Дякую,2026-01-03T20:15:30Z,2,0,UCra2Sn66A-C_4nZJF5pF4vg,@OksanaTihnya,Billie Eilish - WILDFLOWER (COLORS Performance),Billie Eilish live performance,2026-05-02 05:30:42
Ugzl1H0HKZkBB-xB3UJ4AaABAg,210Uq0WmBDI,Love you❤,2025-12-26T10:46:21Z,1,0,UCKlmzDKp4mZTKVtcmi_YsRw,@RohimAja-n8b,Billie Eilish - WILDFLOWER (COLORS Performance),Billie Eilish live performance,2026-05-02 05:30:42
UgxvG-_AxuN97BxVC8h4AaABAg,210Uq0WmBDI,I love song Wildfllower ❤❤❤,2026-02-18T12:27:28Z,1,0,UCmG3ZZ5J5oWeo6ltrlMh4kQ,@Kakak_Iza,Billie Eilish - WILDFLOWER (COLORS Performance),Billie Eilish live performance,2026-05-02 05:30:42
UgzeQ6AZq8zx9eCEc4d4AaABAg,210Uq0WmBDI,"My brother admires you very much, supports you, and loves you very much.",2025-11-29T16:50:42Z,1,0,UCpc5z9RiSLataP-mBq8FcaA,@JagaaAnuka-e6t,Billie Eilish - WILDFLOWER (COLORS Performance),Billie Eilish live performance,2026-05-02 05:30:42
UgwKT80Yv4dvI2qKDyx4AaABAg,210Uq0WmBDI,هاي الاغنيه ادمان😩💋,2026-01-09T17:25:32Z,2,0,UCBLaxb7w4XAmbTQUqgcQg4w,@wis-egi,Billie Eilish - WILDFLOWER (COLORS Performance),Billie Eilish live performance,2026-05-02 05:30:42
UgxyGQWAeeVbF5Bynjl4AaABAg,210Uq0WmBDI,One of the best songs I’ve ever heard.,2026-02-11T02:56:06Z,0,0,UCJbl__LXRhiWCrOdjYCYyrQ,@GazanCondomCommittee,Billie Eilish - WILDFLOWER (COLORS Performance),Billie Eilish live performance,2026-05-02 05:30:42
UgzyirLz4x6yGEpEf6d4AaABAg,210Uq0WmBDI,Made my tear fall at work,2026-04-30T06:18:07Z,0,0,UCdcxyZMJAtANk1ah3KN-78g,@mahmoodshakir8306,Billie Eilish - WILDFLOWER (COLORS Performance),Billie Eilish live performance,2026-05-02 05:30:42
UgzSpde_Nmfjw0GSQUl4AaABAg,210Uq0WmBDI,I love you billie ailish,2025-11-07T20:16:18Z,1,0,UCjAjordwTyRQ_iXgSzh0v7A,@saitama_GG-q8t,Billie Eilish - WILDFLOWER (COLORS Performance),Billie Eilish live performance,2026-05-02 05:30:42
UgzOo6JXwjbxk5YhfOp4AaABAg,210Uq0WmBDI,incredible ❤❤,2025-12-01T16:10:51Z,1,0,UCLKrer-EbO9nT7h2kko9Cjw,@ye2e,Billie Eilish - WILDFLOWER (COLORS Performance),Billie Eilish live performance,2026-05-02 05:30:42
Ugxqr51luvVNztLSKCB4AaABAg,210Uq0WmBDI,I LOVE U SOO MUCH,2026-03-23T17:01:52Z,1,0,UCy0DX_IPyGCKpGgKwFUdM4A,@MoJo-b6k,Billie Eilish - WILDFLOWER (COLORS Performance),Billie Eilish live performance,2026-05-02 05:30:42
UgyImg0M64nKlpRyNDV4AaABAg,210Uq0WmBDI,I love you Billie this song is my situation,2026-02-20T22:32:15Z,2,0,UC-bQO2YEtC1pwGZ1VTCjnEQ,@federicotripi,Billie Eilish - WILDFLOWER (COLORS Performance),Billie Eilish live performance,2026-05-02 05:30:42
UgwOSumET8c2_lVckAp4AaABAg,210Uq0WmBDI,Que hermosa vozzzz,2026-03-03T16:42:30Z,1,0,UCv04INbtZkAHY2JfUwv-tRA,@FernandoCastillo-sz6mc,Billie Eilish - WILDFLOWER (COLORS Performance),Billie Eilish live performance,2026-05-02 05:30:42
UgzfXOr2RBU3C6Ro5cJ4AaABAg,210Uq0WmBDI,Cool cool,2026-03-13T07:35:31Z,1,0,UCD2PnjCITtttSBulWZLKLmw,@MilesArden,Billie Eilish - WILDFLOWER (COLORS Performance),Billie Eilish live performance,2026-05-02 05:30:42
UgwgmdjGXgl85fWJDSN4AaABAg,210Uq0WmBDI,ماشاءالله ❤,2026-01-02T15:15:24Z,1,0,UChlUEcFOfOtS3pCyuAL6Rug,@FHUdhehy1234,Billie Eilish - WILDFLOWER (COLORS Performance),Billie Eilish live performance,2026-05-02 05:30:42
UgzOQj40yr3JnfkT0xp4AaABAg,210Uq0WmBDI,Beautiful! But dont take seconds!!,2025-11-29T03:42:40Z,2,0,UClWxD9u31Us5f5JAu8u6d2w,@AAA-wb5xz,Billie Eilish - WILDFLOWER (COLORS Performance),Billie Eilish live performance,2026-05-02 05:30:42
Ugx-Aso2go_CY5i3pjB4AaABAg,210Uq0WmBDI,Billieeilish ❤❤,2025-11-05T12:50:51Z,1,0,UCDhSpj7OItxTwUaSLuRjNBw,@starlingmo,Billie Eilish - WILDFLOWER (COLORS Performance),Billie Eilish live performance,2026-05-02 05:30:42
UgxxDk6VPHA9VD3JlhF4AaABAg,210Uq0WmBDI,I LOVE BILLI  EILISH FAN NUBER 1,2026-02-10T20:05:02Z,1,0,UCxjD4Cc6E9zPV4itoeFChZg,@rociotapia319,Billie Eilish - WILDFLOWER (COLORS Performance),Billie Eilish live performance,2026-05-02 05:30:42
UgxC8WHxBaKNOGRhcgp4AaABAg,210Uq0WmBDI,Grammy deserve this song❤.,2026-03-07T15:53:15Z,0,0,UCcvZ1abAWS5axNAVxn5uzjQ,@wowwow8302,Billie Eilish - WILDFLOWER (COLORS Performance),Billie Eilish live performance,2026-05-02 05:30:42
UgwEw_AFpplBJA6Fq8l4AaABAg,210Uq0WmBDI,بيلي احبچ وعشقچ ❤❤❤❤,2026-02-01T09:05:33Z,1,0,UCLOYqI-yICALnCUFOqvYbXg,@Huio-e2t2yidfjffjiffgitir3,Billie Eilish - WILDFLOWER (COLORS Performance),Billie Eilish live performance,2026-05-02 05:30:42
UgxIkz5pxPil1JRnIVx4AaABAg,210Uq0WmBDI,Yes😊❤🎉,2025-11-12T20:13:48Z,1,0,UCvDDT7cWeJRMbVVjfZq6ZXQ,@aminromero2125,Billie Eilish - WILDFLOWER (COLORS Performance),Billie Eilish live performance,2026-05-02 05:30:42
UgwxSsP4ySX9SyJjCBt4AaABAg,210Uq0WmBDI,"Congratulations on the Grammy , You are  a best sound❤❤",2026-02-23T16:19:51Z,1,0,UCCnFafWuzxL_yEvEl4mJ1qg,@khalil2014-m8s,Billie Eilish - WILDFLOWER (COLORS Performance),Billie Eilish live performance,2026-05-02 05:30:42
UgzppMY5J2VV7d1t6C94AaABAg,210Uq0WmBDI,🔥🔥🔥ART,2025-11-20T03:08:01Z,1,0,UCmPzOT3nDrA185OMGTVjUWw,@benjenkons7451,Billie Eilish - WILDFLOWER (COLORS Performance),Billie Eilish live performance,2026-05-02 05:30:42
Ugz8Aks2QQuY35CBeY54AaABAg,210Uq0WmBDI,When you fly in the sky 🕊💜,2026-02-10T01:12:50Z,0,0,UCN1YtB0N7YIzdv8ffOMud6w,@tika.LeoMessi,Billie Eilish - WILDFLOWER (COLORS Performance),Billie Eilish live performance,2026-05-02 05:30:42
UgyzKcdGXqAxv1YJec54AaABAg,210Uq0WmBDI,"Give to her , her damn flowers ❤",2025-11-12T10:07:42Z,1,0,UCU5K9qmRSnuRtgZOhWVmJyQ,@RezinStories-x,Billie Eilish - WILDFLOWER (COLORS Performance),Billie Eilish live performance,2026-05-02 05:30:42
UgzqMkgHNY5UU9wHghl4AaABAg,210Uq0WmBDI,Amazing!🌸,2025-11-25T01:47:14Z,1,0,UCH42C9o_hWHaihA-BZ1BiAA,@LANCASTER_33,Billie Eilish - WILDFLOWER (COLORS Performance),Billie Eilish live performance,2026-05-02 05:30:42
Ugwn84OnR-RW41DwrJx4AaABAg,210Uq0WmBDI,Her voice. ❤❤❤,2025-12-05T18:02:30Z,0,0,UCi00T4xCtbP4w5rDiGBAVoQ,@marchionlewis8384,Billie Eilish - WILDFLOWER (COLORS Performance),Billie Eilish live performance,2026-05-02 05:30:42
UgwISG8aVtqaczglsZl4AaABAg,210Uq0WmBDI,Beautiful,2025-12-20T05:03:27Z,0,0,UCTG3MDUXwC0P-Ct-80rqCyQ,@LisaDonaldson246,Billie Eilish - WILDFLOWER (COLORS Performance),Billie Eilish live performance,2026-05-02 05:30:42
UgwLf1EuX7f15AlP9QF4AaABAg,210Uq0WmBDI,I miss old Billie Eilish 😢,2026-02-08T10:32:05Z,1,0,UCO2KmAKmNy8Q_g65Q3vEgcw,@berry-i9q,Billie Eilish - WILDFLOWER (COLORS Performance),Billie Eilish live performance,2026-05-02 05:30:42
UgyJVlZHU7ZnNHpbPOZ4AaABAg,210Uq0WmBDI,grammy winner😍😍,2026-02-02T19:17:50Z,0,0,UCF1ySzW3P7YMD7BWk7d1FaA,@eımanin,Billie Eilish - WILDFLOWER (COLORS Performance),Billie Eilish live performance,2026-05-02 05:30:42
Ugww7haq0cqvbpz3X_x4AaABAg,210Uq0WmBDI,The perfect song😭💕,2025-11-07T12:11:14Z,0,0,UCtmZVwA8By-Im2YUnKqTakQ,@LiibaanDooyow,Billie Eilish - WILDFLOWER (COLORS Performance),Billie Eilish live performance,2026-05-02 05:30:42
UgxJoqLnpgUGGUNnHW14AaABAg,210Uq0WmBDI,I miss me 💔,2026-04-23T08:57:17Z,1,0,UC75Z79O3EE8IWcD8yYhThcw,@YazidiBadiaa,Billie Eilish - WILDFLOWER (COLORS Performance),Billie Eilish live performance,2026-05-02 05:30:42
Ugw1cDAuy8mJ_g-EKLd4AaABAg,210Uq0WmBDI,Thank you with standing up with Palastine ❤ love from Bangladesh 🇧🇩,2025-11-20T01:09:42Z,2,0,UCFHTVI7C4i6_xZWFhzjQsLg,@MstShahidaKhatun-n1r,Billie Eilish - WILDFLOWER (COLORS Performance),Billie Eilish live performance,2026-05-02 05:30:42
UgxDvZsgR-_jHkCbfyl4AaABAg,210Uq0WmBDI,"I love this 🎵 ,",2025-11-13T08:20:36Z,1,0,UCAkKqgF9TUDBPGgBjvbFJTw,@BenjaminAnsah-t7o,Billie Eilish - WILDFLOWER (COLORS Performance),Billie Eilish live performance,2026-05-02 05:30:42
UgykO3gvEt_BcxRmGIt4AaABAg,210Uq0WmBDI,It is heaven ❤💕🥹✨️,2026-03-10T19:32:06Z,1,0,UCvRKU80Gbt7fnlxpxHoF_KA,@Ashutosh8840-AP,Billie Eilish - WILDFLOWER (COLORS Performance),Billie Eilish live performance,2026-05-02 05:30:42
Ugykagc1jLnkc1D3BDl4AaABAg,210Uq0WmBDI,So that&#39;s how broken hearts sounds like 💔💔,2025-11-07T07:57:37Z,1,0,UCKvy-E3LvI_8A3821stk4UA,@thecinephileoo7,Billie Eilish - WILDFLOWER (COLORS Performance),Billie Eilish live performance,2026-05-02 05:30:42
Ugz4-wy0EOfjTiyQv5F4AaABAg,210Uq0WmBDI,😢❤,2026-01-07T16:25:26Z,1,0,UCs3nJo1b7sYymw94CTnAKhQ,@حسون-ز5ع,Billie Eilish - WILDFLOWER (COLORS Performance),Billie Eilish live performance,2026-05-02 05:30:42
Ugxvrn9T2gIG2fj0QMB4AaABAg,210Uq0WmBDI,i will die on a hill and say this is better than the amazon version istg,2025-12-01T07:04:21Z,1,0,UCjiGwWrN9b3H_Ja9c-zhvXA,@alejandrogomez3119,Billie Eilish - WILDFLOWER (COLORS Performance),Billie Eilish live performance,2026-05-02 05:30:42
UgyRURrxq6ui-_xJbRp4AaABAg,210Uq0WmBDI,"❤❤❤❤❤😭🥺She&#39;s my absolute favorite singer, in looks, voice, and personality. I adore her so much. I love you, Billie Eilish.",2026-02-07T15:17:00Z,2,0,UCur7aBkoo8WzjciKHuK4gPw,@Douni_storm,Billie Eilish - WILDFLOWER (COLORS Performance),Billie Eilish live performance,2026-05-02 05:30:42
UgwrZHP_5ZgGAOkseM94AaABAg,210Uq0WmBDI,"I love in the song., 😞💗.",2025-11-21T14:58:06Z,1,0,UCYok6kDjT4torFknbl9isLQ,@ننه1س4,Billie Eilish - WILDFLOWER (COLORS Performance),Billie Eilish live performance,2026-05-02 05:30:42
Ugz277oiuR1pngNFhUh4AaABAg,210Uq0WmBDI,Tem pessoas com vozes mesmo inspirada e destacada,2026-04-03T17:28:26Z,1,0,UCijmprZV9BVopwwg2ot-MlQ,@vick4870-r1h,Billie Eilish - WILDFLOWER (COLORS Performance),Billie Eilish live performance,2026-05-02 05:30:42
UgxGFZ0mWgomfSDj60d4AaABAg,210Uq0WmBDI,The song Hits differently everything damn time I play it,2025-11-28T08:17:47Z,1,0,UCH9h8XqujELogcCNhS0NAcA,@JohnsonAlexis-r4d,Billie Eilish - WILDFLOWER (COLORS Performance),Billie Eilish live performance,2026-05-02 05:30:42
UgxbrEsxsk6K-9OUfzh4AaABAg,210Uq0WmBDI,WHOS HERE AFTER SHE GOT NOMINATED FOR 2 GRAMMYS!!,2025-11-07T16:30:06Z,2,1,UCZF9VDSoHiMbS1FphZO5n7w,@kop9726,Billie Eilish - WILDFLOWER (COLORS Performance),Billie Eilish live performance,2026-05-02 05:30:42
Ugz71M173U5t_S3bAdh4AaABAg,210Uq0WmBDI,Beautiful!!,2025-11-03T02:40:22Z,0,0,UCmSlrcUouMF9cx5Ya0Lwi_w,@carmencanoperez7840,Billie Eilish - WILDFLOWER (COLORS Performance),Billie Eilish live performance,2026-05-02 05:30:42
UgzSYJrw_7xB4fR1_1d4AaABAg,210Uq0WmBDI,Bless you,2025-12-08T18:08:21Z,1,0,UCvV3iOlr7l2ienMoyxZVofw,@king420zom,Billie Eilish - WILDFLOWER (COLORS Performance),Billie Eilish live performance,2026-05-02 05:30:42
UgwWGsygJKgG1R-XTLB4AaABAg,210Uq0WmBDI,She is the best in generation z. 👏🏼👏🏼👏🏼👏🏼👏🏼,2026-01-18T13:21:21Z,1,0,UCHU8GGbMg_ffA0C0Z3uTOYQ,@marcusaurelio81,Billie Eilish - WILDFLOWER (COLORS Performance),Billie Eilish live performance,2026-05-02 05:30:42
Ugw6X8ebC6B49O6T9Vl4AaABAg,210Uq0WmBDI,How does she keep getting better I don’t fkn get it 😭🙌🏻,2025-12-09T18:25:16Z,2,0,UCvPV0XqIRH73LQ5QsV84ugg,@ChelseaMFSkylar,Billie Eilish - WILDFLOWER (COLORS Performance),Billie Eilish live performance,2026-05-02 05:30:42
Ugyzul0-svhf9LIZkvh4AaABAg,210Uq0WmBDI,Me tocó el alma la música 🎼,2025-11-07T03:25:38Z,1,0,UCwDduM_lMGy_QSVRYsXsDWw,@miraie4209,Billie Eilish - WILDFLOWER (COLORS Performance),Billie Eilish live performance,2026-05-02 05:30:42
UgwnwHtBJi04ABbG8xl4AaABAg,210Uq0WmBDI,This music changed my life.,2026-04-22T09:15:35Z,0,0,UCFD1fYTHyBybbFHsiHcibmg,@Sadecemars,Billie Eilish - WILDFLOWER (COLORS Performance),Billie Eilish live performance,2026-05-02 05:30:42
UgydaUVqSW76r2LulP94AaABAg,210Uq0WmBDI,She is one in a million...,2025-10-30T22:03:00Z,0,0,UC2YawYW5gBBfJDL56hs1WYQ,@resqman186,Billie Eilish - WILDFLOWER (COLORS Performance),Billie Eilish live performance,2026-05-02 05:30:42
UgxscNGfbu6gJQayQUB4AaABAg,210Uq0WmBDI,Well you deserve the Grammy and more Billie I just wish I can met you one day❤,2026-03-05T17:50:34Z,1,0,UClUEK6aA9ednv-cnkRQ1d8g,@ephraimefiok,Billie Eilish - WILDFLOWER (COLORS Performance),Billie Eilish live performance,2026-05-02 05:30:42
UgyQr4fas7jZVBj6CdZ4AaABAg,210Uq0WmBDI,She has one of the (if not most) beautiful voices I have have ever heard.....,2026-02-16T05:18:55Z,0,0,UCBCvAMKZW2x4Cg5MRbLWFrw,@erichooper247,Billie Eilish - WILDFLOWER (COLORS Performance),Billie Eilish live performance,2026-05-02 05:30:42
UgwS61mitv5DFwfwy4F4AaABAg,210Uq0WmBDI,Can watch this more times then any Halftime show 🔥,2026-03-01T16:06:36Z,0,0,UCHms_q4-RvWnTb4gthtLh5g,@SupRelly,Billie Eilish - WILDFLOWER (COLORS Performance),Billie Eilish live performance,2026-05-02 05:30:42
UgxL3WvxUW55R3Bm9IN4AaABAg,210Uq0WmBDI,Shes perfection ❤,2025-11-08T14:10:29Z,1,0,UC33BoV4za3KGQAcgIYh7Gvg,@Itsyowboiiiiiiiuu,Billie Eilish - WILDFLOWER (COLORS Performance),Billie Eilish live performance,2026-05-02 05:30:42
UgxLnn34sXXcualotqJ4AaABAg,210Uq0WmBDI,I love you so Mach billie♥️♥️♥️💋💋💋💋,2025-11-20T19:54:29Z,2,0,UCLDYkx6uAbTiira4gPaT3PQ,@EvaStepanyan-o4p,Billie Eilish - WILDFLOWER (COLORS Performance),Billie Eilish live performance,2026-05-02 05:30:42
Ugz3p9sZxeWexAdWLIJ4AaABAg,210Uq0WmBDI,I got goosebumps listening to this.,2026-03-25T16:29:40Z,0,0,UCpIOkL5IyZhheAYRWRKohjA,@sandral8318,Billie Eilish - WILDFLOWER (COLORS Performance),Billie Eilish live performance,2026-05-02 05:30:42
UgxC1LpZMLR4_vl8AXl4AaABAg,210Uq0WmBDI,"Whoever is reading this comment, I wish you success, health, love and happiness",2026-02-02T11:57:52Z,0,0,UCKDPo7CTNsE4Bt__uBS1qqA,@SoftIndieMemories,Billie Eilish - WILDFLOWER (COLORS Performance),Billie Eilish live performance,2026-05-02 05:30:42
UgxbJSOydHH-t1ffar94AaABAg,210Uq0WmBDI,Billie love💘,2026-03-11T22:13:20Z,0,0,UC1LoyrtoQvpFYz9mJ-Vfg4w,@TavaresSousadelgada,Billie Eilish - WILDFLOWER (COLORS Performance),Billie Eilish live performance,2026-05-02 05:30:42
UgxP1-m2qYUT5_fr3d14AaABAg,210Uq0WmBDI,Love the song keep going,2026-02-11T14:18:00Z,0,0,UC3u1nUAjdh48y8VRuGu3lxA,@بغدادالسلام-و4ذ,Billie Eilish - WILDFLOWER (COLORS Performance),Billie Eilish live performance,2026-05-02 05:30:42
UgysYZBpDqMlGx9ZOnp4AaABAg,210Uq0WmBDI,😢😢😢❤,2025-12-30T11:50:06Z,1,0,UCCbo8HWOT2fj7WuIOhhuYFQ,@MuxlisaNematova-zs7wn,Billie Eilish - WILDFLOWER (COLORS Performance),Billie Eilish live performance,2026-05-02 05:30:42
UgwPfgknQhDh5XSqM154AaABAg,210Uq0WmBDI,Who else is watching this on Valentine&#39;s day?,2026-02-14T17:41:39Z,1,0,UCGWfcx7MYuGcDg1a9FVjS6g,@PhantomFoxFunky,Billie Eilish - WILDFLOWER (COLORS Performance),Billie Eilish live performance,2026-05-02 05:30:42
UgxgMpfjC74fozWS7j14AaABAg,210Uq0WmBDI,"You have no competition billie, your music is so unique. So much love, from India!",2026-04-26T07:33:01Z,1,0,UC1tzkxQDo9twtIaLFfgb5ZQ,@Ordinarylover,Billie Eilish - WILDFLOWER (COLORS Performance),Billie Eilish live performance,2026-05-02 05:30:42
UgwcmCLyiN-mbOM459t4AaABAg,210Uq0WmBDI,Amazing,2026-03-25T18:09:43Z,1,0,UCLKWxgUlkh_nvWMiuNEnZSw,@oconell-b23,Billie Eilish - WILDFLOWER (COLORS Performance),Billie Eilish live performance,2026-05-02 05:30:42
UgwEkGaOn3Z8JF1F1PV4AaABAg,210Uq0WmBDI,Te amo otra mitad soy lid,2026-04-03T03:23:04Z,1,0,UCEoFnXZeOco1UlpOsrh7Hkg,@monisalazar987,Billie Eilish - WILDFLOWER (COLORS Performance),Billie Eilish live performance,2026-05-02 05:30:42
UgwYJSC271Ha6pwITS54AaABAg,210Uq0WmBDI,LOVE YOU,2026-03-17T15:07:03Z,0,0,UCdEHMmQtGf8rA96A6w1r1og,@astriatmamardani472,Billie Eilish - WILDFLOWER (COLORS Performance),Billie Eilish live performance,2026-05-02 05:30:42
UgwYGB7WpkfysAYxcTB4AaABAg,210Uq0WmBDI,I&#39;m so so happy for you,2025-12-17T23:02:59Z,0,0,UCldDzhrxnSEHVnw2UfAOdsw,@meryamkorchy9194,Billie Eilish - WILDFLOWER (COLORS Performance),Billie Eilish live performance,2026-05-02 05:30:42
UgxIitJYt-YczJaHf2l4AaABAg,210Uq0WmBDI,Nice to to listen to when you do homework.,2026-02-24T13:52:29Z,0,0,UCUJkcJ8EMsiLCgixgez1Ssw,@LilleBlomster,Billie Eilish - WILDFLOWER (COLORS Performance),Billie Eilish live performance,2026-05-02 05:30:42
Ugz00EC79MyUJP_YJmZ4AaABAg,210Uq0WmBDI,Voice of heaven ❤,2026-02-05T17:38:35Z,1,0,UCSPNikpPUtWliCjMjkMnYxg,@Azam-g4m3g,Billie Eilish - WILDFLOWER (COLORS Performance),Billie Eilish live performance,2026-05-02 05:30:42
UgzfuXTJrhYrMhUvTh14AaABAg,210Uq0WmBDI,Beautiful 💙,2025-12-18T17:34:48Z,0,0,UCmY4jp0Z8fN9mLwBpaYYwLg,@rhiannondonovan9876,Billie Eilish - WILDFLOWER (COLORS Performance),Billie Eilish live performance,2026-05-02 05:30:42
UgwNlqGK8VRo2A3mWx14AaABAg,210Uq0WmBDI,My mum said she dosnt like you and now I’m crying,2025-10-27T14:08:11Z,1,0,UC1-iW1S1FF4tC-f5wRdHyyw,@Lilybillieeilishlover,Billie Eilish - WILDFLOWER (COLORS Performance),Billie Eilish live performance,2026-05-02 05:30:42
UgwpmzLyZSWb058H2sh4AaABAg,210Uq0WmBDI,Grammy deserve this song❤.,2026-03-07T15:53:53Z,0,0,UCcvZ1abAWS5axNAVxn5uzjQ,@wowwow8302,Billie Eilish - WILDFLOWER (COLORS Performance),Billie Eilish live performance,2026-05-02 05:30:42
Ugx9W2sr0zqaepnmJc54AaABAg,210Uq0WmBDI,❤❤❤❤❤,2025-11-26T17:11:44Z,0,0,UCwWnKYoyK79E9zPaJyo0KEw,@ROHAMYX,Billie Eilish - WILDFLOWER (COLORS Performance),Billie Eilish live performance,2026-05-02 05:30:42
UgxlWN7I5CxvEdIgTVZ4AaABAg,210Uq0WmBDI,❤❤❤,2026-03-19T01:35:24Z,0,0,UC1o6A7ImKlYYn0-yg05J3_A,@TanishaWrlls,Billie Eilish - WILDFLOWER (COLORS Performance),Billie Eilish live performance,2026-05-02 05:30:42
Ugwb-44O-mvlz9yGpDt4AaABAg,210Uq0WmBDI,❤,2026-02-17T01:58:16Z,0,0,UCRu0iX6Cx7hkSPYa-5zvUrg,@AgustinMalvasio-c7q,Billie Eilish - WILDFLOWER (COLORS Performance),Billie Eilish live performance,2026-05-02 05:30:42
UgzUh-dkpucX-7EnA-h4AaABAg,210Uq0WmBDI,❤❤❤❤❤,2026-03-25T20:30:14Z,1,0,UCWUl9mRTOAHxM5WqH6KeQhQ,@JackleneOliveiraSouza,Billie Eilish - WILDFLOWER (COLORS Performance),Billie Eilish live performance,2026-05-02 05:30:42
Ugx-wwb5ZgZLUMetjzJ4AaABAg,210Uq0WmBDI,i love your music Billie it makes me smile even when i&#39;m about to cry,2025-11-18T04:18:07Z,2,1,UCLsXeEQc_uPDP8TlXdE5CNA,@nicholastrathen5750,Billie Eilish - WILDFLOWER (COLORS Performance),Billie Eilish live performance,2026-05-02 05:30:42
Ugw5Y4YLupuugWQ_Ggp4AaABAg,210Uq0WmBDI,🔥🐐🤞,2026-04-13T17:31:41Z,0,0,UCeiOGp6tHWLE16txk7dSaEA,@Riichomar,Billie Eilish - WILDFLOWER (COLORS Performance),Billie Eilish live performance,2026-05-02 05:30:42
Ugwo_gPcQlHxyEm420J4AaABAg,210Uq0WmBDI,La canción es muy hermosa debería llevarse un premio,2025-11-10T18:33:02Z,1,0,UCZJq60yGe5olGXi_A0Dtf4w,@lamarm0ta,Billie Eilish - WILDFLOWER (COLORS Performance),Billie Eilish live performance,2026-05-02 05:30:42
Ugz2xmuk_fHak5ZhxLJ4AaABAg,210Uq0WmBDI,❤,2026-02-04T07:13:25Z,0,0,UC4pacHbz12DJiiHILtFM2YQ,@Thenameisaman1,Billie Eilish - WILDFLOWER (COLORS Performance),Billie Eilish live performance,2026-05-02 05:30:42
UgxlowDS-xtirXUfPx94AaABAg,210Uq0WmBDI,Todo fain,2025-11-20T17:17:57Z,1,0,UCszvPYbbwFG5tkVjh7c_OZw,@1MiguelMiranda7Bmickey,Billie Eilish - WILDFLOWER (COLORS Performance),Billie Eilish live performance,2026-05-02 05:30:42
UgxCnW8QEdPb0djkrgF4AaABAg,210Uq0WmBDI,"As a Music Producer and Arranger, witnessing this performance of &#39;WILDFLOWER&#39; feels like a masterclass in sonic restraint. Billie Eilish and Finneas have mastered the &#39;Less is More&#39; philosophy, but here, the intimacy reaches a new dimension. From an engineering perspective, the vocal chain is impeccably clean, allowing the micro-details of her whispering transients to sit perfectly above the acoustic foundation.<br><br>​The harmonic progression in &#39;WILDFLOWER&#39; is deceptively simple, yet the emotional resonance is achieved through subtle dynamic shifts—what we call &#39;The Breathing Mix.&#39; However, as someone who works extensively with instrumental fusion and piano arrangements, I see a missed opportunity for a more &#39;organic&#39; build-up. The transition from the melancholic verses to the atmospheric climax could have been elevated by a haunting cello or a prepared piano layer to ground the digital airiness.<br><br>​It’s a bold, vulnerable performance that proves Billie doesn&#39;t need a massive production to dominate the room. Her timing and phrasing remain some of the most unique in the modern industry.<br><br><br>I believe this masterpiece can be re-imagined with a completely different soul. If this comment receives 1,000 likes and 100 replies, I will produce and release my own professional arrangement of &#39;WILDFLOWER,&#39; blending this iconic vibe with my unique instrumental touch and a fusion you’ve never heard before. Let’s see if the community wants to hear this transformation!",2026-04-29T16:24:36Z,1,0,UCzxD4WjW_cWVFzNj2l8oh9w,@mr.aimanali,Billie Eilish - WILDFLOWER (COLORS Performance),Billie Eilish live performance,2026-05-02 05:30:42
UgyB2LU-J8Hr5-QhrPx4AaABAg,210Uq0WmBDI,"Yah,,It&#39;s the grammy song dude it&#39;s perfect!",2026-02-04T21:52:07Z,1,0,UClzJMD63lnerQ6WmGFQAt2w,@Hu.-.in313,Billie Eilish - WILDFLOWER (COLORS Performance),Billie Eilish live performance,2026-05-02 05:30:42
Ugzpd985KsZDOPdlJZ94AaABAg,210Uq0WmBDI,i love you and your voice so so much,2025-11-13T21:39:23Z,0,0,UC0xPUDaZr42gjUr3AWXrrMA,@nour_007,Billie Eilish - WILDFLOWER (COLORS Performance),Billie Eilish live performance,2026-05-02 05:30:42
Ugx9tH5nX5HkmGsDRbB4AaABAg,210Uq0WmBDI,Anyone else watching this a week before Valentines day?,2026-02-07T21:18:30Z,0,0,UCGWfcx7MYuGcDg1a9FVjS6g,@PhantomFoxFunky,Billie Eilish - WILDFLOWER (COLORS Performance),Billie Eilish live performance,2026-05-02 05:30:42
UgyK2BzfTt08PosjZi54AaABAg,210Uq0WmBDI,Absolutely stunning,2025-12-04T21:29:42Z,0,0,UCIgPYTudXYbC2VS1pkOZOCw,@adelebarwick1143,Billie Eilish - WILDFLOWER (COLORS Performance),Billie Eilish live performance,2026-05-02 05:30:42
UgyHP0peDRaJpPT2v9p4AaABAg,210Uq0WmBDI,If people actually think this is her singing live and not pre recorded…. You’re done.,2025-11-20T09:05:54Z,1,0,UC1EdMNrOtVwZRV51q057WTg,@kendal-1287,Billie Eilish - WILDFLOWER (COLORS Performance),Billie Eilish live performance,2026-05-02 05:30:42
UgzWU43xCsnK6CeORE14AaABAg,210Uq0WmBDI,"<a href=""https://www.youtube.com/watch?v=210Uq0WmBDI"">0:00</a> ya es un temazo ❤❤❤❤❤🎉🎉🎉🎉🎉",2026-03-27T02:44:16Z,1,0,UCJIxB0hMiaEK0-_c9o-MkMg,@eldiariodeangeluu1505,Billie Eilish - WILDFLOWER (COLORS Performance),Billie Eilish live performance,2026-05-02 05:30:42
Ugwan8GMWIngvpX5XWZ4AaABAg,210Uq0WmBDI,This song is a parodox......to be  guilty of betrayal....and to be the  betrayed....beautiful song....menage of betrayal and regret,2026-02-06T20:38:47Z,0,0,UCg5ZIBwGwyWzrv_ktUkg4Fw,@VonMcGaha,Billie Eilish - WILDFLOWER (COLORS Performance),Billie Eilish live performance,2026-05-02 05:30:42
UgzZO7G849f9C75VGTx4AaABAg,210Uq0WmBDI,I&#39;m     your       Bigs   fan,2025-12-01T12:18:27Z,1,0,UCo80nSkhtcPtNOo-0l8P-tw,@TamrynJonathan,Billie Eilish - WILDFLOWER (COLORS Performance),Billie Eilish live performance,2026-05-02 05:30:42
UgwxKBsCmJt2pWlLTbN4AaABAg,210Uq0WmBDI,"I can’t even put into words how she makes me feel every time I listen to her. Literally, her music has helped me heal some trauma ❤️‍🩹. The fact that she is so true to herself allows everyone to connect on such a deep and intimate level… She&#39;s just THE GREATEST 🥀 Love you Billie 🫶",2025-11-29T15:00:54Z,2,0,UCYo2TOSDFDvtRz_d93C2QMw,@DavidUrquijo1,Billie Eilish - WILDFLOWER (COLORS Performance),Billie Eilish live performance,2026-05-02 05:30:42
UgwMf1g-7L1QvwtQ_nt4AaABAg,210Uq0WmBDI,After the song ended the next track pop in my head. &quot;I&#39;m trying my best.............to keep you satisfied.........let you get your rest.........&quot;,2026-01-12T08:28:43Z,1,0,UCd1SMw2uo_fwSGBaX6tRVHQ,@hueyfreeman7010,Billie Eilish - WILDFLOWER (COLORS Performance),Billie Eilish live performance,2026-05-02 05:30:42
UgzQVBBQzxDnyaPGght4AaABAg,210Uq0WmBDI,❤,2026-01-17T01:56:02Z,1,0,UCssC_-EZhoY7XvjHFQmYF4Q,@funpanromeditz,Billie Eilish - WILDFLOWER (COLORS Performance),Billie Eilish live performance,2026-05-02 05:30:42
UgwJUOuWnfJZxsJkdO94AaABAg,210Uq0WmBDI,"I walk and listen to this song, the rain is falling, I look at the sky and remember the last time I heard it",2025-11-09T18:43:27Z,0,0,UCRcFn26rJM6va325GxfC0EQ,@TtBb-u2w,Billie Eilish - WILDFLOWER (COLORS Performance),Billie Eilish live performance,2026-05-02 05:30:42
UgzO4_t5Axs_zoHUq3N4AaABAg,210Uq0WmBDI,WOO ILY BILLIE,2025-11-07T23:38:18Z,0,0,UCQXXME_wJvXV4OFzXyHpmog,@SofiaThesoap-h8m,Billie Eilish - WILDFLOWER (COLORS Performance),Billie Eilish live performance,2026-05-02 05:30:42
UgzT0chq35EoiFheIr54AaABAg,210Uq0WmBDI,Love from Meghalaya ❤️😍😍,2026-01-20T01:12:29Z,1,0,UCENe57kK1zdiXPAVdpm8FNg,@SainikMomin-kb6fw,Billie Eilish - WILDFLOWER (COLORS Performance),Billie Eilish live performance,2026-05-02 05:30:42
UgybMkr9QE4aH-AfmSd4AaABAg,210Uq0WmBDI,Beautiful lady and my love,2025-10-27T19:03:16Z,0,0,UCwWnKPh1wBkO7U_Z1_aB6wg,@CoreAlbright,Billie Eilish - WILDFLOWER (COLORS Performance),Billie Eilish live performance,2026-05-02 05:30:42
Ugw5HLp9p_hQQj7Ibxd4AaABAg,210Uq0WmBDI,wallah ani bihubk wabimawt fiki ❤️❤️❤️❤️❤️,2025-11-07T10:53:39Z,0,0,UCJn4f4NqWO28IWWT4MALNiw,@وسيمقارصلي-ط5ي,Billie Eilish - WILDFLOWER (COLORS Performance),Billie Eilish live performance,2026-05-02 05:30:42
Ugw2aCXNSKuAOkn6PGl4AaABAg,210Uq0WmBDI,بیلی❤,2025-11-05T12:50:38Z,0,0,UCDhSpj7OItxTwUaSLuRjNBw,@starlingmo,Billie Eilish - WILDFLOWER (COLORS Performance),Billie Eilish live performance,2026-05-02 05:30:42
Ugwxf6cWimfeQerhM2p4AaABAg,210Uq0WmBDI,ilove you❤🎉,2025-11-13T17:56:37Z,0,0,UCgGqNM-4zXPtUaMOfrQ2IKQ,@DiegoNsingani,Billie Eilish - WILDFLOWER (COLORS Performance),Billie Eilish live performance,2026-05-02 05:30:42
